created_at,text,userMentionEntitiesArray,hashtagEntitiesArray,clean_text,original_length,cleaned_length,word_count
2022-02-23 19:38:33,@NicolettaC913 Ma per me li tutti leggono Twitter cioè ci leggono ma non dovrebbe succedere .troppe cose che sanno che noi scriviamo qui.e sicuramente anche Lulù sa del casino che abbiamo creato per ieri notte oggi era troppo giù #jeru,['NicolettaC913'],['jeru'],Ma per me li tutti leggono Twitter cioè ci leggono ma non dovrebbe succedere .troppe cose che sanno che noi scriviamo qui.e sicuramente anche Lulù sa del casino che abbiamo creato per ieri notte oggi era troppo giù jeru,235,219,39
2022-02-24 22:09:21,"RT @glisteninIights: comunque le princesses sono veramente la mia vita, in un blocco le vogliono mettere contro e in quello subito dopo asf…",['glisteninIights'],[]," comunque le princesses sono veramente la mia vita, in un blocco le vogliono mettere contro e in quello subito dopo asf…",140,120,21
2022-02-25 02:40:39,"SOTTONE LUI🥰

 #jeru",[],['jeru'],SOTTONE LUI🥰 jeru,20,17,3
2022-02-24 22:13:27,@lindaromanoff amo ma è fighissimo no,['lindaromanoff'],[],amo ma è fighissimo no,37,22,5
2022-02-23 18:10:11,"@_anamorfosi_ 😂 Sarà insieme al mio!!!
Scherzo ma troppo, e ti auguro che stia per arrivare da te ❤️",['_anamorfosi_'],[],"😂 Sarà insieme al mio!!! Scherzo ma troppo, e ti auguro che stia per arrivare da te ❤️",100,86,18
2022-02-24 08:20:03,RT @mgmaglie: L'obbligo vaccinale #over50 non avrebbe mai dovuto essere pensato da un governo anche solo vagamente ispirato a principi di d…,['mgmaglie'],['over50'], L'obbligo vaccinale over50 non avrebbe mai dovuto essere pensato da un governo anche solo vagamente ispirato a principi di d…,140,126,20
2022-02-23 20:34:03,"@sscnapoli Comunque non è la grafica che a me piace, è il pullman che è strano…un vorrei ma non posso, classico stile della famiglia cinematografica romana.",['sscnapoli'],[],"Comunque non è la grafica che a me piace, è il pullman che è strano…un vorrei ma non posso, classico stile della famiglia cinematografica romana.",156,145,25
2022-02-25 00:22:20,"RT @Ypila18: TRASMISSIONE VERGOGNOSA,
ALFONSO NN IN GRADO DI TENERE IL PROGRAMMA,LE SUE PROTETTE CHE SONO STATE SEMPRE SALVATE E MAI RIPRES…",['Ypila18'],[]," TRASMISSIONE VERGOGNOSA, ALFONSO NN IN GRADO DI TENERE IL PROGRAMMA,LE SUE PROTETTE CHE SONO STATE SEMPRE SALVATE E MAI RIPRES…",140,128,20
2022-02-24 07:57:48,RT @thevalse_: preferirei lo scudetto del milaahahha no ben venga la guerra porcodio,['thevalse_'],[], preferirei lo scudetto del milaahahha no ben venga la guerra porcodio,84,70,11
2022-02-24 11:15:53,"RT @amendolaenzo: La Russia è l'unica responsabile di questa inaccettabile aggressione. L'Italia, la UE, la Nato, il mondo libero, tutti no…",['amendolaenzo'],[]," La Russia è l'unica responsabile di questa inaccettabile aggressione. L'Italia, la UE, la Nato, il mondo libero, tutti no…",140,123,19
2022-02-23 18:52:27,"@Giandom84354994 @tiecolino ""Solidarietà dal PD"".
Questo mi offenderebbe davvero...","['Giandom84354994', 'tiecolino']",[],"""Solidarietà dal PD"". Questo mi offenderebbe davvero...",83,55,7
2022-02-23 23:01:00,ahaaha,[],[],ahaaha,6,6,1
2022-02-24 11:02:12,avevo un brutto presentimento e infatti once again ambulanza davanti a casa i Hope hes ok,[],[],avevo un brutto presentimento e infatti once again ambulanza davanti a casa i Hope hes ok,89,89,16
2022-02-25 05:18:38,"RT @TgLa7: #RussiaUkraineConflict
Le forze armate russe entrate in Ucraina dalla Bielorussia sarebbero a circa 30 chilometri da Kiev. L'obi…",['TgLa7'],['RussiaUkraineConflict'], RussiaUkraineConflict Le forze armate russe entrate in Ucraina dalla Bielorussia sarebbero a circa 30 chilometri da Kiev. L'obi…,140,129,18
2022-02-24 21:32:29,Albe sotto i post di matti🖤 https://t.co/sNyfoSNBtS,[],[],Albe sotto i post di matti🖤,51,27,6
2022-02-23 19:35:12,Aggiornamento serale. Siamo vicini a quota 30.000 biglietti venduti.,[],[],Aggiornamento serale. Siamo vicini a quota 30.000 biglietti venduti.,68,68,9
2022-02-23 20:14:08,"RT @Moonlightshad1: Se si è potuta replicare la stessa situazione di ""Ruby è la nipote di Mubarak"" è perché la prima volta dopo non è succe…",['Moonlightshad1'],[]," Se si è potuta replicare la stessa situazione di ""Ruby è la nipote di Mubarak"" è perché la prima volta dopo non è succe…",140,121,24
2022-02-23 17:39:07,"Pnrr, Nardella a Draghi: ""Le città vero motore per il successo del Piano"" https://t.co/ZiIViA1CCx",[],[],"Pnrr, Nardella a Draghi: ""Le città vero motore per il successo del Piano""",97,73,13
2022-02-24 21:28:58,@esauritatorino Quel mio gesto grande di amore per te,['esauritatorino'],[],Quel mio gesto grande di amore per te,53,37,8
2022-02-23 17:49:49,Incredibile come T faccia riferimento al pollo dell'ess3lung4 nel video,[],[],Incredibile come T faccia riferimento al pollo dell'ess3lung4 nel video,71,71,10
2022-02-24 16:24:22,Era nel 1995... https://t.co/aTRHTfK3zs,[],[],Era nel 1995...,39,15,3
2022-02-24 17:31:45,@wydDeezy come ti trovi adesso,['wydDeezy'],[],come ti trovi adesso,30,20,4
2022-02-23 23:30:41,y yo con un filtro raro pero chulo sjjsjsj https://t.co/AYmAINxfl4,[],[],y yo con un filtro raro pero chulo sjjsjsj,66,42,9
2022-02-23 22:29:28,purtroppo a noi,[],[],purtroppo a noi,15,15,3
2022-02-25 01:34:40,"RT @ovexagain: 🚨 FATE GIRARE🚨

#jeru #gfvip #jessvip #basciagoni",['ovexagain'],"['jeru', 'gfvip', 'jessvip', 'basciagoni']", 🚨 FATE GIRARE🚨 jeru gfvip jessvip basciagoni,64,45,7
2022-02-24 17:55:14,"RT @youcancallmegiu: Se usare i social per parlare della situazione diventa troppo pesante per voi, non sentitevi in colpa se usate i socia…",['youcancallmegiu'],[]," Se usare i social per parlare della situazione diventa troppo pesante per voi, non sentitevi in colpa se usate i socia…",140,120,21
2022-02-24 16:45:33,Il sonno della ragione,[],[],Il sonno della ragione,22,22,4
2022-02-25 01:40:47,@assymoccia1998 La coda di paglia….,['assymoccia1998'],[],La coda di paglia….,35,19,4
2022-02-24 07:59:57,"Ha parlato pure la signora: 
""agiamo di concerto quando possiamo, da soli quando vogliamo, esiste un posticino particolare all' inferno per le donne che non hanno Clinton"". 
Daje Maddeleme facce Tarzan.",[],[],"Ha parlato pure la signora: ""agiamo di concerto quando possiamo, da soli quando vogliamo, esiste un posticino particolare all' inferno per le donne che non hanno Clinton"". Daje Maddeleme facce Tarzan.",202,200,31
2022-02-24 15:56:58,"RT @simone_paciello: È quel periodo storico dove se vai a letto con la pandemia, ti svegli con la guerra.
 #RussiaUkraineConflict",['simone_paciello'],['RussiaUkraineConflict']," È quel periodo storico dove se vai a letto con la pandemia, ti svegli con la guerra. RussiaUkraineConflict",129,107,18
2022-02-24 08:33:59,"RT @bartolopietro1: Esprimo forte condanna per l’escalation militare della #CrisiUcraina, ed auspico che tutte le democrazie del mondo sapp…",['bartolopietro1'],['CrisiUcraina']," Esprimo forte condanna per l’escalation militare della CrisiUcraina, ed auspico che tutte le democrazie del mondo sapp…",140,120,17
2022-02-24 23:34:14,"RT @GeMa7799: Fate girare, i giornalai sono bravi a nascondere tutto. Sud Italia.... https://t.co/4fJpl8cNJD",['GeMa7799'],[]," Fate girare, i giornalai sono bravi a nascondere tutto. Sud Italia....",108,71,11
2022-02-25 03:42:45,"RT @7minRainDrop: 211023 Loro Piana

#우기 #YUQI https://t.co/BDKjnN4o18",['7minRainDrop'],"['우기', 'YUQI']", 211023 Loro Piana 우기 YUQI,70,26,5
2022-02-25 06:47:07,"RT @LaVeritaWeb: Buongiorno, ecco #LaVeritàdioggi

Il fallimento Ue ci regala la guerra di Putin

Quella dell’ex capo del Kgb è una follia…",['LaVeritaWeb'],['LaVeritàdioggi']," Buongiorno, ecco LaVeritàdioggi Il fallimento Ue ci regala la guerra di Putin Quella dell’ex capo del Kgb è una follia…",139,120,20
2022-02-25 00:20:00,"RT @TriciaSede: Rosa Mistica
prega per noi https://t.co/U6jX5KxAgK",['TriciaSede'],[], Rosa Mistica prega per noi,66,27,5
2022-02-24 15:35:22,RT @Kth91biby: i coniugi al letto per il riposino pomeridiano. 🥰🥺😍#jeru https://t.co/5xoeK2c0HE,['Kth91biby'],['jeru'], i coniugi al letto per il riposino pomeridiano. 🥰🥺😍jeru,95,56,9
2022-02-24 21:52:28,"La nostra ""stampa"" vale tanto quanto un pezzo di carta igienica....",[],[],"La nostra ""stampa"" vale tanto quanto un pezzo di carta igienica....",67,67,11
2022-02-24 02:44:19,"Perché #Draghi mantiene l'obbligo vac per gli over50? 
Per fare la 4? 
Giornale Finanziario:la sopra normale mortalità legata al Covid Ha migliorato il conti del sistema delle pension 
Le 79000 p knon sono state versate rappresentano 1 risparmio di1 miliardo #lineanotte #Ukraina https://t.co/bxgaR5Ckg9",[],"['Draghi', 'lineanotte', 'Ukraina']",Perché Draghi mantiene l'obbligo vac per gli over50? Per fare la 4? Giornale Finanziario:la sopra normale mortalità legata al Covid Ha migliorato il conti del sistema delle pension Le 79000 p knon sono state versate rappresentano 1 risparmio di1 miliardo lineanotte Ukraina,303,273,42
2022-02-24 20:21:31,@_tw0_gh0sts_ sono qua se vuoi,['_tw0_gh0sts_'],[],sono qua se vuoi,30,16,4
2022-02-24 21:55:40,RT @javivi20141: @sevillforever Madre mia,"['javivi20141', 'sevillforever']",[], Madre mia,41,10,2
2022-02-24 07:53:11,"RT @ItalyMFA: #AndareOltre📊#PattoExport e l'evoluzione del commercio con l'estero

Non perdere la presentazione del XIX Rapporto @ITAtradea…",['ItalyMFA'],"['AndareOltre', 'PattoExport']", AndareOltre📊PattoExport e l'evoluzione del commercio con l'estero Non perdere la presentazione del XIX Rapporto …,140,114,15
2022-02-24 00:24:36,"@1511maxi @confundustria @GinaTaglieri 😂😂 allora dillo che... Gli gira i 110mln da spendere in navi e armamenti, che poi rientrano dalla finestra! 🙈🙈","['1511maxi', 'confundustria', 'GinaTaglieri']",[],"😂😂 allora dillo che... Gli gira i 110mln da spendere in navi e armamenti, che poi rientrano dalla finestra! 🙈🙈",149,110,20
2022-02-25 00:19:21,"Mamma mia Jessica, mi inchino a te, a Jennifer, a Zauditù. 

Sei una forza della natura!

#jeru",[],['jeru'],"Mamma mia Jessica, mi inchino a te, a Jennifer, a Zauditù. Sei una forza della natura! jeru",95,91,17
2022-02-24 21:38:47,@ilvero_ade li mortacci tua.,['ilvero_ade'],[],li mortacci tua.,28,16,3
2022-02-24 16:30:03,@LiaQuartapelle Che andate a vergognarvi?,['LiaQuartapelle'],[],Che andate a vergognarvi?,41,25,4
2022-02-24 18:10:44,"Mentre ora vediamo immagini di persone come noi, vestite come noi, che questa mattina stavano andando a lavoro come noi.
Forse perché le immagini arrivavano 'solo' la sera, dal TG, durante la cena; mentre ora abbiamo aggiornamenti minuto per minuto, non ci si può distrarre.
⬇️",[],[],"Mentre ora vediamo immagini di persone come noi, vestite come noi, che questa mattina stavano andando a lavoro come noi. Forse perché le immagini arrivavano 'solo' la sera, dal TG, durante la cena; mentre ora abbiamo aggiornamenti minuto per minuto, non ci si può distrarre. ⬇️",277,277,46
2022-02-24 21:26:01,"Vabbé un piatto quasi sputato e con sabbia ma questo non può uscire...

#MasterChefIt",[],['MasterChefIt'],Vabbé un piatto quasi sputato e con sabbia ma questo non può uscire... MasterChefIt,85,83,14
2022-02-24 13:28:32,"RT @xtsmehi: Fa tanto tanto male
#RussiaUkraineConflict #worldwar3 https://t.co/MjzXlbOzvP",['xtsmehi'],"['RussiaUkraineConflict', 'worldwar3']", Fa tanto tanto male RussiaUkraineConflict worldwar3,90,52,6
2022-02-23 22:41:02,"@LiaQuartapelle @luigidimaio Dicono solo la verita'.
Inaccetabile e' aver messo Di Maio a fare il ministro degli esteri.","['LiaQuartapelle', 'luigidimaio']",[],Dicono solo la verita'. Inaccetabile e' aver messo Di Maio a fare il ministro degli esteri.,120,91,16
2022-02-24 22:35:35,"ma guardate questo video, ma non si cringia da solo? MI SENTO MALE

#jeru https://t.co/Zo70rS2mqM",[],['jeru'],"ma guardate questo video, ma non si cringia da solo? MI SENTO MALE jeru",97,71,14
2022-02-25 02:10:22,ODEIO O BRYAN MI DECLAREI DI TODO O CORACAO I ELE MI DEU BLOCK ALSHAKSHSJ,[],[],ODEIO O BRYAN MI DECLAREI DI TODO O CORACAO I ELE MI DEU BLOCK ALSHAKSHSJ,73,73,15
2022-02-24 14:54:25,RT @a70199617: #ANCORA NON HAI CHIESTO SCUSA A GIUSEPPE https://t.co/H0nbQ5Rfd2,['a70199617'],['ANCORA'], ANCORA NON HAI CHIESTO SCUSA A GIUSEPPE,79,40,7
2022-02-24 08:21:57,perché nel caso ho tutto pronto per partire 😀,[],[],perché nel caso ho tutto pronto per partire 😀,45,45,9
2022-02-23 17:00:27,"RT @savbrinaaa: salite pure a bordo🚢🚢
#Amici21 
ps: ci tengo a precisare che è ironico☺️ https://t.co/4K7YRxfguQ",['savbrinaaa'],['Amici21'], salite pure a bordo🚢🚢 Amici21 ps: ci tengo a precisare che è ironico☺️,112,71,13
2022-02-24 19:39:58,"@MetalMetthiu78 ...vuoi provare a Milano in questi giorni con la ""fashion  week""... Ho tirato fuori il labaro viola dal finestrino!!",['MetalMetthiu78'],[],"...vuoi provare a Milano in questi giorni con la ""fashion week""... Ho tirato fuori il labaro viola dal finestrino!!",132,115,19
2022-02-23 21:06:02,"RT @TeoVisma: Ecco la solita porcheria: il solito tabellone pilotato da fare schifo.

Bill Gates contro Soros e Big Pharma contro Torri Gem…",['TeoVisma'],[], Ecco la solita porcheria: il solito tabellone pilotato da fare schifo. Bill Gates contro Soros e Big Pharma contro Torri Gem…,140,126,21
2022-02-24 12:36:47,@ilovemykendy Questa risposta mi è piaciuta 😂,['ilovemykendy'],[],Questa risposta mi è piaciuta 😂,45,31,6
2022-02-24 07:33:18,Buongiorno un cazzo #guerra #russia #Putin https://t.co/6XOdWhvlYg,[],"['guerra', 'russia', 'Putin']",Buongiorno un cazzo guerra russia Putin,66,39,6
2022-02-24 23:42:35,"comunque Ancel e Brenger personaggi molto sottovalutati,  prima o poi rileggo la loro storia e faccio qualche analisi",[],[],"comunque Ancel e Brenger personaggi molto sottovalutati, prima o poi rileggo la loro storia e faccio qualche analisi",117,116,18
2022-02-23 19:54:57,"RT @GiulioMarini2: .⁦@Palazzo_Chigi⁩ ⁦@MinisteroSalute⁩ d’accordo che la normativa parli di obbligo e non di pass, ma è anche vero che c’è…","['GiulioMarini2', 'Palazzo_Chigi', 'MinisteroSalute']",[]," .⁦⁩ ⁦⁩ d’accordo che la normativa parli di obbligo e non di pass, ma è anche vero che c’è…",139,91,19
2022-02-25 07:44:42,"@RaffoSarnataro Ieri il pubblico del San Paolo ha applaudito i tifosi del Barça solo perché hanno intonato cori contro la Juve, hanno dimenticato che ci prendevano per il culo da oltre mezz'ora con gli olè",['RaffoSarnataro'],[],"Ieri il pubblico del San Paolo ha applaudito i tifosi del Barça solo perché hanno intonato cori contro la Juve, hanno dimenticato che ci prendevano per il culo da oltre mezz'ora con gli olè",205,189,34
2022-02-23 17:43:40,@Fattaturchina1 boo non si sa nulla,['Fattaturchina1'],[],boo non si sa nulla,35,19,5
2022-02-24 06:04:11,"Buongiorno un cazzo!
DIRETTA Ucraina, 'cominciata invasione russa': le ultime news https://t.co/4OJb4nSJGW via @SkyTG24",['SkyTG24'],[],"Buongiorno un cazzo! DIRETTA Ucraina, 'cominciata invasione russa': le ultime news via",119,86,12
2022-02-24 20:28:46,@riotta @gualtierieurope Io avrei messo una bella bandiera nato unico vero scopo di questo spargimento di sangue.,"['riotta', 'gualtierieurope']",[],Io avrei messo una bella bandiera nato unico vero scopo di questo spargimento di sangue.,113,88,15
2022-02-24 15:22:21,ma gli altri prof?,[],[],ma gli altri prof?,18,18,4
2022-02-24 03:46:16,"#Ucraina #Ucrainarussia .
Esplosioni alla periferia di Kiev
Attacco è iniziato",[],"['Ucraina', 'Ucrainarussia']",Ucraina Ucrainarussia . Esplosioni alla periferia di Kiev Attacco è iniziato,78,76,11
2022-02-23 19:18:26,"Incidente sulla statale 14 a #Duino, grave un motociclista.
#ilgoriziano

🔵 ISCRIVITI anche al nostro canale Telegram -> https://t.co/itIfPnbmNE

https://t.co/n6oV5SFbnV",[],"['Duino', 'ilgoriziano']","Incidente sulla statale 14 a Duino, grave un motociclista. ilgoriziano 🔵 ISCRIVITI anche al nostro canale Telegram ->",169,117,18
2022-02-24 13:30:29,@sonoquellaswag comunque ho messo una stellina a quel messaggio,['sonoquellaswag'],[],comunque ho messo una stellina a quel messaggio,63,47,8
2022-02-24 10:48:22,"RT @thxynxt: è ovvio che se mi chiedi ""come stai?"" ti rispondo bene, posso mai dirti ""no voglio buttarmi giù dal balcone"" ?",['thxynxt'],[]," è ovvio che se mi chiedi ""come stai?"" ti rispondo bene, posso mai dirti ""no voglio buttarmi giù dal balcone"" ?",123,111,21
2022-02-24 08:46:03,"Ciociaria Oggi: ""Frosinone sul velluto: strapazzata la Reggina"" https://t.co/KyGaw9l71z",[],[],"Ciociaria Oggi: ""Frosinone sul velluto: strapazzata la Reggina""",87,63,8
2022-02-24 23:39:27,SPEGNETEEEE LA TV #jeru,[],['jeru'],SPEGNETEEEE LA TV jeru,23,22,4
2022-02-24 14:36:01,mamma mia https://t.co/Rp3lCCHVip,[],[],mamma mia,33,9,2
2022-02-24 00:08:52,@10derikopolloo No da muti 🥺,['10derikopolloo'],[],No da muti 🥺,28,12,4
2022-02-24 14:10:07,"RT @catiuz92: Soleil ""C'è l'amicizia nel senso di piacevole stare insieme e volersi bene che è una cosa e poi c'è l'amicizia amicizia che v…",['catiuz92'],[]," Soleil ""C'è l'amicizia nel senso di piacevole stare insieme e volersi bene che è una cosa e poi c'è l'amicizia amicizia che v…",140,127,23
2022-02-25 05:52:31,"RT @Giusepp07360881: Come se lo sbatte,beato lui",['Giusepp07360881'],[]," Come se lo sbatte,beato lui",48,28,5
2022-02-23 21:10:09,@Controcorrentv De Girolamo vai a zappare e portati la lorezin .,['Controcorrentv'],[],De Girolamo vai a zappare e portati la lorezin .,64,48,10
2022-02-23 22:04:21,perché tutta l’empatia che provo sembra così falsa? 🕴 piena,[],[],perché tutta l’empatia che provo sembra così falsa? 🕴 piena,59,59,10
2022-02-24 08:54:24,Buongiorno,[],[],Buongiorno,10,10,1
2022-02-24 16:31:46,@FratellidItalia @GiorgiaMeloni Auguri buone prospective Italia italiani Europe nostri interessi sociali economici,"['FratellidItalia', 'GiorgiaMeloni']",[],Auguri buone prospective Italia italiani Europe nostri interessi sociali economici,114,82,10
2022-02-25 01:51:11,RT @magioliveira: Via del Sale Limone Italy🌸 https://t.co/WnKeMKOjwO,['magioliveira'],[], Via del Sale Limone Italy🌸,68,27,5
2022-02-23 20:13:37,RT @iovoglioharold: scamacca+Napoli= sogno erotico,['iovoglioharold'],[], scamacca+Napoli= sogno erotico,50,31,3
2022-02-25 06:47:15,@francescoseghez Meglio ancora se lo fanno altri per noi.,['francescoseghez'],[],Meglio ancora se lo fanno altri per noi.,57,40,8
2022-02-24 06:44:17,"RT @strange_days_82: Crisanti: Il GP va tolto subito non in estate
#lariachetira #Crisanti #vaccini #nogreenpass #nogreenpassobbligatorio h…",['strange_days_82'],"['lariachetira', 'Crisanti', 'vaccini', 'nogreenpass', 'nogreenpassobbligatorio']", Crisanti: Il GP va tolto subito non in estate lariachetira Crisanti vaccini nogreenpass nogreenpassobbligatorio h…,140,115,15
2022-02-24 22:05:57,"RT @letiziarocchi2: Dopo 1 notte agitata e insonne nel dubbio di quando sarei tornata a casa, si è conclusa la mia permanenza in ospedale.…",['letiziarocchi2'],[]," Dopo 1 notte agitata e insonne nel dubbio di quando sarei tornata a casa, si è conclusa la mia permanenza in ospedale.…",139,120,22
2022-02-24 08:52:41,"@aujourdtaek io non so neanche se possa risolversi ormai, fino a ieri speravo in qualcosa ma adesso proprio boh",['aujourdtaek'],[],"io non so neanche se possa risolversi ormai, fino a ieri speravo in qualcosa ma adesso proprio boh",111,98,18
2022-02-24 23:31:15,@FabioFerrari66 ok ho riso,['FabioFerrari66'],[],ok ho riso,26,10,3
2022-02-24 13:19:05,"RT @SOSFanta: 🔵 Inzaghi: ""#Gosens, cosa filtra per domani! Quando torna #Correa, #Caicedo, Lautaro..."" ⏩ https://t.co/WfHkZj9160

Chi sta a…",['SOSFanta'],"['Gosens', 'Correa', 'Caicedo']"," 🔵 Inzaghi: ""Gosens, cosa filtra per domani! Quando torna Correa, Caicedo, Lautaro..."" ⏩ Chi sta a…",140,99,16
2022-02-25 01:03:20,OOOO ESTE SERA MI NUEVO VIDEO FAV WJDJWJJFUWUDIWI CTM EL YOONGI CHILENO MWKDJXUWUXYW https://t.co/K2QE4SMD54,[],[],OOOO ESTE SERA MI NUEVO VIDEO FAV WJDJWJJFUWUDIWI CTM EL YOONGI CHILENO MWKDJXUWUXYW,108,84,13
2022-02-24 16:07:10,RT @1f6eed3c8c1c4e4: È OVVIO IL SOSTEGNO DEL CINESE LORO FARANNO LO STESSO CON TAIWAN CHE DIVENTERÀ UNA SECONDA HONG KONG DOVE LA LIBERTÀ P…,['1f6eed3c8c1c4e4'],[], È OVVIO IL SOSTEGNO DEL CINESE LORO FARANNO LO STESSO CON TAIWAN CHE DIVENTERÀ UNA SECONDA HONG KONG DOVE LA LIBERTÀ P…,140,120,22
2022-02-24 07:54:54,mi viene da piangere...,[],[],mi viene da piangere...,23,23,4
2022-02-25 00:17:22,@Valenti31634681 @GrandeFratello Hanno censurato apposta,"['Valenti31634681', 'GrandeFratello']",[],Hanno censurato apposta,56,23,3
2022-02-24 19:40:33,"@CiroEsp46974034 In effetti però il bretone è parente con alcune lingue parlate in Gran Bretagna, come il gallese e il gaelico scozzese",['CiroEsp46974034'],[],"In effetti però il bretone è parente con alcune lingue parlate in Gran Bretagna, come il gallese e il gaelico scozzese",135,118,21
2022-02-24 10:51:19,Tanzania e-visa application process. #Tanzania https://t.co/mGnCq5xCkI,[],['Tanzania'],Tanzania e-visa application process. Tanzania,70,45,5
2022-02-24 17:19:27,"@MarcoRizzoPC Grande Marco, hai ragione! Noi giovani siamo con te. Nel caso l'Italia dovesse intervenire, emigrò in Africa a stare tranquillo e vivermi la gioia della Savana. Non si può mai stare tranquilli... è una vergogna",['MarcoRizzoPC'],[],"Grande Marco, hai ragione! Noi giovani siamo con te. Nel caso l'Italia dovesse intervenire, emigrò in Africa a stare tranquillo e vivermi la gioia della Savana. Non si può mai stare tranquilli... è una vergogna",224,210,35
2022-02-23 23:09:13,Manuel la prima lettera spilla qualcosa #fairyspace,[],['fairyspace'],Manuel la prima lettera spilla qualcosa fairyspace,51,50,7
2022-02-24 19:15:24,@LegaSalvini Comunque sul simbolo del partito ci starebbe bene la scritta “coerenza”,['LegaSalvini'],[],Comunque sul simbolo del partito ci starebbe bene la scritta “coerenza”,84,71,11
2022-02-24 20:47:55,Questo vuole 6 milioni all’anno e poi dopo 8 minuti sbaglia un appoggio di due metri da calcio d’angolo a favore. M’accirt over #NapoliBarcellona,[],['NapoliBarcellona'],Questo vuole 6 milioni all’anno e poi dopo 8 minuti sbaglia un appoggio di due metri da calcio d’angolo a favore. M’accirt over NapoliBarcellona,145,144,24
2022-02-23 19:12:50,Vanno a vedere i loro fidanzati #jeru,[],['jeru'],Vanno a vedere i loro fidanzati jeru,37,36,7
2022-02-24 20:50:44,Quelli che definiscono #Putin un dittatore sono gli stessi che oggi hanno votato a favore dell'   #ObbligoVaccinale,[],"['Putin', 'ObbligoVaccinale']",Quelli che definiscono Putin un dittatore sono gli stessi che oggi hanno votato a favore dell' ObbligoVaccinale,115,111,17
2022-02-24 22:31:43,RT @Nietzschelismo: Resto comunque convinto del fatto che é tutta una messa in scena per distogliere lo sguardo dall'agenda che devono port…,['Nietzschelismo'],[], Resto comunque convinto del fatto che é tutta una messa in scena per distogliere lo sguardo dall'agenda che devono port…,140,121,20
2022-02-24 14:18:54,"Info e prenotazioni 
🔽🔽🔽🔽🔽🔽
Pino 3459561726 
https://t.co/pupvf9ktAT https://t.co/mf85mXoTw1",[],[],Info e prenotazioni 🔽🔽🔽🔽🔽🔽 Pino 3459561726,92,42,6
2022-02-24 21:58:06,"Incredibile scoperta, cosa succede al cervello quando stiamo morendo https://t.co/32owVtBHXx https://t.co/QouMTFcAZt",[],[],"Incredibile scoperta, cosa succede al cervello quando stiamo morendo",116,68,9
2022-02-24 13:00:19,@poutsjk e la mia di relazione come la confermi,['poutsjk'],[],e la mia di relazione come la confermi,47,38,8
2022-02-24 16:21:01,ma io non me la merito ❤️‍🩹😭,[],[],ma io non me la merito ❤️‍🩹😭,28,28,7
2022-02-24 17:47:12,@LaEle010282 Ma Hande a Londra per studio?Tanto per parlare di altro,['LaEle010282'],[],Ma Hande a Londra per studio?Tanto per parlare di altro,68,55,10
2022-02-23 23:41:51,"Io sto due li amo pazzamente 😂
#UrazKaygılaroğlu #EkinKoç #ÜçKuruş",[],"['UrazKaygılaroğlu', 'EkinKoç', 'ÜçKuruş']",Io sto due li amo pazzamente 😂 UrazKaygılaroğlu EkinKoç ÜçKuruş,66,63,10
2022-02-24 19:05:48,"RT @ValentinaCare20: A me pure quando rutta, sinceramente.
#jeru",['ValentinaCare20'],['jeru']," A me pure quando rutta, sinceramente. jeru",64,43,7
2022-02-24 22:07:37,potrebbero cancellarmi da twitter ora.......,[],[],potrebbero cancellarmi da twitter ora.......,44,44,5
2022-02-24 18:31:10,"RT @chavarzabalus__: Il mio professore oggi prima dell'esame: ""ragazzi vi do un consiglio, non focalizzatevi troppo sugli esami, vivete la…",['chavarzabalus__'],[]," Il mio professore oggi prima dell'esame: ""ragazzi vi do un consiglio, non focalizzatevi troppo sugli esami, vivete la…",139,119,18
2022-02-24 18:36:12,"@kaiojorge @ilciccio67 Forza Kaio, non mollare! 💪💪💪","['kaiojorge', 'ilciccio67']",[],"Forza Kaio, non mollare! 💪💪💪",51,28,5
2022-02-24 07:43:19,"@quicksilver_ts Correndo non si vede nulla. Io mi guardo intorno quando cammino, quasi sempre in campagna. Mi rende felice quello che vedo.",['quicksilver_ts'],[],"Correndo non si vede nulla. Io mi guardo intorno quando cammino, quasi sempre in campagna. Mi rende felice quello che vedo.",139,123,21
2022-02-24 23:15:14,Posso ruttare durante questo blocco? #jeru,[],['jeru'],Posso ruttare durante questo blocco? jeru,42,41,6
2022-02-24 18:04:04,"@underoostom Uno dei unici a dire la sua, meglio L’UNICO che ha avuto il coraggio",['underoostom'],[],"Uno dei unici a dire la sua, meglio L’UNICO che ha avuto il coraggio",81,68,14
2022-02-23 20:28:12,"Rega ‘sto Covid ha reso gli ospedali nei peggiori bar di Caracas, basta aridatece una vita normale (e lasciate che i parenti accompagnino i malati di Alzheimer al pronto soccorso!) #chilhavisto #chilhavisters",[],"['chilhavisto', 'chilhavisters']","Rega ‘sto Covid ha reso gli ospedali nei peggiori bar di Caracas, basta aridatece una vita normale (e lasciate che i parenti accompagnino i malati di Alzheimer al pronto soccorso!) chilhavisto chilhavisters",208,206,32
2022-02-25 03:34:47,"RT @chicazzoseiAle: Cioè quella già parla di squalifica se dovessero fare vedere i video
Si è sputtanata da sola
 #jerù",['chicazzoseiAle'],['jerù'], Cioè quella già parla di squalifica se dovessero fare vedere i video Si è sputtanata da sola jerù,119,98,18
2022-02-24 21:35:51,"questa alleanza sole e nathaly contro davide>>>>
#gfvip",[],['gfvip'],questa alleanza sole e nathaly contro davide>>>> gfvip,55,54,8
2022-02-24 16:28:48,"24/02/1943.
GEORGE HARRISON nasce alle 23:42.
L'ex Beatles è stato ufficialmente registrato all'anagrafe solo il giorno successivo, il 25/02/1943.
""While My Guitar Gently Weeps"": https://t.co/2ROX6AVK4f
""My Sweet Lord"": https://t.co/xct1lxrmPE
#MinisteroCulturaMusicale https://t.co/mCBX3UxsBa",[],['MinisteroCulturaMusicale'],"24/02/1943. GEORGE HARRISON nasce alle 23:42. L'ex Beatles è stato ufficialmente registrato all'anagrafe solo il giorno successivo, il 25/02/1943. ""While My Guitar Gently Weeps"": ""My Sweet Lord"": MinisteroCulturaMusicale",293,220,28
2022-02-23 21:38:56,@ExMelu c best skin del primo,['ExMelu'],[],c best skin del primo,29,21,5
2022-02-24 16:38:50,@GassmanGassmann la lungiminchianza,['GassmanGassmann'],[],la lungiminchianza,35,18,2
2022-02-24 22:44:48,RT @domanidai: Nathaly si è cagata sotto AIUTO #jeru #gfvip https://t.co/3KZ24KZVdp,['domanidai'],"['jeru', 'gfvip']", Nathaly si è cagata sotto AIUTO jeru gfvip,83,43,8
2022-02-24 13:34:46,@postdiam Quanto è lucida quella ragazza!!!,['postdiam'],[],Quanto è lucida quella ragazza!!!,43,33,5
2022-02-24 08:46:18,"@AndreaFerrazz @claudiocerasa beh se la situazione dovesse precipitare oltre l’immaginabile, su una soluzione tipo giapponesi residenti in USA dopo Pearl Harbour si può sempre ragionare","['AndreaFerrazz', 'claudiocerasa']",[],"beh se la situazione dovesse precipitare oltre l’immaginabile, su una soluzione tipo giapponesi residenti in USA dopo Pearl Harbour si può sempre ragionare",185,155,23
2022-02-24 21:48:54,@mmax_g ma lui è il direttore del circo!!!,['mmax_g'],[],ma lui è il direttore del circo!!!,42,34,7
2022-02-23 17:48:25,@teoocchiuto Sembriamo svuotati oggi,['teoocchiuto'],[],Sembriamo svuotati oggi,36,23,3
2022-02-24 13:36:06,"RT @ladyonorato: Nuove sanzioni alla Russia, come da copione. Al governo ucraino che spara sui propri abitanti, strette di mano.",['ladyonorato'],[]," Nuove sanzioni alla Russia, come da copione. Al governo ucraino che spara sui propri abitanti, strette di mano.",128,112,18
2022-02-24 13:19:52,non scopo da più di due settimane e vedi che scoppia la guerra,[],[],non scopo da più di due settimane e vedi che scoppia la guerra,62,62,13
2022-02-23 18:30:12,"RT @Sagittario09: La gentilezza è una forma di eleganza. 
La migliore che io conosca
E c'è gente che ancora la confonde con la debolezza.",['Sagittario09'],[], La gentilezza è una forma di eleganza. La migliore che io conosca E c'è gente che ancora la confonde con la debolezza.,137,119,22
2022-02-23 20:30:00,Le braccia dell’amore sono il posto sicuro in cui crollare #CanYamanLoveYou,[],['CanYamanLoveYou'],Le braccia dell’amore sono il posto sicuro in cui crollare CanYamanLoveYou,75,74,11
2022-02-23 22:28:35,"RT @valy_s: Per la signora @N_DeGirolamo NON si deve fare come UK, vanno messe delle REGOLE e non ci si può affidare alla responsabilità pe…","['valy_s', 'N_DeGirolamo']",[]," Per la signora NON si deve fare come UK, vanno messe delle REGOLE e non ci si può affidare alla responsabilità pe…",140,115,22
2022-02-24 22:25:33,@giusmo1 @repubblica Montaggio video che sa tanto di propaganda altrimenti non sarebbe mai emerso...,"['giusmo1', 'repubblica']",[],Montaggio video che sa tanto di propaganda altrimenti non sarebbe mai emerso...,100,79,12
2022-02-24 22:01:22,"Anche se è un ristorante pluristellato, la gentilezza e la semplicità dei proprietari e degli chef è meravigliosa #MasterChefIt https://t.co/ZfUzuUTOZq",[],['MasterChefIt'],"Anche se è un ristorante pluristellato, la gentilezza e la semplicità dei proprietari e degli chef è meravigliosa MasterChefIt",151,126,19
2022-02-24 14:29:55,@SiSonoI60285986 Che soggetto😂😂😂😂😂😂😂,['SiSonoI60285986'],[],Che soggetto😂😂😂😂😂😂😂,36,19,2
2022-02-24 17:14:12,Due anni che i giornali ci raccontano quello che vogliono farci credere dall'alto e adesso non è più così? Si crede a tutto quello che fa comodo!,[],[],Due anni che i giornali ci raccontano quello che vogliono farci credere dall'alto e adesso non è più così? Si crede a tutto quello che fa comodo!,145,145,27
2022-02-23 17:11:39,"Ora, anche io a volte ho detto quel che pensavo con veemenza, ma quest'astio tra fazioni per questioni di gf è parecchio squallido. #gfvip",[],['gfvip'],"Ora, anche io a volte ho detto quel che pensavo con veemenza, ma quest'astio tra fazioni per questioni di gf è parecchio squallido. gfvip",138,137,24
2022-02-25 00:03:35,Probabilmente è stato il suo primo amore ed è pure giusto che ci scriva una canzone però così mi sembra un tantino imbarazzante,[],[],Probabilmente è stato il suo primo amore ed è pure giusto che ci scriva una canzone però così mi sembra un tantino imbarazzante,127,127,23
2022-02-23 20:45:44,"RT @italianarmyfam_: Secondo alcuni rapporti usciti su k-media, i BTS dovrebbero fare comeback a maggio con un full album.

⚠️Queste sono s…",['italianarmyfam_'],[]," Secondo alcuni rapporti usciti su k-media, i BTS dovrebbero fare comeback a maggio con un full album. ⚠️Queste sono s…",140,119,20
2022-02-24 15:39:04,No chri che piangeva,[],[],No chri che piangeva,20,20,4
2022-02-24 14:18:44,"@LiaQuartapelle i tuoi camerati neonazisti ukraini gia' sono scappati
Vergognati guerrafondaia",['LiaQuartapelle'],[],i tuoi camerati neonazisti ukraini gia' sono scappati Vergognati guerrafondaia,94,78,10
2022-02-24 05:23:27,"RT @SabegloMurgia: Tutto #èPossibile, qualunque desiderio può essere realizzato. 

#unTemaAlGiorno",['SabegloMurgia'],"['èPossibile', 'unTemaAlGiorno']"," Tutto èPossibile, qualunque desiderio può essere realizzato. unTemaAlGiorno",98,76,8
2022-02-24 11:45:16,RT @Moussolinho: Benfica Ajax è una partita piena di schemi di robe di hose...a me fa un po' l'ortiharia sta hosa qui,['Moussolinho'],[], Benfica Ajax è una partita piena di schemi di robe di hose...a me fa un po' l'ortiharia sta hosa qui,117,101,20
2022-02-23 16:27:33,"„Alcune persone non meritano il nostro sorriso, figuriamoci le nostre lacrime.” Ch. Bukowski #WednesdayFeeling #charlesbukowski https://t.co/oaEQKO7fUu",[],"['WednesdayFeeling', 'charlesbukowski']","„Alcune persone non meritano il nostro sorriso, figuriamoci le nostre lacrime.” Ch. Bukowski WednesdayFeeling charlesbukowski",151,125,15
2022-02-24 22:47:54,"RT @cleowh0: ""sai qual è la tua brutta parola? Sticazzi"" 
""e la tua è tornatene al tuo paese""  
LULÙ SPEGNENDO LA VECCHIA #gfvip #jerù",['cleowh0'],"['gfvip', 'jerù']"," ""sai qual è la tua brutta parola? Sticazzi"" ""e la tua è tornatene al tuo paese"" LULÙ SPEGNENDO LA VECCHIA gfvip jerù",134,117,22
2022-02-24 13:18:07,"@savbrinaaa VIVE NEI TUOI DM, URLO",['savbrinaaa'],[],"VIVE NEI TUOI DM, URLO",34,22,5
2022-02-24 08:58:11,"RT @SkySport: ULTIM'ORA
SOSPESO IL CAMPIONATO DI CALCIO UCRAINO
LA DECISIONE DOPO L'ATTACCO RUSSO NELLA NOTTE
#SkySport #Ucraina #Russia",['SkySport'],"['SkySport', 'Ucraina', 'Russia']", ULTIM'ORA SOSPESO IL CAMPIONATO DI CALCIO UCRAINO LA DECISIONE DOPO L'ATTACCO RUSSO NELLA NOTTE SkySport Ucraina Russia,136,120,17
2022-02-24 22:19:45,@asfaltofresco Lei avrebbe detto così tanto Soleil ma non poteva farlo,['asfaltofresco'],[],Lei avrebbe detto così tanto Soleil ma non poteva farlo,70,55,10
2022-02-24 15:42:35,"RT @noemiofficial: Siamo tutti figli della stessa terra e siamo in guerra…💔
Amen 🙏🏻
#RussiaUkraineConflict",['noemiofficial'],['RussiaUkraineConflict'], Siamo tutti figli della stessa terra e siamo in guerra…💔 Amen 🙏🏻 RussiaUkraineConflict,106,87,13
2022-02-24 16:45:49,la risata :((  https://t.co/3LNJWkG058,[],[],la risata :((,38,13,3
2022-02-24 12:17:03,@DrAntiFeiQ @FmMosca Mi dai il nome di chi ti cura? Grazie 🙏,"['DrAntiFeiQ', 'FmMosca']",[],Mi dai il nome di chi ti cura? Grazie 🙏,60,39,10
2022-02-24 21:42:43,nat tranquilla che tuo figlio è intelligente e non si fa ammaliare #gfvip,[],['gfvip'],nat tranquilla che tuo figlio è intelligente e non si fa ammaliare gfvip,73,72,13
2022-02-23 18:39:15,RT @CristianMaretti: Attraverso le parole di @Eleghezz ripercorriamo i passi salienti della bocciatura da parte del Parlamento Europeo del…,"['CristianMaretti', 'Eleghezz']",[], Attraverso le parole di ripercorriamo i passi salienti della bocciatura da parte del Parlamento Europeo del…,139,109,16
2022-02-24 14:58:39,"RT @chiellini: Il risveglio di questa mattina è stato sconvolgente e traumatico.
Mi sono ritrovato inerme a guardare immagini a cui non son…",['chiellini'],[], Il risveglio di questa mattina è stato sconvolgente e traumatico. Mi sono ritrovato inerme a guardare immagini a cui non son…,140,126,21
2022-02-24 20:49:38,"Giornata di ferie e la #fibromialgia non mi lascia, anzi... peggio di altri giorni. Troppe ansie, ci vorrebbe un altra vita... aia che dolor!
#battiato #fibromyalgia 

https://t.co/9cDrW80pn5",[],"['fibromialgia', 'battiato', 'fibromyalgia']","Giornata di ferie e la fibromialgia non mi lascia, anzi... peggio di altri giorni. Troppe ansie, ci vorrebbe un altra vita... aia che dolor! battiato fibromyalgia",191,162,26
2022-02-25 08:03:47,Non conosco ora facciamo gli auguri agli sconosciuti?,[],[],Non conosco ora facciamo gli auguri agli sconosciuti?,53,53,8
2022-02-24 15:29:59,L'ultimo esce? In che senso aiuto #Amici21,[],['Amici21'],L'ultimo esce? In che senso aiuto Amici21,42,41,7
2022-02-25 06:42:37,"RT @intuslegens: Salvini che invoca corridoi umanitari con l'Ucraina.
Non capisce che a quella gente non importa un cazzo di lasciare il pr…",['intuslegens'],[], Salvini che invoca corridoi umanitari con l'Ucraina. Non capisce che a quella gente non importa un cazzo di lasciare il pr…,140,124,21
2022-02-25 00:25:05,@Xx0SUPREME0Xx @angeliquepoison Con il culo,"['Xx0SUPREME0Xx', 'angeliquepoison']",[],Con il culo,43,11,3
2022-02-25 00:19:25,Ratfonso fai schifo ti dovrebbero radiare da Mediaset neanche a pulire i cessi di Berlusconi,[],[],Ratfonso fai schifo ti dovrebbero radiare da Mediaset neanche a pulire i cessi di Berlusconi,92,92,15
2022-02-24 10:09:53,"La #Roma potrebbe riabbracciare #Totti 
https://t.co/0lKXSisfdS",[],"['Roma', 'Totti']",La Roma potrebbe riabbracciare Totti,63,36,5
2022-02-24 13:42:15,"@TeacherOfBall @WarClandestine Si Bidet invece è grande ,tutti guerrafondai i presidenti democratici americani🤮ma per favore","['TeacherOfBall', 'WarClandestine']",[],"Si Bidet invece è grande ,tutti guerrafondai i presidenti democratici americani🤮ma per favore",124,93,13
2022-02-24 17:19:51,"RT @Nonha_stata: Le donne ucraine vivono con noi, tra noi, e sì, fanno i lavori che noi non vogliamo più fare, se non lo sapete é perché le…",['Nonha_stata'],[]," Le donne ucraine vivono con noi, tra noi, e sì, fanno i lavori che noi non vogliamo più fare, se non lo sapete é perché le…",140,124,26
2022-02-23 20:18:49,Ho postato un video su OF: https://t.co/bvBFR72g7R in cui sono tutta nuda con una cosa in the pussy🔞🤤⛔️🍆 https://t.co/YQOwQNQcyy,[],[],Ho postato un video su OF: in cui sono tutta nuda con una cosa in the pussy🔞🤤⛔️🍆,128,80,17
2022-02-25 07:43:10,Che ridere un tempo manco per il cazzo volevo spoiler ora li vado pure a cercare addirittura li chiedo però a me proprio non interessa più ✨ #GreysAnatomy,[],['GreysAnatomy'],Che ridere un tempo manco per il cazzo volevo spoiler ora li vado pure a cercare addirittura li chiedo però a me proprio non interessa più ✨ GreysAnatomy,154,153,28
2022-02-24 23:13:57,"RT @soniuzza_: Vi giuro farei un aereo contro babyK per il gusto di dare voce a quello che non hanno potuto dire Jessica, Lulù e Miriana
#j…",['soniuzza_'],[]," Vi giuro farei un aereo contro babyK per il gusto di dare voce a quello che non hanno potuto dire Jessica, Lulù e Miriana j…",140,125,25
2022-02-24 17:32:34,"@leob1one @emmevilla @alvaromoratti Ma come si fa a dire una tale sciocchezza, dio mio?","['leob1one', 'emmevilla', 'alvaromoratti']",[],"Ma come si fa a dire una tale sciocchezza, dio mio?",87,51,11
2022-02-23 20:15:55,"RT @RobertoRenga: A Cortina, accanto all'aeroporto, farei anche un porto, altrimenti dove la metti la barca?",['RobertoRenga'],[]," A Cortina, accanto all'aeroporto, farei anche un porto, altrimenti dove la metti la barca?",108,91,14
2022-02-24 21:32:40,RT @vaqqm: mi concentrerei su quello che resta ma non è rimasto niente.,['vaqqm'],[], mi concentrerei su quello che resta ma non è rimasto niente.,71,61,11
2022-02-25 07:40:33,"RT @intuslegens: #Draghi che fa la voce grossa con #Putin.
Dopo aver affossato l'economia italiana con abnormi restrizioni pandemiche, ora…",['intuslegens'],"['Draghi', 'Putin']"," Draghi che fa la voce grossa con Putin. Dopo aver affossato l'economia italiana con abnormi restrizioni pandemiche, ora…",139,121,18
2022-02-24 17:31:54,@_IllaLia_ oddio è stupendoo,['_IllaLia_'],[],oddio è stupendoo,28,17,3
2022-02-25 07:34:05,"Anche nel secondo anno della pandemia, Swissmedic ha valutato e omologato per il mercato svizzero un numero di medicamenti con nuovi principi attivi superiore alla media. I dettagli delle nuove omologazioni 2021 sono reperibili nel seguente opuscolo:
https://t.co/z8JxD1ICYi",[],[],"Anche nel secondo anno della pandemia, Swissmedic ha valutato e omologato per il mercato svizzero un numero di medicamenti con nuovi principi attivi superiore alla media. I dettagli delle nuove omologazioni 2021 sono reperibili nel seguente opuscolo:",274,250,37
2022-02-25 07:12:43,"@durezzadelviver Ed è gratis! Visto che ci sono le sanzioni economiche, noi non glielo paghiamo 🙃",['durezzadelviver'],[],"Ed è gratis! Visto che ci sono le sanzioni economiche, noi non glielo paghiamo 🙃",97,80,15
2022-02-24 03:31:53,Buongiorno a tutti... Buon giovedì.... Da Roma...,[],[],Buongiorno a tutti... Buon giovedì.... Da Roma...,49,49,7
2022-02-23 20:33:29,"@faberskj @Il_Mago_KK Si è beccato insulti per aver detto cose normalissime, manco in politica su arriva a questi livelli","['faberskj', 'Il_Mago_KK']",[],"Si è beccato insulti per aver detto cose normalissime, manco in politica su arriva a questi livelli",121,99,17
2022-02-25 03:00:55,@MirezAlex NO M DA RISA 😒😒,['MirezAlex'],[],NO M DA RISA 😒😒,26,15,5
2022-02-24 19:13:29,Oomf é proprio un dono ed é bono ma é un po' sottotono,[],[],Oomf é proprio un dono ed é bono ma é un po' sottotono,54,54,13
2022-02-24 21:00:49,"RT @RJIervolino: Anche Ruslan #Malinovskyi dice no alla guerra nella sua #Ukraine.
#NoWar https://t.co/EvgKNLvfXy",['RJIervolino'],"['Malinovskyi', 'Ukraine', 'NoWar']", Anche Ruslan Malinovskyi dice no alla guerra nella sua Ukraine. NoWar,113,70,11
2022-02-24 07:13:08,imagine no pakistan in t20wc 😭😭,[],[],imagine no pakistan in t20wc 😭😭,31,31,6
2022-02-24 20:31:30,@vaItcrsen MA DI COSA STAI PARLANDO???,['vaItcrsen'],[],MA DI COSA STAI PARLANDO???,38,27,5
2022-02-24 16:29:20,@1000voci MI SENTO MALE,['1000voci'],[],MI SENTO MALE,23,13,3
2022-02-24 14:49:42,"@aciapparoni Il ""baluardo occidentale""? Crede in quello che ha scritto oppure è ironico ? 🤔 https://t.co/MF2wymdQoU",['aciapparoni'],[],"Il ""baluardo occidentale""? Crede in quello che ha scritto oppure è ironico ? 🤔",115,78,14
2022-02-23 20:16:16,"Crisi Ucraina-Russia, il tweet cancellato di Borrell dopo le sanzioni alla Russia: ""Niente più shopping a Milano e feste a Saint Tropez"" https://t.co/EZN2nfxrvY",[],[],"Crisi Ucraina-Russia, il tweet cancellato di Borrell dopo le sanzioni alla Russia: ""Niente più shopping a Milano e feste a Saint Tropez""",160,136,22
2022-02-23 19:48:53,RT @milfitaly: Dai retwittate che vi faccio vedere le pere 🍐🍐 https://t.co/9LkjriqeOS,['milfitaly'],[], Dai retwittate che vi faccio vedere le pere 🍐🍐,85,47,9
2022-02-24 21:09:08,"#Fallout76
Cuore del nemico (Argento)
Completa ""Cuore del nemico"" #PS4share https://t.co/rmHuzOHMbd https://t.co/RtjLFIYLkA",[],"['Fallout76', 'PS4share']","Fallout76 Cuore del nemico (Argento) Completa ""Cuore del nemico"" PS4share",123,73,10
2022-02-24 15:44:56,"La polizia russa ha arrestato a Mosca più di 60 persone che hanno protestato o stavano per protestare contro la guerra con l'Ucraina. Secondo il sito web specializzato OVD-Info, che monitora le attività di polizia, ci sono stati arrestati anche in altre città. (bbc)",[],[],"La polizia russa ha arrestato a Mosca più di 60 persone che hanno protestato o stavano per protestare contro la guerra con l'Ucraina. Secondo il sito web specializzato OVD-Info, che monitora le attività di polizia, ci sono stati arrestati anche in altre città. (bbc)",266,266,44
2022-02-23 20:41:35,@justcallme_sug L’ultima mi mancaa,['justcallme_sug'],[],L’ultima mi mancaa,34,18,3
2022-02-25 00:33:30,i neri e i bianchi adesso sono un’etnia,[],[],i neri e i bianchi adesso sono un’etnia,39,39,8
2022-02-24 20:47:42,"@CameliaLadi oddio ma non puoi farmi ridere così io stavo bevendo ahahahahah
ma comunque io avevo capito che francesca e raimondo non stessero più insieme quando lei ebbe quel flirt con valentin",['CameliaLadi'],[],oddio ma non puoi farmi ridere così io stavo bevendo ahahahahah ma comunque io avevo capito che francesca e raimondo non stessero più insieme quando lei ebbe quel flirt con valentin,194,181,31
2022-02-24 05:21:01,@diocchefastidio pov sei mia zia e mia mamma cinquantenni,['diocchefastidio'],[],pov sei mia zia e mia mamma cinquantenni,57,40,8
2022-02-24 12:03:35,"RT @reichenbvch: assurdo come nel 2022 e dopo una pandemia la nuova preoccupazione delle persone debba essere una guerra, mi sembra così su…",['reichenbvch'],[]," assurdo come nel 2022 e dopo una pandemia la nuova preoccupazione delle persone debba essere una guerra, mi sembra così su…",140,124,21
2022-02-24 16:54:32,"RT @OvveroMe: Draghi “lo stato d’emergenza non sarà proprogato”
quindi come mai domani votate per l’obbligo vaccinale?

#delinquenti",['OvveroMe'],['delinquenti'], Draghi “lo stato d’emergenza non sarà proprogato” quindi come mai domani votate per l’obbligo vaccinale? delinquenti,132,117,16
2022-02-24 16:36:13,"RT @noemiofficial: Siamo tutti figli della stessa terra e siamo in guerra…💔
Amen 🙏🏻
#RussiaUkraineConflict",['noemiofficial'],['RussiaUkraineConflict'], Siamo tutti figli della stessa terra e siamo in guerra…💔 Amen 🙏🏻 RussiaUkraineConflict,106,87,13
2022-02-24 17:39:35,"posso dire che così è bellissimo meraviglioso mai visto così bello lo amo tantissimo :( 
 https://t.co/dmPkWKzWaI",[],[],posso dire che così è bellissimo meraviglioso mai visto così bello lo amo tantissimo :(,113,87,15
2022-02-24 18:14:49,RT @MarvelFansIT: ZENDAYA CHE CORRE VERSO TOM È LA COSA PIÙ BELLA CHE VEDRETE OGGI https://t.co/5I8GBqiuaO,['MarvelFansIT'],[], ZENDAYA CHE CORRE VERSO TOM È LA COSA PIÙ BELLA CHE VEDRETE OGGI,106,65,13
2022-02-25 02:18:54,"a questo punto del programma o ti esce la personalità o non l’hai mai avuta, giù le maschere #jeru",[],['jeru'],"a questo punto del programma o ti esce la personalità o non l’hai mai avuta, giù le maschere jeru",98,97,19
2022-02-24 14:58:09,@GqRafa evento del fornai,['GqRafa'],[],evento del fornai,25,17,3
2022-02-23 20:00:21,@28louisFrat tipo mia mamma oggi,['28louisFrat'],[],tipo mia mamma oggi,32,19,4
2022-02-24 08:03:20,RT @martacagnola: quante telefonate indesiderate di call center ricevete da numeri di cellulari? e quando ci decidiamo a stabilire che è un…,['martacagnola'],[], quante telefonate indesiderate di call center ricevete da numeri di cellulari? e quando ci decidiamo a stabilire che è un…,140,123,20
2022-02-24 13:13:04,@Tg1Rai Qua il video (del 2020) https://t.co/4NIvKVwE0k,['Tg1Rai'],[],Qua il video (del 2020),55,23,5
2022-02-23 20:17:41,"RT @strange_days_82: Crisanti: Il GP va tolto subito non in estate
#lariachetira #Crisanti #vaccini #nogreenpass #nogreenpassobbligatorio h…",['strange_days_82'],"['lariachetira', 'Crisanti', 'vaccini', 'nogreenpass', 'nogreenpassobbligatorio']", Crisanti: Il GP va tolto subito non in estate lariachetira Crisanti vaccini nogreenpass nogreenpassobbligatorio h…,140,115,15
2022-02-24 21:08:10,Ma più lontane cosa? Cosa dice Gesù  #jerù,[],['jerù'],Ma più lontane cosa? Cosa dice Gesù jerù,42,40,8
2022-02-24 22:48:46,"RT @Corriere: Suslov, il consigliere di Putin: «Ci fermeremo solo quando sparirà l’Ucraina attuale» https://t.co/AhS25aADAB",['Corriere'],[]," Suslov, il consigliere di Putin: «Ci fermeremo solo quando sparirà l’Ucraina attuale»",123,86,12
2022-02-24 22:47:05,RT @unagiaslifes: La diretta 24/6 >>>>>> La puntata #jeru,['unagiaslifes'],['jeru'], La diretta 24/6 >>>>>> La puntata jeru,57,39,7
2022-02-24 21:34:44,@SSelvaggino no in realta alle 9 ma sono nel letto con la lingua ustionata e mi sentivo di dirlo al mondo,['SSelvaggino'],[],no in realta alle 9 ma sono nel letto con la lingua ustionata e mi sentivo di dirlo al mondo,105,92,20
2022-02-23 19:47:13,"RT @ILL_Stay_Strong: Visto che oggi avete deciso di inaugurare il ""rendiamo Christian donna"" day... 

💀💀💀 https://t.co/OnOeZECsUQ",['ILL_Stay_Strong'],[]," Visto che oggi avete deciso di inaugurare il ""rendiamo Christian donna"" day... 💀💀💀",129,83,13
2022-02-23 22:05:36,RT @SoloPerCanYaman: Siamo una grande famiglia unita per te #CanYamanLoveYou,['SoloPerCanYaman'],['CanYamanLoveYou'], Siamo una grande famiglia unita per te CanYamanLoveYou,76,55,8
2022-02-23 21:18:14,"Ma poi che ve ne fotte se pubblica cuori? Potrebbe pure dichiararsi in una storia su Instagram e a voi non dovrebbe fregare NULLA se non vi piace e non lo seguite. Limitatevi a ciò che fa nel programma artisticamente e pensate ai vostri protetti, GRAZIEEEEEEEEE",[],[],"Ma poi che ve ne fotte se pubblica cuori? Potrebbe pure dichiararsi in una storia su Instagram e a voi non dovrebbe fregare NULLA se non vi piace e non lo seguite. Limitatevi a ciò che fa nel programma artisticamente e pensate ai vostri protetti, GRAZIEEEEEEEEE",261,261,46
2022-02-24 14:40:38,RT @Jamessu_w: DA RA RI ✨ #JamesSu https://t.co/qSmM2WLjhk,['Jamessu_w'],['JamesSu'], DA RA RI ✨ JamesSu,58,19,5
2022-02-24 21:01:19,"In questa foto il Barone Arnaud De Rosnay con il suo windsurf prima di salire sull'elicottero militare russo dopo aver attraversato lo stretto di Bering in 8 ore nell'agosto del 1979 con una vela decorata con le bandiere americana e russa.
Fonte Trek TV - https://t.co/spyq3KP7a7 https://t.co/PnjVGUC755",[],[],In questa foto il Barone Arnaud De Rosnay con il suo windsurf prima di salire sull'elicottero militare russo dopo aver attraversato lo stretto di Bering in 8 ore nell'agosto del 1979 con una vela decorata con le bandiere americana e russa. Fonte Trek TV -,303,255,45
2022-02-24 02:44:33,Ora Basciagoni drama #jerù,[],['jerù'],Ora Basciagoni drama jerù,26,25,4
2022-02-24 10:29:38,"Ex funzionario della SEC: le autorità perderanno contro Ripple, il caso manca di 'fondatezza'

leggi su Gloo
https://t.co/knTJWnZEau
#gloo #ecosistemaonline https://t.co/KHIMQ91Jc5",[],"['gloo', 'ecosistemaonline']","Ex funzionario della SEC: le autorità perderanno contro Ripple, il caso manca di 'fondatezza' leggi su Gloo gloo ecosistemaonline",180,129,19
2022-02-23 19:46:31,Mmm.. Non cominciate a sentire anche voi quella puzza di... di.. di SCHIENA DRITTA?,[],[],Mmm.. Non cominciate a sentire anche voi quella puzza di... di.. di SCHIENA DRITTA?,83,83,14
2022-02-24 21:47:48,RT @MattiaZenzola: @Lucia191412762 @turbojr_ Buonanotte raga da me ed il mio frate🤍,"['MattiaZenzola', 'Lucia191412762', 'turbojr_']",[], Buonanotte raga da me ed il mio frate🤍,83,39,8
2022-02-23 23:35:58,"RT @EmeiMarkus: Ugo #Mattei: ""L'Italia è l'unico paese al mondo che in questo momento mantiene questa INFAMIA di tenere tutto quanto CHIUSO…",['EmeiMarkus'],['Mattei']," Ugo Mattei: ""L'Italia è l'unico paese al mondo che in questo momento mantiene questa INFAMIA di tenere tutto quanto CHIUSO…",140,124,20
2022-02-24 00:33:44,RT @vanejuice: in Serie C il Südtirol FC ha subito 6 gol in 28 giornate ed è ancora imbattuto,['vanejuice'],[], in Serie C il Südtirol FC ha subito 6 gol in 28 giornate ed è ancora imbattuto,93,79,17
2022-02-25 00:48:53,"RT @amorevaffanculo: Le palle di Sophie che è andata contro tutti per difendere Lulù e Jessica. 

Più dimostrazione di questa non c'è  #jeru",['amorevaffanculo'],['jeru'], Le palle di Sophie che è andata contro tutti per difendere Lulù e Jessica. Più dimostrazione di questa non c'è jeru,140,116,21
2022-02-24 23:20:21,@biirfranshisku Che ci faresti?,['biirfranshisku'],[],Che ci faresti?,31,15,3
2022-02-24 20:53:29,"#NapoliBarcellona #NapoliBarca  loro sono più forti e si vede, ma noi non stiamo giocando da squadra e al centro stiamo lasciando praterie",[],"['NapoliBarcellona', 'NapoliBarca']","NapoliBarcellona NapoliBarca loro sono più forti e si vede, ma noi non stiamo giocando da squadra e al centro stiamo lasciando praterie",138,135,22
2022-02-23 16:45:51,"Scrivete qui sotto 3 hobby che vi caratterizzano anche se socialmente malvisti.
Inizio io:
- Rpg
- Animal Crossing
- collezionare Funko Pops",[],[],Scrivete qui sotto 3 hobby che vi caratterizzano anche se socialmente malvisti. Inizio io: - Rpg - Animal Crossing - collezionare Funko Pops,140,140,23
2022-02-24 14:10:51,RT @gianlonostro: Ecco i primi risultati di Putin: la Finlandia ha preparato la domanda di adesione alla NATO nel caso in cui la sicurezza…,['gianlonostro'],[], Ecco i primi risultati di Putin: la Finlandia ha preparato la domanda di adesione alla NATO nel caso in cui la sicurezza…,139,122,22
2022-02-23 21:54:18,"i nostri forse si incontrano ERRORE, poi 2 regie uguali su Soledad. #basciagoni  alzatatevi che forse ci cambiano le regie ahahsh aiuto #jeru",[],"['basciagoni', 'jeru']","i nostri forse si incontrano ERRORE, poi 2 regie uguali su Soledad. basciagoni alzatatevi che forse ci cambiano le regie ahahsh aiuto jeru",141,138,23
2022-02-23 17:37:54,RT @martasmkcsv: la fottutissima regina dei pokemon https://t.co/r2sU50ITrD,['martasmkcsv'],[], la fottutissima regina dei pokemon,75,35,5
2022-02-24 12:52:57,poi quelli che dicono che “la NATO deve farsi i fatti suoi” mi spiegheranno che cos’hanno nel cervello! Se tutti facessero come Putin cosa succederebbe? Esiste il diritto internazionale e va rispettato!,[],[],poi quelli che dicono che “la NATO deve farsi i fatti suoi” mi spiegheranno che cos’hanno nel cervello! Se tutti facessero come Putin cosa succederebbe? Esiste il diritto internazionale e va rispettato!,202,202,32
2022-02-23 19:27:29,@nicolo220 Domani ci vado,['nicolo220'],[],Domani ci vado,25,14,3
2022-02-24 07:58:04,RT @GiuseppeConteIT: Ferma condanna per l’attacco russo che precipita la situazione e allontana ogni soluzione diplomatica. Confidiamo in u…,['GiuseppeConteIT'],[], Ferma condanna per l’attacco russo che precipita la situazione e allontana ogni soluzione diplomatica. Confidiamo in u…,140,120,17
2022-02-24 20:34:18,"🤬🤬🤬Il Fatto Quotidiano: Amazzonia: se non brucia non fa notizia ma la deforestazione continua più di prima.
https://t.co/KtlF9NiCmg

tramite @GoogleNews",['googlenews'],[],🤬🤬🤬Il Fatto Quotidiano: Amazzonia: se non brucia non fa notizia ma la deforestazione continua più di prima. tramite,152,115,18
2022-02-24 00:31:34,"@heythreshold Qualsiasi cosa faccia lei le date addosso, mi vergogno per voi.",['heythreshold'],[],"Qualsiasi cosa faccia lei le date addosso, mi vergogno per voi.",77,63,11
2022-02-23 21:28:48,PAZZESCO MIO FIGLIO CHE LI FA FUORI TUTTI SEMPLICEMENTE,[],[],PAZZESCO MIO FIGLIO CHE LI FA FUORI TUTTI SEMPLICEMENTE,55,55,9
2022-02-24 20:07:34,voglia di rewatch di tvd,[],[],voglia di rewatch di tvd,24,24,5
2022-02-24 13:33:27,"RT @Arypigliate: Specifico che non sono filo russa, né venero Putin, ma al contempo non sono nemmeno filo americana.
Io penso che la guerra…",['Arypigliate'],[]," Specifico che non sono filo russa, né venero Putin, ma al contempo non sono nemmeno filo americana. Io penso che la guerra…",140,124,22
2022-02-24 20:53:55,"@ShooterHatesYou @YouTube Shy a 07:00 dici che la Russia ha ""formalmente annesso"" le due repubbliche, intendevi ""formalmente riconosciuto""? Non trovo notizie sull'annessione","['ShooterHatesYou', 'YouTube']",[],"Shy a 07:00 dici che la Russia ha ""formalmente annesso"" le due repubbliche, intendevi ""formalmente riconosciuto""? Non trovo notizie sull'annessione",173,147,20
2022-02-24 12:13:51,RT @laragazzacolneo: Appena arrivata su #Twitter devo prenderci un po’ la mano. Vorrei approfittarne per chiedere a tutti voi di guardare i…,['laragazzacolneo'],['Twitter'], Appena arrivata su Twitter devo prenderci un po’ la mano. Vorrei approfittarne per chiedere a tutti voi di guardare i…,140,119,20
2022-02-24 19:41:24,"RT @hankercrush: “Ho un’idea migliore.”
“E quale sarebbe?”
“Ordiniamo la colazione in camera e non usciamo dalla stanza.”
“Eda, sai come co…",['hankercrush'],[]," “Ho un’idea migliore.” “E quale sarebbe?” “Ordiniamo la colazione in camera e non usciamo dalla stanza.” “Eda, sai come co…",140,124,20
2022-02-24 08:07:14,almeno ci sei tu 💛 https://t.co/U6jl2UUPVL,[],[],almeno ci sei tu 💛,42,18,5
2022-02-25 00:10:06,ma che discorso è? allora “puniamo” solo quello che si vede? alfonso quando ti cacciano a calci in culo è troppo tardi sei vergognoso #jeru,[],['jeru'],ma che discorso è? allora “puniamo” solo quello che si vede? alfonso quando ti cacciano a calci in culo è troppo tardi sei vergognoso jeru,139,138,25
2022-02-23 18:31:43,@SINGULARIT4Y Sii io ti vedo quasi sempre in tl,['SINGULARIT4Y'],[],Sii io ti vedo quasi sempre in tl,47,33,8
2022-02-23 19:57:25,RT @mathers_be: Christian che dice di non essere Roberto Bolle ma poi: https://t.co/z7Ipv9PjyN,['mathers_be'],[], Christian che dice di non essere Roberto Bolle ma poi:,94,55,10
2022-02-25 06:32:04,RT @norvegianvood: Servizio del TG3. Letta parla della comunità ucraina integrata in Italia e dallo studio si sente Lucia Annunziata che di…,['norvegianvood'],[], Servizio del TG3. Letta parla della comunità ucraina integrata in Italia e dallo studio si sente Lucia Annunziata che di…,140,122,20
2022-02-24 15:40:12,"RT @barulino: Se non lo leggi con la voce dell'astrologo Barù non vale✨
A stasera #TeamBaru 
#GFvip https://t.co/RDCtToKKsG",['barulino'],"['TeamBaru', 'GFvip']", Se non lo leggi con la voce dell'astrologo Barù non vale✨ A stasera TeamBaru GFvip,123,83,15
2022-02-24 22:04:38,"Ci sono cose da non fare mai, né di giorno né di notte, né per mare né per terra: per esempio, la guerra. ( Gianni Rodari ) https://t.co/IQSeMDXZI2",[],[],"Ci sono cose da non fare mai, né di giorno né di notte, né per mare né per terra: per esempio, la guerra. ( Gianni Rodari )",147,123,27
2022-02-24 18:59:17,"RT @SicilianoSum: @dottorbarbieri Ehi, io prendo la tv russa! È un segno? 
https://t.co/xdxiKjDlJr https://t.co/ivcVpZ4859","['SicilianoSum', 'dottorbarbieri']",[]," Ehi, io prendo la tv russa! È un segno?",122,40,9
2022-02-25 07:09:56,@sarafrancescalj Cosa non t importa ?,['sarafrancescalj'],[],Cosa non t importa ?,37,20,5
2022-02-24 10:51:52,"RT @IiIhyuck: È una cosa terrificante, davvero. Mi ha inviato la posizione della sua città (che non condividerò qui per privacy ovviamente)…",['IiIhyuck'],[]," È una cosa terrificante, davvero. Mi ha inviato la posizione della sua città (che non condividerò qui per privacy ovviamente)…",140,127,20
2022-02-25 06:21:15,RT @MMaXXprIIme: Avessimo avuto la #Russia a proteggere i confini italiani dai clandestini ora in Italia ci sarebbe una seconda #Donbass,['MMaXXprIIme'],"['Russia', 'Donbass']", Avessimo avuto la Russia a proteggere i confini italiani dai clandestini ora in Italia ci sarebbe una seconda Donbass,136,118,19
2022-02-23 18:04:21,RT @CristinaAntonu: #vialatessera perchè siamo rimasti gli ultimi a comprimere diritti e libertà costituzionali.,['CristinaAntonu'],['vialatessera'], vialatessera perchè siamo rimasti gli ultimi a comprimere diritti e libertà costituzionali.,112,92,12
2022-02-24 23:10:03,RT @roccodandy: Il rispetto a chi ti rispetta. Signorini vergognati!! #jeru #GFvip #jessvip https://t.co/eYJH0ohpo5,['roccodandy'],"['jeru', 'GFvip', 'jessvip']", Il rispetto a chi ti rispetta. Signorini vergognati!! jeru GFvip jessvip,115,73,11
2022-02-24 15:29:14,"Roma nervosa, cattiva o penalizzata? È la più sanzionata tra le prime otto della classifica https://t.co/AXk1Od0wLK",[],[],"Roma nervosa, cattiva o penalizzata? È la più sanzionata tra le prime otto della classifica",115,91,15
2022-02-25 06:01:50,@insxju jajdjsjk mi talento boe,['insxju'],[],jajdjsjk mi talento boe,31,23,4
2022-02-23 20:43:36,@alanschenone Me compré la blanca y la amarilla jsjsjskgksjk. Buena data 😎😂,['alanschenone'],[],Me compré la blanca y la amarilla jsjsjskgksjk. Buena data 😎😂,75,61,11
2022-02-24 01:50:46,"@uruthicc Jsjajsjasjsjsjsj
""Me estás diciendo que le contestaste el hilo a este, PERO MI MENCION LA PASASTE POR ALTO?!""",['uruthicc'],[],"Jsjajsjasjsjsjsj ""Me estás diciendo que le contestaste el hilo a este, PERO MI MENCION LA PASASTE POR ALTO?!""",119,109,18
2022-02-24 06:47:40,@unagiaslifes Già fatto,['unagiaslifes'],[],Già fatto,23,9,2
2022-02-23 16:38:37,"RT @rita68455390: @ProfCampagna Che darei per vederlo di persona, dev’essere uno spettacolo mozzafiato 😍","['rita68455390', 'ProfCampagna']",[]," Che darei per vederlo di persona, dev’essere uno spettacolo mozzafiato 😍",104,73,11
2022-02-24 20:03:52,"RT @DaididauO: @DKFCLithuania DIMASH NEW RELEASE - OKAY
Lei canta - e i suoni si sciolgono,
Come baci sulle labbra
Sembra - e i cieli gioca…","['DaididauO', 'DKFCLithuania']",[]," DIMASH NEW RELEASE - OKAY Lei canta - e i suoni si sciolgono, Come baci sulle labbra Sembra - e i cieli gioca…",140,111,23
2022-02-24 08:45:02,che fatica vivere in sto mondo https://t.co/LZ4exY5Tru,[],[],che fatica vivere in sto mondo,54,30,6
2022-02-24 19:29:35,"RT @MarvelFansIT: TOM: FA UNA SORPRESA A ZENDAYA E VOLA A ROMA

ZENDAYA: https://t.co/ooWw0BYRI4",['MarvelFansIT'],[], TOM: FA UNA SORPRESA A ZENDAYA E VOLA A ROMA ZENDAYA:,96,54,11
2022-02-24 08:23:28,"@tgamox @di_reddito Altra caxxata, la maggior parte dei ricambi (pompe, valvole gas, sonde, flussostati, scambiatori a piastre, valvole deviatrici, una buona parte di scambiatori primari elettrodi  ventilatori e schede accensione) si trovano uguali da chi li costruisce (Grundfos, Honeywell
⬇️","['tgamox', 'di_reddito']",[],"Altra caxxata, la maggior parte dei ricambi (pompe, valvole gas, sonde, flussostati, scambiatori a piastre, valvole deviatrici, una buona parte di scambiatori primari elettrodi ventilatori e schede accensione) si trovano uguali da chi li costruisce (Grundfos, Honeywell ⬇️",293,272,38
2022-02-24 14:39:57,@FinallyMichele Allora puoi andare dritto in guerra meno male,['FinallyMichele'],[],Allora puoi andare dritto in guerra meno male,61,45,8
2022-02-24 21:25:17,@mazzettam Strano che non abbia citogonato 🤮,['mazzettam'],[],Strano che non abbia citogonato 🤮,44,33,6
2022-02-24 20:29:47,@v4lentinasga la daga 😩😭😩😭😩😭😩😭😩,['v4lentinasga'],[],la daga 😩😭😩😭😩😭😩😭😩,31,17,3
2022-02-24 14:34:55,BICINPUGLIA - TANTI ATLETI LUCANI PER LA PRIMA TAPPA DI SUPERSANO DELL'EVENTO CHE TOCCHERA' ANCHE LA BASILICATA￼ https://t.co/0vXjdJ3dOS,[],[],BICINPUGLIA - TANTI ATLETI LUCANI PER LA PRIMA TAPPA DI SUPERSANO DELL'EVENTO CHE TOCCHERA' ANCHE LA BASILICATA￼,136,112,17
2022-02-25 07:18:34,RT @chetempochefa: L’immagine della serata: a San Pietroburgo i cittadini russi manifestano in piazza contro la guerra. Lo stesso sta avven…,['chetempochefa'],[], L’immagine della serata: a San Pietroburgo i cittadini russi manifestano in piazza contro la guerra. Lo stesso sta avven…,140,122,19
2022-02-24 22:23:52,"RT @sangueneIlevene: Scambiamoci la pelle, infondo siamo umani💔 #RussiaUkraineConflict https://t.co/8QpdTuWchI",['sangueneIlevene'],['RussiaUkraineConflict']," Scambiamoci la pelle, infondo siamo umani💔 RussiaUkraineConflict",110,65,7
2022-02-24 19:26:45,"RT @ErMejoSindaco: Con i mezzi che non funzionano, sai la gente che dovrà andare al centro con la macchina?

Soldoni a palate https://t.co/…",['ErMejoSindaco'],[]," Con i mezzi che non funzionano, sai la gente che dovrà andare al centro con la macchina? Soldoni a palate",140,106,20
2022-02-24 10:54:20,RT @petroglio: Ricorda chi eravamo https://t.co/5JF37dLJ72,['petroglio'],[], Ricorda chi eravamo,58,20,3
2022-02-25 00:14:04,@nischi72 I virologi laureati su facebook già si sono specializzati in putinismo d’accatto,['nischi72'],[],I virologi laureati su facebook già si sono specializzati in putinismo d’accatto,90,80,12
2022-02-25 01:01:16,@Sir_DavidC @Davie_d85 Hahahaahah ya le hubiera bloqueado YouTube al pisado hahaha,"['Sir_DavidC', 'Davie_d85']",[],Hahahaahah ya le hubiera bloqueado YouTube al pisado hahaha,82,59,9
2022-02-25 01:38:50,Immensa #jeru #jessvip.,[],"['jeru', 'jessvip']",Immensa jeru jessvip.,23,21,3
2022-02-24 11:09:57,RT @boni_castellane: E ma Boni non sa quello che dice...,['boni_castellane'],[], E ma Boni non sa quello che dice...,56,36,8
2022-02-24 14:44:04,"@manuestrella6 No, nathaly è sola. Non in gruppo.

#jeru",['manuestrella6'],['jeru'],"No, nathaly è sola. Non in gruppo. jeru",56,39,8
2022-02-24 09:17:16,@srargazing @nicholassssz @finntastikoo @fashi0nloverb0y @luvelydarrenx @dontalkoutloud1 @lonelywxh AIUTO NON SO COME PRENDERE QUESTA COSA,"['srargazing', 'nicholassssz', 'finntastikoo', 'fashi0nloverb0y', 'luvelydarrenx', 'dontalkoutloud1', 'lonelywxh']",[],AIUTO NON SO COME PRENDERE QUESTA COSA,138,38,7
2022-02-25 03:36:40,Raga noi non li vediamo ma durante la puntata loro si guardano sorridono e scambiano smorfie tutto il tempo! #jessvip #jeru,[],"['jessvip', 'jeru']",Raga noi non li vediamo ma durante la puntata loro si guardano sorridono e scambiano smorfie tutto il tempo! jessvip jeru,123,121,21
2022-02-23 23:23:51,"RT @_Redecorate: Diciamoci la verità, tutto è andato a rotoli da qui
#RussiaUcraina https://t.co/31AYoo0h57",['_Redecorate'],['RussiaUcraina']," Diciamoci la verità, tutto è andato a rotoli da qui RussiaUcraina",107,66,11
2022-02-24 15:29:15,"@alessiomolinaro È un video di questa mattina e se da un lato è vero che la base è stata bombardata e che effettivamente era stata finanziata dagli USA, è anche vero che in porto pare fossero presenti solo piccole imbarcazioni e quantità limitate  di carburante e munizioni.",['alessiomolinaro'],[],"È un video di questa mattina e se da un lato è vero che la base è stata bombardata e che effettivamente era stata finanziata dagli USA, è anche vero che in porto pare fossero presenti solo piccole imbarcazioni e quantità limitate di carburante e munizioni.",274,256,46
2022-02-24 09:09:40,sto morendo di freddo,[],[],sto morendo di freddo,21,21,4
2022-02-24 15:25:34,RT @PapagniGrace: Per chi ha fatto la terza dose che era illimitata qualcuno asseriva anche x 10 anni non vi sentite presi un po’ x il culo…,['PapagniGrace'],[], Per chi ha fatto la terza dose che era illimitata qualcuno asseriva anche x 10 anni non vi sentite presi un po’ x il culo…,140,123,25
2022-02-24 18:35:26,"@doluccia16 @AngeloMietitore No, Tutta propaganda. Sono stato là, vivevano tanto quanto gli altri.","['doluccia16', 'AngeloMietitore']",[],"No, Tutta propaganda. Sono stato là, vivevano tanto quanto gli altri.",98,69,11
2022-02-24 21:49:26,@jakebabyfk ecco lupin va meglio,['jakebabyfk'],[],ecco lupin va meglio,32,20,4
2022-02-24 11:03:32,"RT @aurora6335: Ho letto nella tl che le madri a Kiev stanno attaccando ai vestiti dei figli degli adesivi con il loro gruppo sanguigno, pe…",['aurora6335'],[]," Ho letto nella tl che le madri a Kiev stanno attaccando ai vestiti dei figli degli adesivi con il loro gruppo sanguigno, pe…",140,125,23
2022-02-24 18:51:16,"RT @ciropellegrino: In foto #Putin e due cari amici.

#Salvini #Ucrainarussia https://t.co/yjhfzxpaGT",['ciropellegrino'],"['Putin', 'Salvini', 'Ucrainarussia']", In foto Putin e due cari amici. Salvini Ucrainarussia,101,54,9
2022-02-24 15:42:14,@mrctrdsh Già la sfiga che finché in occidente c'è gentaglia intellettualmente integralista come te le guerre ci saranno sempre  ogni esercito a casa sua e via dalla nato,['mrctrdsh'],[],Già la sfiga che finché in occidente c'è gentaglia intellettualmente integralista come te le guerre ci saranno sempre ogni esercito a casa sua e via dalla nato,170,159,27
2022-02-24 07:46:40,"RT @ladyonorato: Nuove sanzioni alla Russia, come da copione. Al governo ucraino che spara sui propri abitanti, strette di mano.",['ladyonorato'],[]," Nuove sanzioni alla Russia, come da copione. Al governo ucraino che spara sui propri abitanti, strette di mano.",128,112,18
2022-02-25 06:47:37,RT @buonweekend: No alla guerra ne con gli USA ne con la Russia e fuori la Nato dall'Europa sto dalla parte dei manifestanti contro la guer…,['buonweekend'],[], No alla guerra ne con gli USA ne con la Russia e fuori la Nato dall'Europa sto dalla parte dei manifestanti contro la guer…,140,124,24
2022-02-23 16:58:05,Ma la maglietta di  @Tananai5 ancora non si puo comprare da nessuna parte??,['Tananai5'],[],Ma la maglietta di ancora non si puo comprare da nessuna parte??,75,64,12
2022-02-24 11:00:04,"RT @Luca_15_5: Ad Alessandro 26 anni è stata fatta la diagnosi di leucemia mieloide acuta
Se hai un'età fra 18 e i 35 anni, pesi più di 50…",['Luca_15_5'],[]," Ad Alessandro 26 anni è stata fatta la diagnosi di leucemia mieloide acuta Se hai un'età fra 18 e i 35 anni, pesi più di 50…",139,125,26
2022-02-24 19:26:06,"Noi #ViVi siamo forza di LOTTA NON VIOLENTA! Rivendichiamo LIBERTÀ E DIRITTI e accusiamo voi nazi razzisti criminali di aver stuprato la Costituzione e vandalizzato i Diritti inalienabili.
#novax #GovernoCriminale #NoGreeenPass #obbligoover50 #DittaturaSanitaria .",[],"['ViVi', 'novax', 'GovernoCriminale', 'NoGreeenPass', 'obbligoover50', 'DittaturaSanitaria']",Noi ViVi siamo forza di LOTTA NON VIOLENTA! Rivendichiamo LIBERTÀ E DIRITTI e accusiamo voi nazi razzisti criminali di aver stuprato la Costituzione e vandalizzato i Diritti inalienabili. novax GovernoCriminale NoGreeenPass obbligoover50 DittaturaSanitaria .,264,258,34
2022-02-24 02:58:15,"RT @Lorenzo62752880: Decessi Covid ieri 22 febbraio:

Inghilterra (0 restrizioni) 170
Spagna (0 restrizioni) 173
Italia (green pass e super…",['Lorenzo62752880'],[], Decessi Covid ieri 22 febbraio: Inghilterra (0 restrizioni) 170 Spagna (0 restrizioni) 173 Italia (green pass e super…,140,119,18
2022-02-25 07:24:37,@daluimimi te ne do mille milioni,['daluimimi'],[],te ne do mille milioni,33,22,5
2022-02-24 10:56:23,@testatralenuvol il punto è che abita tipo fuori io di sicuro non lo becco ma i vecchi del suo paese si,['testatralenuvol'],[],il punto è che abita tipo fuori io di sicuro non lo becco ma i vecchi del suo paese si,103,86,20
2022-02-24 14:47:25,@azzurropuffo ahhahaha oppure un vecchio video riciclato,['azzurropuffo'],[],ahhahaha oppure un vecchio video riciclato,56,42,6
2022-02-24 01:53:09,RT @faruk_diego: 2 da parte dale rt https://t.co/d18iW7fMvj,['faruk_diego'],[], 2 da parte dale rt,59,19,5
2022-02-25 06:25:02,"Putin ti prego non farmi male, io sono piccolina, sono un fiorellino da proteggere 🥺🌷🌸💐 https://t.co/dso9SLohjB",[],[],"Putin ti prego non farmi male, io sono piccolina, sono un fiorellino da proteggere 🥺🌷🌸💐",111,87,15
2022-02-24 21:07:52,“Mio padre ne sarà informato” #harrypotter https://t.co/hKxnksfAz1,[],['harrypotter'],“Mio padre ne sarà informato” harrypotter,66,41,6
2022-02-23 20:08:51,Il terrore dell'oligarca di fronte al CAPO!,[],[],Il terrore dell'oligarca di fronte al CAPO!,43,43,7
2022-02-24 11:42:52,"Paesi che non rispettano i diritti umani dei propri cittadini che stracianciano di ""diritto internazionale"". Putin vi dovrebbe asfaltare.",[],[],"Paesi che non rispettano i diritti umani dei propri cittadini che stracianciano di ""diritto internazionale"". Putin vi dovrebbe asfaltare.",137,137,19
2022-02-23 18:00:31,RT @parenellatasca: ma voi non la sentite nell’aria quella voglia di scappare di casa e trasferirvi in un posto in cui nessuno vi conosce?,['parenellatasca'],[], ma voi non la sentite nell’aria quella voglia di scappare di casa e trasferirvi in un posto in cui nessuno vi conosce?,138,119,22
2022-02-24 11:51:38,"RT @Heavenisaplace7: #jerù 

*sono 2 mesi che si guardano, ridono e si avvicinano sempre più* https://t.co/0rCbQ0vX5a",['Heavenisaplace7'],['jerù']," jerù *sono 2 mesi che si guardano, ridono e si avvicinano sempre più*",117,70,13
2022-02-24 17:06:53,Scopri Bref Brilliant Gel e le sue caratteristiche! https://t.co/4LanLPpTzE,[],[],Scopri Bref Brilliant Gel e le sue caratteristiche!,75,51,8
2022-02-24 13:57:19,"RT @vitaparanoiiaa: @Aka7evenreal tieni luca ho fatto la versione con perfetta così 

https://t.co/FTc3yvDssL","['vitaparanoiiaa', 'Aka7evenreal']",[], tieni luca ho fatto la versione con perfetta così,109,50,9
2022-02-24 20:46:36,RT @hsxxtpwk: l’immagine parla da sola  #RussiaUkraineConflict https://t.co/vF3B81Tauy,['hsxxtpwk'],['RussiaUkraineConflict'], l’immagine parla da sola RussiaUkraineConflict,86,47,5
2022-02-24 12:52:18,"RT @ashcoltami: 2022 ti svegli e leggi che è iniziata la guerra
Ma siamo seri",['ashcoltami'],[], 2022 ti svegli e leggi che è iniziata la guerra Ma siamo seri,77,62,13
2022-02-25 00:26:27,"@GrandeFratello
Stasera state dando il peggio di voi.
#GFVIP #JERU",['GrandeFratello'],"['GFVIP', 'JERU']",Stasera state dando il peggio di voi. GFVIP JERU,66,48,9
2022-02-24 17:23:19,RT @letiziaseguii: corro solo se mi insegue un cane mica per te boy,['letiziaseguii'],[], corro solo se mi insegue un cane mica per te boy,67,49,11
2022-02-24 18:12:46,@PaolaSimonin @paradoxMKD Per questo c’è Putin.,"['PaolaSimonin', 'paradoxMKD']",[],Per questo c’è Putin.,47,21,4
2022-02-24 10:03:11,il cb è alle porte me lo sento,[],[],il cb è alle porte me lo sento,30,30,8
2022-02-24 17:11:18,"RT @trash_italiano: Dal profilo ufficiale dell’Ucraina. 

“Questo non è un meme, ma la nostra e la vostra realtà in questo momento” https:/…",['trash_italiano'],[]," Dal profilo ufficiale dell’Ucraina. “Questo non è un meme, ma la nostra e la vostra realtà in questo momento” https:/…",140,119,20
2022-02-25 00:08:31,@LaVeritaWeb Perché è un....(mettere un insulto a piacimento),['LaVeritaWeb'],[],Perché è un....(mettere un insulto a piacimento),61,48,7
2022-02-23 18:52:58,#NoGreeenPass è come la tessera del partito fascista e si sa chi vuole che continui ad esserci il PD e i 5 coglioni ma ve ne accorgerete se mai torneremo a votare,[],['NoGreeenPass'],NoGreeenPass è come la tessera del partito fascista e si sa chi vuole che continui ad esserci il PD e i 5 coglioni ma ve ne accorgerete se mai torneremo a votare,162,161,32
2022-02-23 20:02:46,RT @dottorbarbieri: 🔴 CARO CARBURANTE: Decine di tir stanno bloccando il tratto dell'autostrada A1 che va dal casello che conduce all'autos…,['dottorbarbieri'],[], 🔴 CARO CARBURANTE: Decine di tir stanno bloccando il tratto dell'autostrada A1 che va dal casello che conduce all'autos…,140,121,19
2022-02-24 06:57:54,sapete io mi ci vedo in guerra a fermare la truppa prima di attaccare   per chiedere se possiamo mettere della musica sotto tipo sentite vi disp se metto il remix di crucified,[],[],sapete io mi ci vedo in guerra a fermare la truppa prima di attaccare per chiedere se possiamo mettere della musica sotto tipo sentite vi disp se metto il remix di crucified,175,173,32
2022-02-25 00:57:05,"ma veramente boh il cazzo di album dell'anno l'ho già detto? si. lo ripeto? si.

#irama
#iramanewalbum",[],"['irama', 'iramanewalbum']",ma veramente boh il cazzo di album dell'anno l'ho già detto? si. lo ripeto? si. irama iramanewalbum,102,99,17
2022-02-25 01:49:01,"RT @HESMYLFINELINE: Giucas, Barù, Jessica, Davide e Sophie che nominano Nathaly. Mamma mia. #jeru",['HESMYLFINELINE'],['jeru']," Giucas, Barù, Jessica, Davide e Sophie che nominano Nathaly. Mamma mia. jeru",97,77,12
2022-02-24 12:44:19,#volleyball #pallavolo #CLVolleyW #clvolleyM #worldchampions2022 #VNL2022 Non in Russia!!! @CEVolleyball @volleyballworld  #RussiaUkraineCrisis #RussiaInvadedUkraine #sanctions @Volleyball_it @usavolleyball @FFvolley @StrefaSiatkowki @euronewsit @cnni @NATOFoundation @Europarl_IT,"['CEVolleyball', 'volleyballworld', 'Volleyball_it', 'usavolleyball', 'FFvolley', 'StrefaSiatkowki', 'euronewsit', 'cnni', 'NATOFoundation', 'Europarl_IT']","['volleyball', 'pallavolo', 'CLVolleyW', 'clvolleyM', 'worldchampions2022', 'VNL2022', 'RussiaUkraineCrisis', 'RussiaInvadedUkraine', 'sanctions']",volleyball pallavolo CLVolleyW clvolleyM worldchampions2022 VNL2022 Non in Russia!!! RussiaUkraineCrisis RussiaInvadedUkraine sanctions,280,135,12
2022-02-24 14:38:38,RT @colvieux: Mi confermate che ha posato il mojito per correre ad arruolarsi? #Ucraina https://t.co/7gviRiKxC4,['colvieux'],['Ucraina'], Mi confermate che ha posato il mojito per correre ad arruolarsi? Ucraina,111,73,12
2022-02-24 19:34:24,@francigua @Pier07746375 @pierpaolopretel Ci mancherebbe altro nessuno lo sta obbligando però io non dico a chi smette di seguirli e perché non è un vero fan ma è perché semplicemente farebbe piacere avere un interazione con loro ogni tanto,"['francigua', 'Pier07746375', 'pierpaolopretel']",[],Ci mancherebbe altro nessuno lo sta obbligando però io non dico a chi smette di seguirli e perché non è un vero fan ma è perché semplicemente farebbe piacere avere un interazione con loro ogni tanto,240,198,36
2022-02-24 07:56:09,"Weekend con freddo, pioggia e tanta neve: arriva ciclone di Carnevale
https://t.co/gJIIvcYeDy https://t.co/wwEKeas5e8",[],[],"Weekend con freddo, pioggia e tanta neve: arriva ciclone di Carnevale",117,69,11
2022-02-24 08:51:29,"RT @MarcoNoel19: L'uomo è un animale pacifico.

Ma asintomatico.

#Guerra",['MarcoNoel19'],['Guerra'], L'uomo è un animale pacifico. Ma asintomatico. Guerra,73,54,8
2022-02-24 11:11:38,"RT @ghiltanas: #WWIII #RussiaUkraineConflict
Menomale che dovevamo uscirne migliori.
💔 https://t.co/eMCUgK2CP9",['ghiltanas'],"['WWIII', 'RussiaUkraineConflict']", WWIII RussiaUkraineConflict Menomale che dovevamo uscirne migliori. 💔,110,70,8
2022-02-24 14:25:42,"@ildelfinogiulio UN ATTIMO, UN ATTIMO!

Secondo me c'è un equivoco di fondo, ovvero pensare che Sala pensi prima di parlare.",['ildelfinogiulio'],[],"UN ATTIMO, UN ATTIMO! Secondo me c'è un equivoco di fondo, ovvero pensare che Sala pensi prima di parlare.",124,106,19
2022-02-23 20:29:41,@R41NBERRY_ domani dirò già il contrario,['R41NBERRY_'],[],domani dirò già il contrario,40,28,5
2022-02-23 17:59:24,"RT @___MariaV___: Buona giornata ❤️🌼
È un buon inizio se... tutto ciò che desidero è trasformare in quiete il caos che ho visto nel tuo cuo…",['___MariaV___'],[], Buona giornata ❤️🌼 È un buon inizio se... tutto ciò che desidero è trasformare in quiete il caos che ho visto nel tuo cuo…,140,123,24
2022-02-25 06:12:41,"RT @marymonella1: Stanno cercando di nascondere una MOSTRUOSA protesta degli autotrasportatori, che sta fermando l’intero sud Italia.

Il #…",['marymonella1'],[]," Stanno cercando di nascondere una MOSTRUOSA protesta degli autotrasportatori, che sta fermando l’intero sud Italia. Il #…",140,122,17
2022-02-24 20:56:01,@blackmbar No amo l’ha detto anche la Sola,['blackmbar'],[],No amo l’ha detto anche la Sola,42,31,7
2022-02-25 00:13:02,RT @RedeAnittaBRs: Anitta e Lele Pons no Premio Lo Nuestro. https://t.co/H6xwRfgEj3,['RedeAnittaBRs'],[], Anitta e Lele Pons no Premio Lo Nuestro.,83,41,8
2022-02-24 15:56:26,RT @wakefxl: @forzanapoli699 @maryelluxc Raga secondo me è questo quello che fanno nel tempo libero Viggy e Tommy,"['wakefxl', 'forzanapoli699', 'maryelluxc']",[], Raga secondo me è questo quello che fanno nel tempo libero Viggy e Tommy,113,73,14
2022-02-23 22:38:20,@TR4INOFTHOUGHT AMO TI GIJRO IO HO LE LACRIME,['TR4INOFTHOUGHT'],[],AMO TI GIJRO IO HO LE LACRIME,45,29,7
2022-02-25 07:52:01,"RT @MarcoDei3: Ma quei pagliacci scesi in piazza in Italia a manifestare per l'Ucraina, mentre ci sono milioni di lavoratori sospesi, misur…",['MarcoDei3'],[]," Ma quei pagliacci scesi in piazza in Italia a manifestare per l'Ucraina, mentre ci sono milioni di lavoratori sospesi, misur…",140,126,20
2022-02-23 21:00:20,"RT @Pontifex_it: Invito tutti a fare il prossimo 2 marzo, Mercoledì delle ceneri, una Giornata di digiuno per la #pace: i credenti si dedic…",['Pontifex_it'],['pace']," Invito tutti a fare il prossimo 2 marzo, Mercoledì delle ceneri, una Giornata di digiuno per la pace: i credenti si dedic…",140,123,22
2022-02-24 08:21:17,"@chiasopinion Ma proprio un tweet piu a cazzo non potevi scriverlo
Starti muta per una volta per rispetto no invece diciamo cazzate omg subiró altri problemi come sono sfortunata 
Macron dammi la forza",['chiasopinion'],[],Ma proprio un tweet piu a cazzo non potevi scriverlo Starti muta per una volta per rispetto no invece diciamo cazzate omg subiró altri problemi come sono sfortunata Macron dammi la forza,201,186,32
2022-02-24 18:33:49,RT @nonpiucarly: è il sole https://t.co/jSQyc6Yvsv,['nonpiucarly'],[], è il sole,50,10,3
2022-02-24 16:11:19,@mick_napoli_ @Le__Le_N Cosa cazzo ridi pericolo ambulante,"['mick_napoli_', 'Le__Le_N']",[],Cosa cazzo ridi pericolo ambulante,58,34,5
2022-02-23 18:34:33,oh no. ma non mi dire 🥲,[],[],oh no. ma non mi dire 🥲,23,23,7
2022-02-23 22:44:37,"@Bisl_19_89 @emilianoavanti @lucab98_ @usodistorto non noi, sono i numeri che si autoconvincono 🤷‍♂️","['Bisl_19_89', 'emilianoavanti', 'lucab98_', 'usodistorto']",[],"non noi, sono i numeri che si autoconvincono 🤷‍♂️",100,49,9
2022-02-23 21:21:02,"RT @viadiqua1: Natalie: “forse vorrebbero che tu stessi con loro”.
Antonio: “si infatti”
NON TIKTONIO CHE HA PRESO IL PALO DA JESS IL SECON…",['viadiqua1'],[], Natalie: “forse vorrebbero che tu stessi con loro”. Antonio: “si infatti” NON TIKTONIO CHE HA PRESO IL PALO DA JESS IL SECON…,140,126,22
2022-02-24 21:16:58,"Ma perché sto blocco è così imbarazzante non ce la faccio 
 #jeru #gfvip",[],"['jeru', 'gfvip']",Ma perché sto blocco è così imbarazzante non ce la faccio jeru gfvip,72,68,13
2022-02-24 14:48:52,"RT @MilanNewsit: Comunicato UEFA: ""Solidarietà alla comunità calcistica ucraina. Condanniamo gli attacchi"" https://t.co/imVqYS6aXn",['MilanNewsit'],[]," Comunicato UEFA: ""Solidarietà alla comunità calcistica ucraina. Condanniamo gli attacchi""",130,90,10
2022-02-24 14:47:21,@wrzcne puoi lasxiare stare la mia ragazza,['wrzcne'],[],puoi lasxiare stare la mia ragazza,42,34,6
2022-02-24 14:19:53,RT @disinformatico: Internet non dimentica.,['disinformatico'],[], Internet non dimentica.,43,24,3
2022-02-24 06:48:10,La cafonaggine: una forma di talento innato.,[],[],La cafonaggine: una forma di talento innato.,44,44,7
2022-02-23 23:51:48,"RT @kallac_carta: Un amico ""utile""
non è un amico

un amico ""leale""
è un amico https://t.co/e85KTmlmL7",['kallac_carta'],[]," Un amico ""utile"" non è un amico un amico ""leale"" è un amico",102,60,13
2022-02-24 18:13:50,@MoglieMostra dovremmo stabilirlo non credi?,['MoglieMostra'],[],dovremmo stabilirlo non credi?,44,30,4
2022-02-24 14:33:27,@Hernandzismo19 Cosa ridi che ci hai condannati mi fai schifo,['Hernandzismo19'],[],Cosa ridi che ci hai condannati mi fai schifo,61,45,9
2022-02-24 12:56:04,@IreneAntoniazzi Dopo 9 mesi diranno che il richiamino dovranno farlo con il pfizer.  Ma noi italiani siamo così stupidi da permettere che il green pass resti ancora?,['IreneAntoniazzi'],[],Dopo 9 mesi diranno che il richiamino dovranno farlo con il pfizer. Ma noi italiani siamo così stupidi da permettere che il green pass resti ancora?,166,148,26
2022-02-23 21:14:27,"potrei o non potrei aver creato una di quelle vetrine consumistiche da influencer su amazon, non perché pensi davvero di guadagnarci qualcosa, ma perché amo le liste, quindi eccoci qui:
https://t.co/hQkEfiU8EG",[],[],"potrei o non potrei aver creato una di quelle vetrine consumistiche da influencer su amazon, non perché pensi davvero di guadagnarci qualcosa, ma perché amo le liste, quindi eccoci qui:",209,185,30
2022-02-24 14:36:25,"RT @Sargans2: In occidente c'è una parte della popolazione che ha il terrore di morire per il raffreddore e l'altra che, impavida, dopo ess…",['Sargans2'],[]," In occidente c'è una parte della popolazione che ha il terrore di morire per il raffreddore e l'altra che, impavida, dopo ess…",140,127,22
2022-02-25 00:57:41,"RT @HESMYLFINELINE: “Io rubo il cibo come lei si fa scopare da 10 n***i”

Questo non è un messaggio che a tua figlia farebbe venire i brivi…",['HESMYLFINELINE'],[], “Io rubo il cibo come lei si fa scopare da 10 n***i” Questo non è un messaggio che a tua figlia farebbe venire i brivi…,140,120,25
2022-02-23 19:33:17,"RT @ferrarisergio4: Rosa andiamo al saloon,
il pianista è già là,
ora c'è quiete,
ogni canzone sarà per noi,
si tulipano,
ho voglia di ball…",['ferrarisergio4'],[]," Rosa andiamo al saloon, il pianista è già là, ora c'è quiete, ogni canzone sarà per noi, si tulipano, ho voglia di ball…",140,121,23
2022-02-24 17:08:03,"— La Russia resta parte dell'economia globale.  Non danneggeremo il sistema in cui siamo noi stessi.  I nostri partner devono capirlo.

 ""Le imprese russe dovranno cercare nuovi partner in paesi pronti a continuare la cooperazione"", Shokhin, capo di RSPP",[],[],"— La Russia resta parte dell'economia globale. Non danneggeremo il sistema in cui siamo noi stessi. I nostri partner devono capirlo. ""Le imprese russe dovranno cercare nuovi partner in paesi pronti a continuare la cooperazione"", Shokhin, capo di RSPP",254,250,39
2022-02-24 21:34:33,"#LIVE #Guerra 
📍 L'#Ucraina vieta agli uomini tra i 18 e i 60 anni di lasciare il Paese
📍 Arrestate 1.705 persone in 54 città della #Russia per aver partecipato a proteste contro l'invasione dell'#Ucraina 
📍 Pentagono: la #Russia ha lanciato oltre 160 missili in #Ucraina",[],"['LIVE', 'Guerra', 'Ucraina', 'Russia', 'Ucraina', 'Russia', 'Ucraina']",LIVE Guerra 📍 L'Ucraina vieta agli uomini tra i 18 e i 60 anni di lasciare il Paese 📍 Arrestate 1.705 persone in 54 città della Russia per aver partecipato a proteste contro l'invasione dell'Ucraina 📍 Pentagono: la Russia ha lanciato oltre 160 missili in Ucraina,271,262,46
2022-02-23 17:33:11,Disponible para video llamadas uwu,[],[],Disponible para video llamadas uwu,34,34,5
2022-02-23 23:18:39,Ho pensato solo ora a cosa c’è in quel letto- #jeru,[],['jeru'],Ho pensato solo ora a cosa c’è in quel letto- jeru,51,50,11
2022-02-24 14:14:31,"Il fatto che i miei genitori facciano tutto per me e siano così dalla mia parte, mi fa pensare che io debba dimostrargli sempre quanto sia grata di ciò che fanno ogni giorno per me. E vorrei farlo rendendoli orgogliosi -",[],[],"Il fatto che i miei genitori facciano tutto per me e siano così dalla mia parte, mi fa pensare che io debba dimostrargli sempre quanto sia grata di ciò che fanno ogni giorno per me. E vorrei farlo rendendoli orgogliosi -",220,220,41
2022-02-24 14:24:23,"RT @Il_Sovrano: Assolutamente da vedere...
#Putin #RussiaUkraineConflict #StopWar #worldwar3 #Nato
https://t.co/l8tmOumOf6",['Il_Sovrano'],"['Putin', 'RussiaUkraineConflict', 'StopWar', 'worldwar3', 'Nato']", Assolutamente da vedere... Putin RussiaUkraineConflict StopWar worldwar3 Nato,122,78,8
2022-02-23 17:47:34,"RT @FmMosca: CASERTA
*** Tutto bloccato ***
#DraghiVattene",['FmMosca'],['DraghiVattene'], CASERTA *** Tutto bloccato *** DraghiVattene,58,45,6
2022-02-24 11:26:49,parlare senza far capire che stai piangendo è un altro tipo di dolore.,[],[],parlare senza far capire che stai piangendo è un altro tipo di dolore.,70,70,13
2022-02-24 13:42:57,"RT @Antonio_DiSiena: Invasione?

Putin sta difendendo milioni di cittadini russi da un decennio di violenze, torture, aggressioni, stragi c…",['Antonio_DiSiena'],[]," Invasione? Putin sta difendendo milioni di cittadini russi da un decennio di violenze, torture, aggressioni, stragi c…",140,119,17
2022-02-24 19:24:45,"Quello li che porta i fiori all'ambasciata Ucraina mi impressiona ma non più di tanto.

Mi fanno molta più impressione tutti quelli che nemmeno questa volta si tireranno via i prosciutti dagli occhi.",[],[],Quello li che porta i fiori all'ambasciata Ucraina mi impressiona ma non più di tanto. Mi fanno molta più impressione tutti quelli che nemmeno questa volta si tireranno via i prosciutti dagli occhi.,199,198,33
2022-02-24 16:30:00,RT @Monica09058845: Buona serata...e scusate l'invasione...😁😁😁😘😘😘 https://t.co/GhaLnKgCaC,['Monica09058845'],[], Buona serata...e scusate l'invasione...😁😁😁😘😘😘,89,46,4
2022-02-23 21:06:35,"Anche se non sto guardando la tv e ascolto, Baru ormai lo riconosco dall’affanno #jeru",[],['jeru'],"Anche se non sto guardando la tv e ascolto, Baru ormai lo riconosco dall’affanno jeru",86,85,15
2022-02-24 14:18:55,RT @GaribaldiPaolo: @ManfrediPotenti @LegaCamera @LegaSalvini @borghi_claudio @matteosalvinimi @AngeloCiocca @Storace @MolinariRik @maxrome…,"['GaribaldiPaolo', 'ManfrediPotenti', 'LegaCamera', 'LegaSalvini', 'borghi_claudio', 'matteosalvinimi', 'AngeloCiocca', 'Storace', 'MolinariRik']",[], …,140,2,1
2022-02-24 06:57:39,@sono_selvatica Come la capisco 🤦‍♀️!! Buonissima giornata cara Francesca 🥰 con un SUPER abbraccio 🤗🤗🤗❤️‍🔥,['sono_selvatica'],[],Come la capisco 🤦‍♀️!! Buonissima giornata cara Francesca 🥰 con un SUPER abbraccio 🤗🤗🤗❤️‍🔥,106,90,14
2022-02-24 16:00:22,"mi spezza il cuore vedere i video sui bombardamenti sto piangendo. L'uomo non ha un briciolo di umanità e la cosa mi devasta, ho 14 anni e sto vedendo per la prima volta pienamente il mondo per quel che è. mi sento triste pensando di non poter fare nulla per fermare questo :/",[],[],"mi spezza il cuore vedere i video sui bombardamenti sto piangendo. L'uomo non ha un briciolo di umanità e la cosa mi devasta, ho 14 anni e sto vedendo per la prima volta pienamente il mondo per quel che è. mi sento triste pensando di non poter fare nulla per fermare questo :/",276,276,53
2022-02-24 10:23:46,@fentyxcruelle la bidella di Harvard,['fentyxcruelle'],[],la bidella di Harvard,36,21,4
2022-02-24 11:23:43,RT @respiridicarta: Oggi più che mai. #WWIII https://t.co/VawOx7WqUL,['respiridicarta'],['WWIII'], Oggi più che mai. WWIII,68,24,5
2022-02-24 18:33:46,"RT @EsercitoCrucian: Coloro che adducono ragioni anti americaniste, o che giustificano #Putin con la Storia URSS, l'occidente, le guerre pu…",['EsercitoCrucian'],['Putin']," Coloro che adducono ragioni anti americaniste, o che giustificano Putin con la Storia URSS, l'occidente, le guerre pu…",140,119,18
2022-02-24 22:05:18,RT @cloudy90239726: POSSO DIRE CHE LULÙ E MIRIANA STASERA FANTASTICHEEEEE 🔥🔥🔥🔥 #gfvip https://t.co/RdAKfuFDys,['cloudy90239726'],['gfvip'], POSSO DIRE CHE LULÙ E MIRIANA STASERA FANTASTICHEEEEE 🔥🔥🔥🔥 gfvip,109,65,10
2022-02-23 23:39:03,"comunque febbraio è praticamente finito quindi, nel dubbio, vorrei augurare buona fortuna @ francesca michielin, in bocca al lupo e spacca tutto, qualunque sia il giorno🤞🏻🍀🌶",[],[],"comunque febbraio è praticamente finito quindi, nel dubbio, vorrei augurare buona fortuna @ francesca michielin, in bocca al lupo e spacca tutto, qualunque sia il giorno🤞🏻🍀🌶",173,173,26
2022-02-24 11:36:04,@stopseriea @Teujumped Ricordo un 6a2 doppietta di Pato,"['stopseriea', 'Teujumped']",[],Ricordo un 6a2 doppietta di Pato,55,32,6
2022-02-24 16:35:11,"mi amorcito🙁💖

#영재 #youngjae @GOTYJ_Ars_Vita https://t.co/FhqMHzGQqC",['GOTYJ_Ars_Vita'],"['영재', 'youngjae']",mi amorcito🙁💖 영재 youngjae,68,25,4
2022-02-23 23:15:21,@vivwinchester io vivo per te pronto yukine,['vivwinchester'],[],io vivo per te pronto yukine,43,28,6
2022-02-24 17:55:40,"""La Repubblica Italiana chiede alla Federazione Russa l’immediata cessazione delle ostilità e il ritiro delle forze fuori dai confini internazionalmente riconosciuti dell’Ucraina.""

Ah 👌🏻

#RussiaUkraineConflict",[],['RussiaUkraineConflict'],"""La Repubblica Italiana chiede alla Federazione Russa l’immediata cessazione delle ostilità e il ritiro delle forze fuori dai confini internazionalmente riconosciuti dell’Ucraina."" Ah 👌🏻 RussiaUkraineConflict",211,208,25
2022-02-23 16:55:38,"RT @giadaxhaz: a me degli altri latinisti purtroppo non interessa minimamente #Amici21 
https://t.co/gCnjQ5LKtb",['giadaxhaz'],['Amici21'], a me degli altri latinisti purtroppo non interessa minimamente Amici21,111,71,10
2022-02-24 08:41:09,RT @bartolopietro1: In questa ora buia l’Unione europea deve immediatamente reagire: chiedo alla Presidente Metsola di convocare una seduta…,['bartolopietro1'],[], In questa ora buia l’Unione europea deve immediatamente reagire: chiedo alla Presidente Metsola di convocare una seduta…,140,121,17
2022-02-25 06:29:02,@ZanellaRina @11Giuliano @MinisteroSalute @Speranza @WRicciardi @Cartabellotta Lo sanno lo sanno che il siero fa solo danni ed è quello che vogliono.,"['ZanellaRina', '11Giuliano', 'MinisteroSalute', 'Speranza', 'WRicciardi', 'Cartabellotta']",[],Lo sanno lo sanno che il siero fa solo danni ed è quello che vogliono.,149,70,15
2022-02-24 13:08:21,"@Palazzo_Chigi La LIBERTÀ?ma se Voi politici da 2 soldi,avete reso e trasformato L’italia nel buco del culo del mondo…bella solo per chi viene da fuori ! Fatta di corrotti al governo,e pure avete pure il coraggio e la dignità di metterci queste facce finte,in tutto!",['Palazzo_Chigi'],[],"La LIBERTÀ?ma se Voi politici da 2 soldi,avete reso e trasformato L’italia nel buco del culo del mondo…bella solo per chi viene da fuori ! Fatta di corrotti al governo,e pure avete pure il coraggio e la dignità di metterci queste facce finte,in tutto!",266,251,44
2022-02-24 11:05:21,@Eddy_noo Togliamo la finale di Champions alla Russia,['Eddy_noo'],[],Togliamo la finale di Champions alla Russia,53,43,7
2022-02-23 20:22:08,RT @lameduck1960: Grazie un caxxo.,['lameduck1960'],[], Grazie un caxxo.,34,17,3
2022-02-24 13:37:58,RT @Mynameis__anita: Scherzi a parte questo quadro ha un significato bellissimo 🥺❤️ https://t.co/zGogl1GpFx,['Mynameis__anita'],[], Scherzi a parte questo quadro ha un significato bellissimo 🥺❤️,107,63,10
2022-02-24 19:53:52,@SaElyEmma @piersticazzi Nicola non ha potuto partecipare x un imprevisto,"['SaElyEmma', 'piersticazzi']",[],Nicola non ha potuto partecipare x un imprevisto,73,48,8
2022-02-25 07:39:20,"RT @Frances08331210: @a70199617 @Alessan05695937 Tutto il governo dei migliori, sono ridolini, vedi la Cartabia, con la sua schiforma sulla…","['Frances08331210', 'a70199617', 'Alessan05695937']",[]," Tutto il governo dei migliori, sono ridolini, vedi la Cartabia, con la sua schiforma sulla…",140,92,15
2022-02-23 19:37:40,"TGCOM: Covid, Draghi: ""No alla proroga dello stato d'emergenza dopo il 31 marzo"" | ""Metteremo gradualmente fine al Green pass rafforzato"".
https://t.co/lCZSjLBg4P

tramite @GoogleNews",['googlenews'],[],"TGCOM: Covid, Draghi: ""No alla proroga dello stato d'emergenza dopo il 31 marzo"" | ""Metteremo gradualmente fine al Green pass rafforzato"". tramite",183,146,22
2022-02-25 01:34:39,"Lui mi sembra abbastanza compiaciuto da questa cosa delle foto profilo ⚰️
#jerù",[],['jerù'],Lui mi sembra abbastanza compiaciuto da questa cosa delle foto profilo ⚰️ jerù,79,78,13
2022-02-24 06:17:33,@Adityaislit Fantasy bolte hai usko,['Adityaislit'],[],Fantasy bolte hai usko,35,22,4
2022-02-24 17:08:33,"Facendoli morire tutti prima di arrivare a sentenza, anzi chi si rivolgeva ai medici militari veniva denigrato e gli veniva consigliato di non sentire altri medici, suo fratello è stato ucciso, sia chiaro con avviso di due settimane, Andreotti e lo dicono le carte era stato avv",[],[],"Facendoli morire tutti prima di arrivare a sentenza, anzi chi si rivolgeva ai medici militari veniva denigrato e gli veniva consigliato di non sentire altri medici, suo fratello è stato ucciso, sia chiaro con avviso di due settimane, Andreotti e lo dicono le carte era stato avv",278,278,47
2022-02-23 16:28:50,RT @soleilstasiiii: GRANDE SOPRANO “ MIRIANA E MANILA FANNO LE FINTE SANTARELLINE MA SONO UNA PEGGIO DELL’ALTRA “ GRANDE VERITÀ 🔥🔥🔥🔥 VOTIAM…,['soleilstasiiii'],[], GRANDE SOPRANO “ MIRIANA E MANILA FANNO LE FINTE SANTARELLINE MA SONO UNA PEGGIO DELL’ALTRA “ GRANDE VERITÀ 🔥🔥🔥🔥 VOTIAM…,140,121,20
2022-02-24 07:20:02,RT @DreamescapePs: @minomazz Hanno paracadutato persino i reparti VDV https://t.co/t12cmMy1HV,"['DreamescapePs', 'minomazz']",[], Hanno paracadutato persino i reparti VDV,93,41,6
2022-02-24 19:16:49,Da virologi a polemologi è davvero un attimo,[],[],Da virologi a polemologi è davvero un attimo,44,44,8
2022-02-24 16:40:18,"immagine da Sky 24, commento mio: non arrivo a capire come a tanti uomini piaccia la guerra, uccidere e rischiare di morire, e su tutto mandare a uccidere e morire. Bisogno fisico maschile? Educazione che viene impressa da piccoli? Conseguenza delle strutture di potere? https://t.co/jggFNldQjt",[],[],"immagine da Sky 24, commento mio: non arrivo a capire come a tanti uomini piaccia la guerra, uccidere e rischiare di morire, e su tutto mandare a uccidere e morire. Bisogno fisico maschile? Educazione che viene impressa da piccoli? Conseguenza delle strutture di potere?",294,270,44
2022-02-24 16:37:03,"@MarcoRizzoPC davvero tutti i politici italiani  hanno condannato? Be', ora per Putin si mette male.......",['MarcoRizzoPC'],[],"davvero tutti i politici italiani hanno condannato? Be', ora per Putin si mette male.......",106,91,14
2022-02-24 16:50:00,"RT @FmMosca: BRUCIANO DOCUMENTI.
#Sveglia",['FmMosca'],['Sveglia'], BRUCIANO DOCUMENTI. Sveglia,41,28,3
2022-02-23 20:35:03,@frateclub @MattiaZenzola @turbojr_ Gaia io lo so che sei tu,"['frateclub', 'MattiaZenzola', 'turbojr_']",[],Gaia io lo so che sei tu,60,24,7
2022-02-24 20:16:59,"Pronti,partenza e..nessuno di quei due verso la finale 😂😂😂 #MasterChefIt",[],['MasterChefIt'],"Pronti,partenza e..nessuno di quei due verso la finale 😂😂😂 MasterChefIt",72,71,10
2022-02-24 02:14:16,@unagiaslifes Amo non riesce a reggere manco il suo sguardo figurati https://t.co/w63prcDBc2,['unagiaslifes'],[],Amo non riesce a reggere manco il suo sguardo figurati,92,54,10
2022-02-24 12:05:41,"L'intervento massiccio in Ucraina rompe tutti gli schemi. Ora bisognerà capire fin dove Mosca ha intenzione di spingersi. L'analisi
https://t.co/VFW8X5jUNX",[],[],L'intervento massiccio in Ucraina rompe tutti gli schemi. Ora bisognerà capire fin dove Mosca ha intenzione di spingersi. L'analisi,155,131,19
2022-02-23 17:56:36,@matteosalvinimi E caro matteo e tardi bisognava cominciare circa 20 anni fa ora per gli orrori o errori commessi dalla nostra classe politica pagano tutti c'è molto da riflettere politici che pensano solo a se stessi,['matteosalvinimi'],[],E caro matteo e tardi bisognava cominciare circa 20 anni fa ora per gli orrori o errori commessi dalla nostra classe politica pagano tutti c'è molto da riflettere politici che pensano solo a se stessi,217,200,35
2022-02-25 07:37:47,"RT @sullanuvola: Tracciare confini interiori nel deserto, come fossi in fase rem da sveglia",['sullanuvola'],[]," Tracciare confini interiori nel deserto, come fossi in fase rem da sveglia",91,75,12
2022-02-24 15:05:12,Amore quella soffriva per le coliche  #jeru,[],['jeru'],Amore quella soffriva per le coliche jeru,43,41,7
2022-02-24 21:27:45,mano,[],[],mano,4,4,1
2022-02-23 20:41:11,@_anna_ix chi io? 🤪,['_anna_ix'],[],chi io? 🤪,19,9,3
2022-02-24 15:35:05,"RT @HESMYLFINELINE: D: “Quando le dicono qualcosa gli altri pensa a sua figlia a casa, quando le cose le dice lei non ci pensa a sua figlia…",['HESMYLFINELINE'],[]," D: “Quando le dicono qualcosa gli altri pensa a sua figlia a casa, quando le cose le dice lei non ci pensa a sua figlia…",140,121,25
2022-02-24 21:37:31,Loro 3 facendo il ritratto perfetto del panettiere,[],[],Loro 3 facendo il ritratto perfetto del panettiere,50,50,8
2022-02-24 14:47:12,@LucaGadda75 SEGNALATE QUESTO TWEET CON FOTO FAKE! Facciamolo tutti!,['LucaGadda75'],[],SEGNALATE QUESTO TWEET CON FOTO FAKE! Facciamolo tutti!,68,55,8
2022-02-24 22:44:26,@stato_libero4 SEMPRE AVANTI ROSALINDA❤️,['stato_libero4'],[],SEMPRE AVANTI ROSALINDA❤️,40,25,3
2022-02-24 15:03:53,"Sei ancora tu
Purtroppo l'unico
Ancora tu
L'incorregibile
Ma lasciarti (dentro di me) non è
Possibile
No, lasciarti (andar via) non (mi) #èpossibile 
@UnTemaAlGiorno",['UnTemaAlGiorno'],['èpossibile'],"Sei ancora tu Purtroppo l'unico Ancora tu L'incorregibile Ma lasciarti (dentro di me) non è Possibile No, lasciarti (andar via) non (mi) èpossibile",165,147,23
2022-02-24 21:52:31,Y después la trola era yo jsjsjsjsjsjsjsj ay onvresss,[],[],Y después la trola era yo jsjsjsjsjsjsjsj ay onvresss,53,53,9
2022-02-24 10:59:02,Mahmood sogna di volare su una bici di diamanti e io sogno sta roba ok normale,[],[],Mahmood sogna di volare su una bici di diamanti e io sogno sta roba ok normale,78,78,16
2022-02-24 23:48:56,@reellita Ma sopratutto aprire la casa facendo passare nel torto lulù e Jessica che non ne potevano sapere nulla se l’altra da fuori scrive un post che tra l’altro è il pensiero comune di mezza Italia,['reellita'],[],Ma sopratutto aprire la casa facendo passare nel torto lulù e Jessica che non ne potevano sapere nulla se l’altra da fuori scrive un post che tra l’altro è il pensiero comune di mezza Italia,200,190,35
2022-02-24 07:24:52,"-disgregazione della Jugoslavia
-#guerra in Kosovo
-11/9
-guerra in Afghanistan
-#crisi economica
-crisi climatica
-guerra in Donbass
-#pandemia
-crisi energetica
-guerra in Ucraina

In sintesi, ciò che hanno visto i miei coetanei finora.

""Il più lungo periodo di pace del mondo""",[],"['guerra', 'crisi', 'pandemia']","-disgregazione della Jugoslavia -guerra in Kosovo -11/9 -guerra in Afghanistan -crisi economica -crisi climatica -guerra in Donbass -pandemia -crisi energetica -guerra in Ucraina In sintesi, ciò che hanno visto i miei coetanei finora. ""Il più lungo periodo di pace del mondo""",280,275,41
2022-02-24 21:41:42,"RT @liliaragnar: Steve #Bannon : ""I #Clinton hanno trasformato l'Ucraina in una colonia per rubare soldi""
Bannon non si è tirato indietro…",['liliaragnar'],"['Bannon', 'Clinton']"," Steve Bannon : ""I Clinton hanno trasformato l'Ucraina in una colonia per rubare soldi"" Bannon non si è tirato indietro…",138,120,20
2022-02-24 00:12:39,RT @larry28____: non so più quante volte ho riascoltato sto pezzo ⚰️ https://t.co/akh0xeio30,['larry28____'],[], non so più quante volte ho riascoltato sto pezzo ⚰️,92,52,10
2022-02-24 09:52:58,"RT @Titty43815: "" Siamo stati fottuti con GRAD (sistema razzi) è un bene che siamo tutti vivi ora. Per ogni evenienza, mamma papà vi amo, a…",['Titty43815'],[]," "" Siamo stati fottuti con GRAD (sistema razzi) è un bene che siamo tutti vivi ora. Per ogni evenienza, mamma papà vi amo, a…",140,125,24
2022-02-24 22:09:34,"RT @NicoleCris_C: Lo dice Soleil che in casa nessuno è santo e tutti gli vanno contro, lo dice Alfonso e applaudono dicendo “ ooh bravo Alf…",['NicoleCris_C'],[]," Lo dice Soleil che in casa nessuno è santo e tutti gli vanno contro, lo dice Alfonso e applaudono dicendo “ ooh bravo Alf…",140,123,24
2022-02-25 03:10:39,"RT @Sekhmet83P: Indovinate da che parte stanno i soros 

Con l ucraina filonazista 

Ora sapete chi sono I buoni!
Russia always 
Grande put…",['Sekhmet83P'],[], Indovinate da che parte stanno i soros Con l ucraina filonazista Ora sapete chi sono I buoni! Russia always Grande put…,140,120,21
2022-02-24 17:41:10,"@yenisey74 Smetto di seguirla per un pò sperando di ritrovarla presto a parlare di libri. 
Non me ne voglia. 
#noallaguerra",['yenisey74'],['noallaguerra'],Smetto di seguirla per un pò sperando di ritrovarla presto a parlare di libri. Non me ne voglia. noallaguerra,123,109,19
2022-02-24 21:48:28,"La falsità di Davide. 

Un lupo travestito da agnellino. #gfvip #solearmy https://t.co/MwFoDgMTL5",[],"['gfvip', 'solearmy']",La falsità di Davide. Un lupo travestito da agnellino. gfvip solearmy,97,69,11
2022-02-25 02:47:43,RT @aboutme____38: Basciano ha distrutto l'elfo dicendo che J è timida nei momenti giusti perché a un certo punto è l'altra parte che deve…,['aboutme____38'],[], Basciano ha distrutto l'elfo dicendo che J è timida nei momenti giusti perché a un certo punto è l'altra parte che deve…,139,121,22
2022-02-24 08:27:41,"RT @ErasmoDAngelis: Sarà che sono ottimista ma mai avrei immaginato nel 2022 questa guerra d’invasione e l’ordine d’attacco di #Putin, le b…",['ErasmoDAngelis'],['Putin']," Sarà che sono ottimista ma mai avrei immaginato nel 2022 questa guerra d’invasione e l’ordine d’attacco di Putin, le b…",140,120,20
2022-02-24 09:10:41,"@rotanicolas E' intervenuto Di Maio, non lo dimentichi. Si è mosso persino Del Rio per ricordare che i confini delle nazioni sono inviolabili... https://t.co/5F7hSlemOR",['rotanicolas'],[],"E' intervenuto Di Maio, non lo dimentichi. Si è mosso persino Del Rio per ricordare che i confini delle nazioni sono inviolabili...",168,131,22
2022-02-24 09:30:51,RT @ludomiyy: Mi sto convincendo che la puntata finirà bene e che le carte del divorzio saranno all'inizio per poi passare una puntata di f…,['ludomiyy'],[], Mi sto convincendo che la puntata finirà bene e che le carte del divorzio saranno all'inizio per poi passare una puntata di f…,140,127,23
2022-02-24 15:13:25,"Bisogna essere in malafede o abbastanza ignoranti per stupirsi che la NATO non intervenga. I trattati sono chiari, la NATO non può intervenire in una situazione del genere, pena perdere metà degli stati membri. Non è questione di mancanza di volontà, ma di Stato di diritto.",[],[],"Bisogna essere in malafede o abbastanza ignoranti per stupirsi che la NATO non intervenga. I trattati sono chiari, la NATO non può intervenire in una situazione del genere, pena perdere metà degli stati membri. Non è questione di mancanza di volontà, ma di Stato di diritto.",274,274,46
2022-02-24 11:18:40,@interxlauti La mia fonte me lo da per fatto,['interxlauti'],[],La mia fonte me lo da per fatto,44,31,8
2022-02-23 17:07:55,@biglittleliees penso quando david3 stava raccontando della scena che non gli usciva e ha detto sembravo un d*wn,['biglittleliees'],[],penso quando david3 stava raccontando della scena che non gli usciva e ha detto sembravo un d*wn,112,96,17
2022-02-24 06:46:34,RT @nucciogatto: #Pfitzer ringrazia per gli 81 miliardi di fatturato nel 2021 e ci ripaga licenziando 200 operai nello stabilimento di #Cat…,['nucciogatto'],['Pfitzer'], Pfitzer ringrazia per gli 81 miliardi di fatturato nel 2021 e ci ripaga licenziando 200 operai nello stabilimento di Cat…,140,122,20
2022-02-23 17:57:06,RT @Pape00218758: Ciao bellissima!#ÖzgeGürel 😍 https://t.co/lueRSOa6Y2,['Pape00218758'],['ÖzgeGürel'], Ciao bellissima!ÖzgeGürel 😍,70,28,3
2022-02-23 19:06:09,RT @LucianoCesarett: Terze dosi crollate quasi a zero.  Ci sono 11 milioni di no-booster che si sommano ai circa 8 milioni di novax. Mica m…,['LucianoCesarett'],[], Terze dosi crollate quasi a zero. Ci sono 11 milioni di no-booster che si sommano ai circa 8 milioni di novax. Mica m…,140,119,23
2022-02-23 17:12:30,"RT @OrioliPaolo: Cittadinanza onoraria per 11mila ragazzi.
Brava #Bologna e bravo @matteolepore 👏 https://t.co/CdR5E1dd6D","['OrioliPaolo', 'matteolepore']",['Bologna'], Cittadinanza onoraria per 11mila ragazzi. Brava Bologna e bravo 👏,121,66,10
2022-02-23 19:01:26,"@louiseiuncesso Grazie,non ho fatto niente😊.Comunque i miei sono stati pure separati e poi sono tornati insieme.Per me sbagliando.",['louiseiuncesso'],[],"Grazie,non ho fatto niente😊.Comunque i miei sono stati pure separati e poi sono tornati insieme.Per me sbagliando.",130,114,17
2022-02-23 21:01:21,"magari è vero cioè
è lei che dovrebbe meritare una figlia migliore chissà",[],[],magari è vero cioè è lei che dovrebbe meritare una figlia migliore chissà,73,73,13
2022-02-23 20:47:27,"@TIM_Official @TIM4USara @TIM4UFabio @TIM4ULuca Ciao, da settembre la mia adsl é passata da 29,90€ al mese a 49,90€, prezzo completamente fuori mercato con i vari Iliad a 15,99€, Poste Casa 19,90€ e Fastweb 26,90€.
Da novembre, e dopo aver ri-chiamato 4 volte, sto aspettando di venir contattato per una proposta.","['TIM_Official', 'TIM4USara', 'TIM4UFabio', 'TIM4ULuca']",[],"Ciao, da settembre la mia adsl é passata da 29,90€ al mese a 49,90€, prezzo completamente fuori mercato con i vari Iliad a 15,99€, Poste Casa 19,90€ e Fastweb 26,90€. Da novembre, e dopo aver ri-chiamato 4 volte, sto aspettando di venir contattato per una proposta.",313,265,46
2022-02-25 06:38:01,"#Media falsi e spacciatori di paura e odio.
Thread 👇",[],['Media'],Media falsi e spacciatori di paura e odio. Thread 👇,52,51,10
2022-02-24 21:53:57,RT @Oscunenger_: como te va a ganar el Barcelona jsjsjs diminuto 👌🏻,['Oscunenger_'],[], como te va a ganar el Barcelona jsjsjs diminuto 👌🏻,67,51,10
2022-02-23 18:49:05,L’ENTRATA DI ALBERT #911onRai,[],['911onRai'],L’ENTRATA DI ALBERT 911onRai,29,28,4
2022-02-24 15:31:06,La nefanda aggressione del dittatore Putin ci insegna che l'Italia ha bisogno subito del secondo emendamento 🙏🔫,[],[],La nefanda aggressione del dittatore Putin ci insegna che l'Italia ha bisogno subito del secondo emendamento 🙏🔫,111,111,17
2022-02-25 04:03:39,non fosse stato per focaccina e il biliardo..mo si sta iniziando ad accollare di nuovo #jeru,[],['jeru'],non fosse stato per focaccina e il biliardo..mo si sta iniziando ad accollare di nuovo jeru,92,91,16
2022-02-24 18:08:57,RT @flowerfornam: è iniziata la guerra e io mi chiedo quando le cose brutte finiranno perché da due anni a questa parte non è più vivere. o…,['flowerfornam'],[], è iniziata la guerra e io mi chiedo quando le cose brutte finiranno perché da due anni a questa parte non è più vivere. o…,140,123,25
2022-02-23 19:19:48,"RT @EmidioLiutaio: Restauro violoncello
Sanate tutte le crepe del piano armonico e ripresa la forma con tutti gli zocchetti di rinforzo,poc…",['EmidioLiutaio'],[]," Restauro violoncello Sanate tutte le crepe del piano armonico e ripresa la forma con tutti gli zocchetti di rinforzo,poc…",140,122,19
2022-02-24 07:27:00,@Dani831062731 lui glielo ha ridetto a jess della love boat e jess gli ha risposto con una frecciata “se non la chiedi mica te la offrono” 😂😂,['Dani831062731'],[],lui glielo ha ridetto a jess della love boat e jess gli ha risposto con una frecciata “se non la chiedi mica te la offrono” 😂😂,141,126,26
2022-02-23 22:40:13,Mano,[],[],Mano,4,4,1
2022-02-23 21:59:14,22:54 #A3 Traffico da Barriera Di Nocera Inferiore a Nocera.Velocità:11Km/h,[],['A3'],22:54 A3 Traffico da Barriera Di Nocera Inferiore a Nocera.Velocità:11Km/h,75,74,10
2022-02-24 06:43:26,RT @Ba1974Ba: Mio fratello è amico di una coppia il cui marito lavora accanto a Putin is the new me l’ha detto mio cuggino.,['Ba1974Ba'],[], Mio fratello è amico di una coppia il cui marito lavora accanto a Putin is the new me l’ha detto mio cuggino.,123,110,22
2022-02-24 11:37:23,sto unfollowando chi trovo in tl che scrive minchiate. scusate ma oggi non me la sento proprio di leggere certe cose.,[],[],sto unfollowando chi trovo in tl che scrive minchiate. scusate ma oggi non me la sento proprio di leggere certe cose.,117,117,21
2022-02-24 17:11:11,@marcoerre_ In che senzzzzooooo,['marcoerre_'],[],In che senzzzzooooo,31,19,3
2022-02-23 21:14:43,"@photosontheroad @MRedivivo @Bolero52111253 E appunto, o scorpione o bilancia. Se sei scorpione vade retro 😂😂😂😂 https://t.co/vKJvz7QibK","['photosontheroad', 'MRedivivo', 'Bolero52111253']",[],"E appunto, o scorpione o bilancia. Se sei scorpione vade retro 😂😂😂😂",135,67,12
2022-02-23 17:04:37,RT @fdragoni: Si mette male,['fdragoni'],[], Si mette male,27,14,3
2022-02-24 17:21:43,"sarai pur cresciuto ma per me rimani lo stesso raviolino di 2 anni fa
 https://t.co/DsHfPOedJA",[],[],sarai pur cresciuto ma per me rimani lo stesso raviolino di 2 anni fa,94,69,14
2022-02-24 23:30:15,"RT @GiampietroFox: Cara la manina, non è stato evitato per grazie dello spirito Santo, ma grazie a qualcuno che ci vede lungo, non trovi?",['GiampietroFox'],[]," Cara la manina, non è stato evitato per grazie dello spirito Santo, ma grazie a qualcuno che ci vede lungo, non trovi?",137,119,22
2022-02-24 09:13:06,Io ho davvero una paura e un’ansia ingestibile,[],[],Io ho davvero una paura e un’ansia ingestibile,46,46,8
2022-02-24 08:08:07,"@kakhakala Stanne fuori, che poi finisci a mengiarti la cravatta come Sakashvili...",['kakhakala'],[],"Stanne fuori, che poi finisci a mengiarti la cravatta come Sakashvili...",83,72,11
2022-02-25 00:49:24,RT @franca705: @martaserafini @MariaAn74105775 Siamo tutti senza più parole di fronte a una follia del genere. Siamo con voi e con tutti i…,"['franca705', 'martaserafini', 'MariaAn74105775']",[], Siamo tutti senza più parole di fronte a una follia del genere. Siamo con voi e con tutti i…,139,93,19
2022-02-23 23:05:56,RT @fabiospes1: @Principe_dUcria @borrillo62 Lo stiamo pensando in molti purtroppo.,"['fabiospes1', 'Principe_dUcria', 'borrillo62']",[], Lo stiamo pensando in molti purtroppo.,83,39,6
2022-02-23 20:47:58,"@Polianthea1 si dovevamo iniziare prima del covid ma come ben sai non è andata molto bene, quindi quest’anno è la prima volta",['Polianthea1'],[],"si dovevamo iniziare prima del covid ma come ben sai non è andata molto bene, quindi quest’anno è la prima volta",125,112,21
2022-02-25 00:24:27,"La caldonazzo fini a ieri era preoccupata se usciva il video stasera invece era un continuo ""tirami fuori il video"".
Tre giorni di censure e non venitemi a dire che non è protetta e aldilà della simpatie dei vari fandom, guardiamo la realtà dei fatti
#gfvip #jeru",[],"['gfvip', 'jeru']","La caldonazzo fini a ieri era preoccupata se usciva il video stasera invece era un continuo ""tirami fuori il video"". Tre giorni di censure e non venitemi a dire che non è protetta e aldilà della simpatie dei vari fandom, guardiamo la realtà dei fatti gfvip jeru",263,261,47
2022-02-24 23:15:18,aaaaaa sto adorando ✨ https://t.co/C5Dxt56H0r,[],[],aaaaaa sto adorando ✨,45,21,4
2022-02-24 12:10:18,RT @bladistic: Quella brutta sensazione di non essere mai abbastanza quando si vorrebbe essere tutto.,['bladistic'],[], Quella brutta sensazione di non essere mai abbastanza quando si vorrebbe essere tutto.,101,87,13
2022-02-24 14:34:21,"@Gigadesires Ed io che temevo ci fosse pure Brunetta...
Vabbè dai, siamo salvi !",['Gigadesires'],[],"Ed io che temevo ci fosse pure Brunetta... Vabbè dai, siamo salvi !",80,67,13
2022-02-24 00:47:39,Anitta in studio 👀 https://t.co/RKepRNSXbr,[],[],Anitta in studio 👀,42,18,4
2022-02-25 06:57:56,"RT @ChiaraRagosta: “Ci sono persone come Albe che ultimamente studia tutto il tempo…” STRA BELLO VECCHIOOO, FIERA DI TE😍❤️‍🔥 #Amici21 https…",['ChiaraRagosta'],['Amici21']," “Ci sono persone come Albe che ultimamente studia tutto il tempo…” STRA BELLO VECCHIOOO, FIERA DI TE😍❤️‍🔥 Amici21 https…",140,121,19
2022-02-24 18:24:56,RT @lavezzof: Conacher: «Per me sarà divertente provare a battere il Berna» ⁦@HCAP1937⁩  https://t.co/RVc76ZDVRA,"['lavezzof', 'HCAP1937']",[], Conacher: «Per me sarà divertente provare a battere il Berna» ⁦⁩,112,65,11
2022-02-24 10:15:54,@danyfatabolat Si e quello è K seduto. Sono negli uffici della BraveBorn,['danyfatabolat'],[],Si e quello è K seduto. Sono negli uffici della BraveBorn,72,57,11
2022-02-24 20:51:14,"RT @MilanWorldForum: Bennacer Milan: accordo trovato. Le news

QUI -) https://t.co/IedT2tk5DC

#Milan #Bennacer #Calciomercato",['MilanWorldForum'],"['Milan', 'Bennacer', 'Calciomercato']", Bennacer Milan: accordo trovato. Le news QUI -) Milan Bennacer Calciomercato,126,77,11
2022-02-24 15:56:05,"@Giorgio00421018 Grazie, un po' troppa confusione ovviamente, rientriamo alla base😄",['Giorgio00421018'],[],"Grazie, un po' troppa confusione ovviamente, rientriamo alla base😄",83,66,9
2022-02-24 23:19:54,Mi sto chiedendo Ma sto deficiente ci crede a quello che dice,[],[],Mi sto chiedendo Ma sto deficiente ci crede a quello che dice,61,61,12
2022-02-24 11:10:57,"#ForzaPutin la russia
 fa la storia
l'europa la soia",[],['ForzaPutin'],ForzaPutin la russia fa la storia l'europa la soia,52,50,9
2022-02-23 21:14:03,Sophie parla delle caratteristiche dei segni zodiacali come se stesse esponendo un trattato di fisica quantistica #jeru,[],['jeru'],Sophie parla delle caratteristiche dei segni zodiacali come se stesse esponendo un trattato di fisica quantistica jeru,119,118,17
2022-02-24 10:24:55,@ladoria1 in progressione de l'anima de li mortacci loro,['ladoria1'],[],in progressione de l'anima de li mortacci loro,56,46,8
2022-02-24 11:18:09,"@Casmithismo3 Come cazzo se la villa sto alieno, Alieno ALIENO ALIENOOOOOO SE LA CHILLA ALIENOOOO ALIENOOOOOOO IN CHILL ALIENOOOOOOO SE LA CHILLA",['Casmithismo3'],[],"Come cazzo se la villa sto alieno, Alieno ALIENO ALIENOOOOOO SE LA CHILLA ALIENOOOO ALIENOOOOOOO IN CHILL ALIENOOOOOOO SE LA CHILLA",145,131,21
2022-02-23 20:37:45,Mano,[],[],Mano,4,4,1
2022-02-24 22:27:52,"RT @marlufairy: Sapete qual è la verità? Lulù non è invidiosa proprio di nessuno, lei è ha il suo mondo, il resto intorno non conta. Che le…",['marlufairy'],[]," Sapete qual è la verità? Lulù non è invidiosa proprio di nessuno, lei è ha il suo mondo, il resto intorno non conta. Che le…",140,125,25
2022-02-23 21:59:13,@autvmnleavxs questo è... fantasioso PUAHHAHAHA,['autvmnleavxs'],[],questo è... fantasioso PUAHHAHAHA,47,33,4
2022-02-24 19:34:58,"È perfetta, PERFETTA! https://t.co/jrGO1d16E8",[],[],"È perfetta, PERFETTA!",45,21,3
2022-02-24 22:38:15,Ovviamente per l'ennesima volta si trova lo spazio per alcuni e si buttano nel cesso quelli che potrebbero essere bei momenti! #jerù #jessvip,[],"['jerù', 'jessvip']",Ovviamente per l'ennesima volta si trova lo spazio per alcuni e si buttano nel cesso quelli che potrebbero essere bei momenti! jerù jessvip,141,139,23
2022-02-23 23:47:52,"Una coppia di bradipi privi di ciorta,coraggio e tempismo ci siamo scelti #jeru",[],['jeru'],"Una coppia di bradipi privi di ciorta,coraggio e tempismo ci siamo scelti jeru",79,78,13
2022-02-23 20:45:02,RT @metaanto: idiozia della Palomba: fino agli anni 70 il sud Italia aveva un reddito pro capite più alto Oggi è peggiorato tutto Hai dimen…,['metaanto'],[], idiozia della Palomba: fino agli anni 70 il sud Italia aveva un reddito pro capite più alto Oggi è peggiorato tutto Hai dimen…,140,127,23
2022-02-24 08:29:49,"LE PAROLE DEL CAPITANO
«Il loro campo è storicamente uno dei più solidi e l’Olympiacos nella partita di andata a Milano ci ha battuto pesantemente» https://t.co/Bo3gqaPNRN",[],[],LE PAROLE DEL CAPITANO «Il loro campo è storicamente uno dei più solidi e l’Olympiacos nella partita di andata a Milano ci ha battuto pesantemente»,171,147,25
2022-02-24 10:24:44,@imluca_ ma come fai a indovinarle al primo colpo…,['imluca_'],[],ma come fai a indovinarle al primo colpo…,50,41,8
2022-02-24 21:01:42,"@OGiannino @DAVIDPARENZO @myrtamerlino 
Capite che il ridicolo non sa più cosa fare dopo aver obbligato Russia a invadere Ucraina?","['OGiannino', 'DAVIDPARENZO', 'myrtamerlino']",[],Capite che il ridicolo non sa più cosa fare dopo aver obbligato Russia a invadere Ucraina?,130,90,16
2022-02-23 20:09:27,RT @Brendalena_: No si la culpa siempre es de Volkov akjsaksjaksa,['Brendalena_'],[], No si la culpa siempre es de Volkov akjsaksjaksa,65,49,9
2022-02-23 20:20:30,"Uno dei requisiti infrastrutturali del metaverso sarà la connessione, infatti servirà la ftth per potervi partecipare!",[],[],"Uno dei requisiti infrastrutturali del metaverso sarà la connessione, infatti servirà la ftth per potervi partecipare!",118,118,16
2022-02-24 23:49:46,@iamLP9 vedi che sei un parla parla mica avevi sonno invece non volevi fare il gioco,['iamLP9'],[],vedi che sei un parla parla mica avevi sonno invece non volevi fare il gioco,84,76,15
2022-02-23 21:24:59,"Mamma mia su sto feisbuc non si capisce più un cazzo

#chilhavisto",[],['chilhavisto'],Mamma mia su sto feisbuc non si capisce più un cazzo chilhavisto,66,64,12
2022-02-23 17:31:11,"RT @webecodibergamo: Draghi: «Non prorogheremo lo stato di emergenza. Basta mascherine Ffp2 a scuola»

https://t.co/CE6Nt3dAPM",['webecodibergamo'],[], Draghi: «Non prorogheremo lo stato di emergenza. Basta mascherine Ffp2 a scuola»,126,81,12
2022-02-24 21:12:32,RT @DavideZacc: @GrandeFratello Gran maleducata katia e cattiva inside,"['DavideZacc', 'GrandeFratello']",[], Gran maleducata katia e cattiva inside,70,39,6
2022-02-24 17:54:42,"@Bk20Giu Prego, prossima volta passa oltre al mio tweet così risparmiamo tempo 👋",['Bk20Giu'],[],"Prego, prossima volta passa oltre al mio tweet così risparmiamo tempo 👋",80,71,12
2022-02-24 17:17:54,@autvmnleavxs NON VALE😢,['autvmnleavxs'],[],NON VALE😢,23,9,2
2022-02-23 17:26:57,"RT @fanpage: Mario Draghi annuncia la fine dello #statodiemergenza, due anni dopo lo scoppio della pandemia. https://t.co/xmDYjXV4lU",['fanpage'],['statodiemergenza']," Mario Draghi annuncia la fine dello statodiemergenza, due anni dopo lo scoppio della pandemia.",132,95,14
2022-02-24 00:03:46,"@bab_tuit Ma non è che per fomentarle deve mettere like ai tweet in cui parlano della mafia delle coppie, degli incontri segreti o in cui minacciano e offendono il fidanzato
e ci mancherebbe
Basta molto meno per legittimarle a continuare, tipo i like e i segui che mette e che non ⬇️",['bab_tuit'],[],"Ma non è che per fomentarle deve mettere like ai tweet in cui parlano della mafia delle coppie, degli incontri segreti o in cui minacciano e offendono il fidanzato e ci mancherebbe Basta molto meno per legittimarle a continuare, tipo i like e i segui che mette e che non ⬇️",283,273,51
2022-02-23 22:34:24,"RT @ilMenestrelloh: HO SCRITTO A ILARY SU INSTAGRAM
#tottiilary #ilaryblasi #Totti https://t.co/VqaCCDgOUs",['ilMenestrelloh'],"['tottiilary', 'ilaryblasi', 'Totti']", HO SCRITTO A ILARY SU INSTAGRAM tottiilary ilaryblasi Totti,106,60,9
2022-02-24 19:47:47,@GiorgiaMeloni Praticamente si invita un paese estero ad interferire nella politica italiana? 😵‍💫🥴😱😱😱😱,['GiorgiaMeloni'],[],Praticamente si invita un paese estero ad interferire nella politica italiana? 😵‍💫🥴😱😱😱😱,102,87,12
2022-02-24 14:23:19,RT @LBiglione: Quando mai prima di #Conte è stato permesso a delle spie russe di passare  in parata militare le strade di un paese Nato? No…,['LBiglione'],['Conte'], Quando mai prima di Conte è stato permesso a delle spie russe di passare in parata militare le strade di un paese Nato? No…,140,124,24
2022-02-23 20:34:09,la domanda mi devasta https://t.co/AKAsuVfcGg,[],[],la domanda mi devasta,45,21,4
2022-02-23 21:26:16,"Fra onde di tenebre
risplende un tridente
un battito di palpebre
la scintilla lucente

#LeAlbeDellaVita #CasaLettori @CasaLettori #scritturebrevi

#istantaneeDa Bollate, Milano #inLombardia

#ThePhotoHour #MacroHour https://t.co/52d5svjiqR",['CasaLettori'],"['LeAlbeDellaVita', 'CasaLettori', 'scritturebrevi', 'istantaneeDa', 'inLombardia', 'ThePhotoHour', 'MacroHour']","Fra onde di tenebre risplende un tridente un battito di palpebre la scintilla lucente LeAlbeDellaVita CasaLettori scritturebrevi istantaneeDa Bollate, Milano inLombardia ThePhotoHour MacroHour",239,192,23
2022-02-24 10:44:16,"RT @cf_ita: 📄 Quando in America si alza la voce nel calcio femminile

🖋 Marco Villani

https://t.co/MiBzLGd6ld",['cf_ita'],[], 📄 Quando in America si alza la voce nel calcio femminile 🖋 Marco Villani,110,73,14
2022-02-25 00:18:57,@IlGenerale97 Terrificante!L'omologazione dei mononeuroni.,['IlGenerale97'],[],Terrificante!L'omologazione dei mononeuroni.,58,44,3
2022-02-24 16:22:21,RT @gabrygabr: @EmaGiulianelli @olgatokariuk Assolutamente si. La mia posizione non potrà mai essere filo-Americana e filo-NATO,"['gabrygabr', 'EmaGiulianelli', 'olgatokariuk']",[], Assolutamente si. La mia posizione non potrà mai essere filo-Americana e filo-NATO,127,83,12
2022-02-24 09:35:24,@smxworld io questi li manderei nel Donbass a fare un giro un paio di settimane.,['smxworld'],[],io questi li manderei nel Donbass a fare un giro un paio di settimane.,80,70,14
2022-02-24 20:34:31,"RT @Gizmo_HH: Non vedo l’ora di scendere in guerra per il Paese che mi ha rovinato e umiliato per due anni, non saboterò nulla nono",['Gizmo_HH'],[]," Non vedo l’ora di scendere in guerra per il Paese che mi ha rovinato e umiliato per due anni, non saboterò nulla nono",131,118,23
2022-02-24 05:42:04,Nn abbiamo imparato nulla. #RussiaUkraineConflict #RussiaUcraina #invasionUkraine https://t.co/kZQCNRVVAd,[],"['RussiaUkraineConflict', 'RussiaUcraina', 'invasionUkraine']",Nn abbiamo imparato nulla. RussiaUkraineConflict RussiaUcraina invasionUkraine,105,78,7
2022-02-25 05:32:33,RT @MMmarco0: Eruzione dell'Etna vista dalle Isole Eolie. https://t.co/lHsPtguMgc,['MMmarco0'],[], Eruzione dell'Etna vista dalle Isole Eolie.,81,44,6
2022-02-24 23:14:09,Io ascoltando Soleil e sto pippone... #gfvip https://t.co/FoAmtyPCBG,[],['gfvip'],Io ascoltando Soleil e sto pippone... gfvip,68,43,7
2022-02-24 13:45:05,@albiuno Ma vedi un po'...🤔🤔🤔 https://t.co/h8IEwzrzXW,['albiuno'],[],Ma vedi un po'...🤔🤔🤔,53,20,4
2022-02-23 19:00:56,"grazie per queste ore di serotonina, ne avevo proprio bisogno
vvb <3 
#gavetta",[],['gavetta'],"grazie per queste ore di serotonina, ne avevo proprio bisogno vvb <3 gavetta",78,76,13
2022-02-23 16:35:01,"@AMIN1908_ Non forte,di più",['AMIN1908_'],[],"Non forte,di più",27,16,3
2022-02-23 21:26:39,"RT @Ginevra_Carrero: Il mio cane non morde, giudica. https://t.co/Q1L0enmlur",['Ginevra_Carrero'],[]," Il mio cane non morde, giudica.",76,32,6
2022-02-23 19:29:51,@benq_antonio Ma siamo i peggio del mondo questa lo sa!!!,['benq_antonio'],[],Ma siamo i peggio del mondo questa lo sa!!!,57,43,9
2022-02-23 17:50:44,@GattoMassidda ci guadagna più lui che noi a fare ste cose 😂 https://t.co/z4xqUeECR6,['GattoMassidda'],[],ci guadagna più lui che noi a fare ste cose 😂,84,45,11
2022-02-23 22:41:40,"RT @afroditehtr: tu vivi in un solo mondo, 
io dentro mille universi.

#sanremohtr https://t.co/24mb5iVLvT",['afroditehtr'],['sanremohtr']," tu vivi in un solo mondo, io dentro mille universi. sanremohtr",106,63,11
2022-02-23 18:52:15,"RT @OrNella645587: Ci ostiniamo a chiamarli politici ma il quadretto che viene fuori da questo teatrino è altro
Uno spettacolo tragicamente…",['OrNella645587'],[], Ci ostiniamo a chiamarli politici ma il quadretto che viene fuori da questo teatrino è altro Uno spettacolo tragicamente…,140,122,19
2022-02-23 19:05:07,"Gomme e Forchette, una storia stellare https://t.co/JeMHX75naJ",[],[],"Gomme e Forchette, una storia stellare",62,38,6
2022-02-25 03:45:32,Grande Fratello Vip 6 i nominati della puntata del 24 febbraio - #Grande #Fratello #nominati #della https://t.co/4ZYUrqrm3b,[],"['Grande', 'Fratello', 'nominati', 'della']",Grande Fratello Vip 6 i nominati della puntata del 24 febbraio - Grande Fratello nominati della,123,95,16
2022-02-25 02:36:18,"""Cierro mi ciclo"" jajsjsjjajajdjajaj ya de una vez que se corte pelonaaaaa",[],[],"""Cierro mi ciclo"" jajsjsjjajajdjajaj ya de una vez que se corte pelonaaaaa",74,74,12
2022-02-24 20:02:05,RT @pensierounanime: il giorno in cui ho smesso di DORMIRE https://t.co/IRUtdPExni,['pensierounanime'],[], il giorno in cui ho smesso di DORMIRE,82,38,8
2022-02-23 19:35:44,"+ e soprattutto mi ha fatto tanto bene dato che non sono state settimane facili, ma ritrovarmi in certe paure e insicurezze e leggere di come l’amore (non solo quello romantico) possa davvero fare la differenza mi ha scaldato il cuore e ne avevo bisogno ❤️‍🩹",[],[],"+ e soprattutto mi ha fatto tanto bene dato che non sono state settimane facili, ma ritrovarmi in certe paure e insicurezze e leggere di come l’amore (non solo quello romantico) possa davvero fare la differenza mi ha scaldato il cuore e ne avevo bisogno ❤️‍🩹",258,258,46
2022-02-24 21:32:28,si era un attimo rotto dovete perdonarlo lo avete mandato in confusione con tutte quelle lettere comunque io sto soffocando dal ridere per seonghwa e la sua sottile ironia kwkwsbshh https://t.co/K51G6LjNfV,[],[],si era un attimo rotto dovete perdonarlo lo avete mandato in confusione con tutte quelle lettere comunque io sto soffocando dal ridere per seonghwa e la sua sottile ironia kwkwsbshh,205,181,30
2022-02-23 19:44:14,"RT @SapphieVip: Questa domanda l'ha colpita molto

Mio dio questa saffica
Ora non ci dorme la notte e si fa i flash mentali

Io lo so, noi…",['SapphieVip'],[]," Questa domanda l'ha colpita molto Mio dio questa saffica Ora non ci dorme la notte e si fa i flash mentali Io lo so, noi…",139,122,25
2022-02-24 23:31:53,@CiudadCanaria Nonononon no te preocupes XDDD,['CiudadCanaria'],[],Nonononon no te preocupes XDDD,45,30,5
2022-02-23 21:02:38,@minhoviola Che schufo,['minhoviola'],[],Che schufo,22,10,2
2022-02-23 20:19:21,"@cla_juve_38 No dai meglio così,così quegli 11 superstiti che ci saranno a questa strage bianconera,scherzi a parte speriamo di avere solo McKennie e Chiesa out fra 2 settimane, devono impegnarsi a vincerla senza calcoli...",['cla_juve_38'],[],"No dai meglio così,così quegli 11 superstiti che ci saranno a questa strage bianconera,scherzi a parte speriamo di avere solo McKennie e Chiesa out fra 2 settimane, devono impegnarsi a vincerla senza calcoli...",223,210,33
2022-02-24 15:17:07,"RT @AlexBazzaro: Non frega niente a nessuno ma intanto oggi un Ministro francese, che non ha giurato sulla Costituzione per ovvie ragioni,…",['AlexBazzaro'],[]," Non frega niente a nessuno ma intanto oggi un Ministro francese, che non ha giurato sulla Costituzione per ovvie ragioni,…",139,123,20
2022-02-24 05:54:17,"@riotta “Potevano scegliere fra il disonore e la guerra. Hanno scelto il disonore e avranno la guerra.” (Cit.)

Finirà di nuovo così?",['riotta'],[],“Potevano scegliere fra il disonore e la guerra. Hanno scelto il disonore e avranno la guerra.” (Cit.) Finirà di nuovo così?,133,124,21
2022-02-24 23:36:38,"RT @mgdj56: #Biden,da quando si e insediato ha fatto solo danni…vedi l'Afghanistan…ora vuole piegare #Putin…vuole passare nella storia come…",['mgdj56'],"['Biden', 'Putin']"," Biden,da quando si e insediato ha fatto solo danni…vedi l'Afghanistan…ora vuole piegare Putin…vuole passare nella storia come…",140,127,17
2022-02-24 20:51:16,RT @chetempochefa: L’immagine della serata: a San Pietroburgo i cittadini russi manifestano in piazza contro la guerra. Lo stesso sta avven…,['chetempochefa'],[], L’immagine della serata: a San Pietroburgo i cittadini russi manifestano in piazza contro la guerra. Lo stesso sta avven…,140,122,19
2022-02-23 17:53:58,"*nicolas parla in francese*
diamano: “ma chi era, timothée?” 
IL MIO AMORE X QUESTO UOMO 
#gavetta",[],['gavetta'],"*nicolas parla in francese* diamano: “ma chi era, timothée?” IL MIO AMORE X QUESTO UOMO gavetta",98,95,16
2022-02-24 10:57:15,@Armezfn_ @iamliub E normale che vuole fare guerra e pericoloso per la Russia,"['Armezfn_', 'iamliub']",[],E normale che vuole fare guerra e pericoloso per la Russia,77,58,11
2022-02-24 11:11:32,@catiuz92 @teamsoleilsorge Davide ti voglio fuori stasera!,"['catiuz92', 'teamsoleilsorge']",[],Davide ti voglio fuori stasera!,58,31,5
2022-02-23 20:28:16,"RT @ohmnanonitaly: 📢 EVENTO IN PROGRAMMA 📢

📅 : 24 febbraio 2022
🕒: 7pm bkt [ 13:00🇮🇹] 
🔴: Lazada Live 
#ohmnanon #mynameisnanon #ohmpawat…",['ohmnanonitaly'],"['ohmnanon', 'mynameisnanon', 'ohmpawat']", 📢 EVENTO IN PROGRAMMA 📢 📅 : 24 febbraio 2022 🕒: 7pm bkt [ 13:00🇮🇹] 🔴: Lazada Live ohmnanon mynameisnanon ohmpawat…,139,115,21
2022-02-24 15:24:51,Sodalizio UniUd e Confindustria Udine: il ponte tra studenti e imprese - https://t.co/5gnF69VVFj https://t.co/QbAQY3z4c9,[],[],Sodalizio UniUd e Confindustria Udine: il ponte tra studenti e imprese -,120,72,12
2022-02-25 02:40:53,"RT @Soleilcentrica: Sophie of fire difende sua moglie su delia

STO VOLANDO 
🔥🔥🔥🔥🔥
#gfvip #solearmy https://t.co/PQQq5yHfdE",['Soleilcentrica'],"['gfvip', 'solearmy']", Sophie of fire difende sua moglie su delia STO VOLANDO 🔥🔥🔥🔥🔥 gfvip solearmy,123,76,13
2022-02-25 00:06:56,"""Per quello che ne so, non è mai stata mandata in onda""

PERCHÉ CENSURATE APPENA SI NOMINA QUELLA DONNA

#jerù",[],['jerù'],"""Per quello che ne so, non è mai stata mandata in onda"" PERCHÉ CENSURATE APPENA SI NOMINA QUELLA DONNA jerù",110,107,20
2022-02-24 10:29:09,"RT @fratotolo2: I media italiani raccontano la guerra in #Donbass

L’inviata @mannocchia con elmetto mentre le signore anziane passeggiano…","['fratotolo2', 'mannocchia']",['Donbass'], I media italiani raccontano la guerra in Donbass L’inviata con elmetto mentre le signore anziane passeggiano…,139,110,16
2022-02-24 10:57:48,"RT @AnkyBoh: @GuidoCrosetto Aver rovesciato un governo ucraino filorusso nel 2014, ha portato a questa guerra. Certo che ci colpirà pesante…","['AnkyBoh', 'GuidoCrosetto']",[]," Aver rovesciato un governo ucraino filorusso nel 2014, ha portato a questa guerra. Certo che ci colpirà pesante…",140,113,18
2022-02-23 19:10:04,Reminder che l’album dell’anno sarà Motomami,[],[],Reminder che l’album dell’anno sarà Motomami,44,44,6
2022-02-25 01:43:30,@aletimartinez @TV_Publica Siempre con la posta Leti 👏👏👏👏,"['aletimartinez', 'TV_Publica']",[],Siempre con la posta Leti 👏👏👏👏,57,30,6
2022-02-24 16:31:14,RT @dailycaars: 812 GTS in Rosso Rubino https://t.co/sb6629D6ZQ,['dailycaars'],[], 812 GTS in Rosso Rubino,63,24,5
2022-02-24 17:15:56,"RT @ultimora_pol: #UE #Italia #Ucraina #Russia 
Istituzioni europee irritate dal comportamento dell'Italia, dall'Ungheria e di Ciprio, che…",['ultimora_pol'],"['UE', 'Italia', 'Ucraina', 'Russia']"," UE Italia Ucraina Russia Istituzioni europee irritate dal comportamento dell'Italia, dall'Ungheria e di Ciprio, che…",139,117,15
2022-02-23 17:35:51,raga vi confermo che ho delle mie amiche in America e ho consigliato loro di vedere la serie #gavetta,[],['gavetta'],raga vi confermo che ho delle mie amiche in America e ho consigliato loro di vedere la serie gavetta,101,100,19
2022-02-24 07:38:45,Ha.e lere le fatshe letlo bomb'a? 💀,[],[],Ha.e lere le fatshe letlo bomb'a? 💀,35,35,7
2022-02-24 22:54:18,Ma basta sceneggiate di sta Solercia BASTAAA!!!!! #gfvip,[],['gfvip'],Ma basta sceneggiate di sta Solercia BASTAAA!!!!! gfvip,56,55,8
2022-02-24 00:38:17,RT @GeopoliticalCen: La Finlandia è pronta a presentare domanda per l'adesione alla NATO se si presenteranno problemi di sicurezza nazional…,['GeopoliticalCen'],[], La Finlandia è pronta a presentare domanda per l'adesione alla NATO se si presenteranno problemi di sicurezza nazional…,140,120,18
2022-02-23 22:26:24,"@EugenioCusumano Ah, guarda, purtroppo anche su quello sono tranquilli (ed è tranquilla anche l'Europa): tutti gli scarsissimi volumi che ormai transitano da lì sono tranquillamente rimpiazzabili da Yamal e da Turkstream.",['EugenioCusumano'],[],"Ah, guarda, purtroppo anche su quello sono tranquilli (ed è tranquilla anche l'Europa): tutti gli scarsissimi volumi che ormai transitano da lì sono tranquillamente rimpiazzabili da Yamal e da Turkstream.",221,204,30
2022-02-24 20:09:31,"RT @gr_grim: ""Il nostro vivere da liberi"", rendetevi conto. Ci sono svariati milioni di persone - in Italia, non in Ucraina - a cui il Gove…",['gr_grim'],[]," ""Il nostro vivere da liberi"", rendetevi conto. Ci sono svariati milioni di persone - in Italia, non in Ucraina - a cui il Gove…",140,128,24
2022-02-23 17:55:51,"RT @LaVedovaNera5: Io dopo 2 anni davvero mi sono rotta i coglioni di questa storia .. non so ,ma gli altri vivono in un pianeta diverso?…",['LaVedovaNera5'],[]," Io dopo 2 anni davvero mi sono rotta i coglioni di questa storia .. non so ,ma gli altri vivono in un pianeta diverso?…",138,120,24
2022-02-23 21:51:17,"RT @itsmeback_: ""rafforzare il profilo del
NUOVO ORDINE MONDIALE a cui aspiriamo""
Vi presento il partito
di satana, il PD.
👇👇👇 https://t.co…",['itsmeback_'],[]," ""rafforzare il profilo del NUOVO ORDINE MONDIALE a cui aspiriamo"" Vi presento il partito di satana, il PD. 👇👇👇",140,111,19
2022-02-24 17:48:44,@Mamo_lita E' quello che ho detto. Ma chi li libera dopo 8 anni di attacchi del governo nazista ucraino?,['Mamo_lita'],[],E' quello che ho detto. Ma chi li libera dopo 8 anni di attacchi del governo nazista ucraino?,104,93,18
2022-02-23 17:19:19,Voglio i RIS adesso!!!,[],[],Voglio i RIS adesso!!!,22,22,4
2022-02-24 19:37:21,"RT @AStramezzi: Oggi alla Camera venivano discussi gli OdG e si è parlato di una Signora ottantenne
che in Posta
avendo dimenticato il SGP…",['AStramezzi'],[], Oggi alla Camera venivano discussi gli OdG e si è parlato di una Signora ottantenne che in Posta avendo dimenticato il SGP…,139,124,22
2022-02-24 18:25:51,@jacopo_iacoboni Comprese le annessioni di Ossezia e transistria dove l'Occidente non ha fiatato,['jacopo_iacoboni'],[],Comprese le annessioni di Ossezia e transistria dove l'Occidente non ha fiatato,96,79,12
2022-02-24 07:25:42,RT @maxfurini: L”ora del vespro. Tramonto sul Po a #Ficarolo #Polesine #fotografia #paesaggio #travel https://t.co/u314j2gSFV,['maxfurini'],"['Ficarolo', 'Polesine', 'fotografia', 'paesaggio', 'travel']", L”ora del vespro. Tramonto sul Po a Ficarolo Polesine fotografia paesaggio travel,125,82,12
2022-02-23 22:03:54,@Ilbimbodisole1 Ma vi rendete conto della mondezza e rifiuti cosmici di cui parlate? L'avanzo dello struscio dell'aria fritta del nulla,['Ilbimbodisole1'],[],Ma vi rendete conto della mondezza e rifiuti cosmici di cui parlate? L'avanzo dello struscio dell'aria fritta del nulla,135,119,19
2022-02-23 16:30:50,@_izze_ Letteralmente il tuo in realtà,['_izze_'],[],Letteralmente il tuo in realtà,38,30,5
2022-02-23 20:13:47,"RT @13mari81: Mio marito a 37 anni si è ammalato di Leucemia, nessun familiare compatibile, è vivo perché un giorno, anni prima, un ragazzo…",['13mari81'],[]," Mio marito a 37 anni si è ammalato di Leucemia, nessun familiare compatibile, è vivo perché un giorno, anni prima, un ragazzo…",140,127,22
2022-02-24 20:58:52,@CatiaMamone Vedo che hai un libro di Pino Aprile... 10 punti in più!,['CatiaMamone'],[],Vedo che hai un libro di Pino Aprile... 10 punti in più!,69,56,12
2022-02-24 15:34:38,RT @tweet_amici: MIO DIO CRYTICAL ON FIRE CHE DIFENDE I BOYS AMO VEDERLO #Amici21 https://t.co/LY5ToIHdCb,['tweet_amici'],['Amici21'], MIO DIO CRYTICAL ON FIRE CHE DIFENDE I BOYS AMO VEDERLO Amici21,105,64,12
2022-02-24 12:15:56,@VogliaZebra_net @il_bartender assurdo poi che ci siano uomini che vogliono appendere al muro quelle col busto alto una moneta. O no?,"['VogliaZebra_net', 'il_bartender']",[],assurdo poi che ci siano uomini che vogliono appendere al muro quelle col busto alto una moneta. O no?,133,102,19
2022-02-24 21:05:06,ho bisogno di qualcuno che resti sveglio fino a tardi e che parli con me,[],[],ho bisogno di qualcuno che resti sveglio fino a tardi e che parli con me,72,72,15
2022-02-24 20:48:08,@franco_sala E via i clandestini.,['franco_sala'],[],E via i clandestini.,33,20,4
2022-02-24 16:51:47,RT @Nicolas_Maupas: @thankyoumikey @miuumiyy Come vedi tanto veloce da venire sfocato https://t.co/pTclmJScUb,"['Nicolas_Maupas', 'thankyoumikey', 'miuumiyy']",[], Come vedi tanto veloce da venire sfocato,109,41,7
2022-02-24 14:51:32,Hai ragione Roberto! Sono dei cialtroni!!!,[],[],Hai ragione Roberto! Sono dei cialtroni!!!,42,42,6
2022-02-24 15:16:07,"RT @ilbassottoSC: Raimondo che é andato contro il parere di Caterina, un pilastro? 
LEONARDOOO 🔥🔥🔥🔥
#Amici21",['ilbassottoSC'],['Amici21']," Raimondo che é andato contro il parere di Caterina, un pilastro? LEONARDOOO 🔥🔥🔥🔥 Amici21",108,89,14
2022-02-25 07:30:50,"RT @believeinmusic_: clima sereno nell’aria, ho appena letto che chernobyl é al momento sotto il controllo delle truppe e sinceramente anch…",['believeinmusic_'],[]," clima sereno nell’aria, ho appena letto che chernobyl é al momento sotto il controllo delle truppe e sinceramente anch…",140,120,19
2022-02-23 22:12:57,"RT @fran_ozgegurel: IG Story della nostra Queen 👑 @ozgecangurel brilla in tutta la su semplicità 🤩

#ÖzgeGürel #Gürelline https://t.co/oK2k…","['fran_ozgegurel', 'ozgecangurel']","['ÖzgeGürel', 'Gürelline']", IG Story della nostra Queen 👑 brilla in tutta la su semplicità 🤩 ÖzgeGürel Gürelline,140,85,15
2022-02-24 17:38:48,RT @RitaSelvaggia: Mammamia che dolore🌹🌈🙏,['RitaSelvaggia'],[], Mammamia che dolore🌹🌈🙏,41,23,3
2022-02-24 10:37:44,"Senegalesi e indiani sì, europei no #WelcomeUkranian",[],['WelcomeUkranian'],"Senegalesi e indiani sì, europei no WelcomeUkranian",52,51,7
2022-02-24 09:35:26,"Pandemia e guerra tutte 2 uscite dal mano del uomo.. Ma tutto apost?..
Volete sconfiggere Dio?",[],[],Pandemia e guerra tutte 2 uscite dal mano del uomo.. Ma tutto apost?.. Volete sconfiggere Dio?,94,94,16
2022-02-23 17:26:24,RT @StalkerAnsya: Florence non siamo degni di vivere sul tuo stesso pianeta e respirare la tua stessa aria ma accetta la nostra fede,['StalkerAnsya'],[], Florence non siamo degni di vivere sul tuo stesso pianeta e respirare la tua stessa aria ma accetta la nostra fede,132,115,21
2022-02-23 18:19:14,che poi prima di ascoltarla pensavo che fosse una canzone loro con lo stesso titolo di quella di billie 💀,[],[],che poi prima di ascoltarla pensavo che fosse una canzone loro con lo stesso titolo di quella di billie 💀,105,105,20
2022-02-24 20:47:49,L'alpe ha il mio cuore,[],[],L'alpe ha il mio cuore,22,22,5
2022-02-23 17:38:51,RT @roserome1927: @ matteo gli addominali come stanno? capisco la riservatezza ma noi siamo preoccupati,['roserome1927'],[], @ matteo gli addominali come stanno? capisco la riservatezza ma noi siamo preoccupati,103,86,13
2022-02-24 19:35:54,"RT @gparagone: Si deve fare come dice #Draghi:
Puntura obbligatoria per gli #over50 e #GreenPass per andare a lavorare ed entrare in posta.…",['gparagone'],"['Draghi', 'over50', 'GreenPass']", Si deve fare come dice Draghi: Puntura obbligatoria per gli over50 e GreenPass per andare a lavorare ed entrare in posta.…,140,123,21
2022-02-24 15:42:04,"Oggi zero concentrazione in tutto, non riesco a smettere di pensare a quello che sta succedendo",[],[],"Oggi zero concentrazione in tutto, non riesco a smettere di pensare a quello che sta succedendo",95,95,16
2022-02-23 18:07:42,"RT @Armada69895228: TUTTI SONO CONTRO, QUELLI CON COMPAIONO DA SEMPRE FANNO I ""PALI"" STRATEGICI, E SON ANCHE PEGGIO DEI PRINCIPALI.",['Armada69895228'],[]," TUTTI SONO CONTRO, QUELLI CON COMPAIONO DA SEMPRE FANNO I ""PALI"" STRATEGICI, E SON ANCHE PEGGIO DEI PRINCIPALI.",131,112,18
2022-02-24 12:09:43,"RT @Agostino35: Alla fine siamo rimasti uomini delle caverne, la sola differenza sta nelle armi a disposizione quindi in realtà siamo peggi…",['Agostino35'],[]," Alla fine siamo rimasti uomini delle caverne, la sola differenza sta nelle armi a disposizione quindi in realtà siamo peggi…",140,125,20
2022-02-24 20:13:41,E CON IL BRASILE A BORDO SIAMO PRONTI A TUTTE LE BATTAGLIE #jeru,[],['jeru'],E CON IL BRASILE A BORDO SIAMO PRONTI A TUTTE LE BATTAGLIE jeru,64,63,13
2022-02-23 21:01:19,RT @Alba96258705: Bella la nostra Soleil #teamsoleil #soleilarmy https://t.co/I157nsr6ss,['Alba96258705'],"['teamsoleil', 'soleilarmy']", Bella la nostra Soleil teamsoleil soleilarmy,88,45,6
2022-02-24 10:29:03,RT @Giulia21033933: @NicolaPorro L'ISS cosa ne pensa di ciò???!!! tutto bene???⬇️⬇️⬇️ https://t.co/ODvX2cuduN,"['Giulia21033933', 'NicolaPorro']",[], L'ISS cosa ne pensa di ciò???!!! tutto bene???⬇️⬇️⬇️,109,53,8
2022-02-24 07:32:35,"#EuropaLeague, #NapoliBarcellona: probabili formazioni e dove vederla in tv https://t.co/6SGPEirNV3 https://t.co/SulCNOsoJV",[],"['EuropaLeague', 'NapoliBarcellona']","EuropaLeague, NapoliBarcellona: probabili formazioni e dove vederla in tv",123,73,9
2022-02-24 15:52:09,Pensavo che gli stesse per fare i grattini e mi è tornata in mente lulù che alle cinque la cazzia perchè lei aveva detto di farglieli #jerù https://t.co/f7BDbr2Nuo,[],['jerù'],Pensavo che gli stesse per fare i grattini e mi è tornata in mente lulù che alle cinque la cazzia perchè lei aveva detto di farglieli jerù,163,138,27
2022-02-24 13:45:39,"RT @adaptland: Ecco il IV Rapporto annuale #welfare occupazionale e #welfareaziendale in Italia, da quest'anno elaborato con @Intesasanpaol…",['adaptland'],"['welfare', 'welfareaziendale']"," Ecco il IV Rapporto annuale welfare occupazionale e welfareaziendale in Italia, da quest'anno elaborato con …",140,110,16
2022-02-24 07:18:17,"Bibbia in un anno

Genesi 36-37
https://t.co/Gkdxq7ECjT

Matteo 12,1-21
https://t.co/nUkAlRtGee",[],[],"Bibbia in un anno Genesi 36-37 Matteo 12,1-21",95,45,8
2022-02-24 22:38:13,"vi dicono che stampare moneta non crea inflazione, poi però per destabilizzare il sistema monetario di alcuni paesi immettono nell'economia banconote false per aumentare l'inflazione 

Lo stesso ha fatto la Francia in Guinea https://t.co/TFiDqLFCQL",[],[],"vi dicono che stampare moneta non crea inflazione, poi però per destabilizzare il sistema monetario di alcuni paesi immettono nell'economia banconote false per aumentare l'inflazione Lo stesso ha fatto la Francia in Guinea",248,222,33
2022-02-24 15:18:29,RT @HESMYLFINELINE: LA MANO MIO DIO SONO DEBOLE #jeru https://t.co/nQ3tgoMivm,['HESMYLFINELINE'],['jeru'], LA MANO MIO DIO SONO DEBOLE jeru,77,33,7
2022-02-24 20:20:11,"@Anna19747174 Manu, oltre  ad essere bellissimo esteticamente e’ una persona speciale 😍 Antonio e’solo un bello che non balla ,",['Anna19747174'],[],"Manu, oltre ad essere bellissimo esteticamente e’ una persona speciale 😍 Antonio e’solo un bello che non balla ,",127,112,19
2022-02-25 07:17:50,Qualche giorno fa il ceo di Moderna aveva venduto 400milioni 💵 delle azioni personali #Moderna un Veggente.?,[],['Moderna'],Qualche giorno fa il ceo di Moderna aveva venduto 400milioni 💵 delle azioni personali Moderna un Veggente.?,108,107,17
2022-02-24 10:20:30,RT @tuseicomeme: Jessica sta diventando ossessionata contro le persone solo per ottonere barù ! Imbarazzante .. mettono sotto torchio Anton…,['tuseicomeme'],[], Jessica sta diventando ossessionata contro le persone solo per ottonere barù ! Imbarazzante .. mettono sotto torchio Anton…,140,124,18
2022-02-24 08:12:26,"RT @paoloroversi: Non si impara mai dalla storia, purtroppo #RussiaUkraineConflict",['paoloroversi'],['RussiaUkraineConflict']," Non si impara mai dalla storia, purtroppo RussiaUkraineConflict",82,64,8
2022-02-23 18:37:04,"siccome non posso parlare, davide ci parli dei tuoi amici di cassino e perché non esci mai qui? io sono su tw a chiederti pubblicamente di uscire a cassino che ti offro un drink #gavetta @divettadavide",['divettadavide'],['gavetta'],"siccome non posso parlare, davide ci parli dei tuoi amici di cassino e perché non esci mai qui? io sono su tw a chiederti pubblicamente di uscire a cassino che ti offro un drink gavetta",201,185,35
2022-02-24 22:22:38,#GFVIP non c è niente da fare Giucas non mi diverte per niente!Mah!,[],['GFVIP'],GFVIP non c è niente da fare Giucas non mi diverte per niente!Mah!,67,66,13
2022-02-24 21:40:50,questo senso di angoscia e ansia che mi accompagna da mesi non vuole proprio lasciarmi in pace,[],[],questo senso di angoscia e ansia che mi accompagna da mesi non vuole proprio lasciarmi in pace,94,94,17
2022-02-23 20:09:30,@marvalamet_ noi siamo assurdi,['marvalamet_'],[],noi siamo assurdi,30,17,3
2022-02-25 00:41:21,"@martaconficoni @Lisaonthesofa Non dare né a Dio, né al Diavolo le colpe dell'essere umano per favore.","['martaconficoni', 'Lisaonthesofa']",[],"Non dare né a Dio, né al Diavolo le colpe dell'essere umano per favore.",102,71,14
2022-02-24 23:24:41,"RT @nessunnomee: I NOMI DEI TWEET TUTTI A FAVORE DI MIRIANA JESSICA E LULÙ 

Fate girare. #jeru #jessvip #miriangeles #fairylu #gfvip",['nessunnomee'],"['jeru', 'jessvip', 'miriangeles', 'fairylu', 'gfvip']", I NOMI DEI TWEET TUTTI A FAVORE DI MIRIANA JESSICA E LULÙ Fate girare. jeru jessvip miriangeles fairylu gfvip,133,110,19
2022-02-23 18:06:36,"RT @Heavenisaplace7: #jerù 

dieci secondi prima Miriana e Lulù parlavano di lasciarli da soli stanotte, in pace, thanks https://t.co/jvMff…",['Heavenisaplace7'],['jerù']," jerù dieci secondi prima Miriana e Lulù parlavano di lasciarli da soli stanotte, in pace, thanks",140,97,16
2022-02-25 04:48:52,RT @zampa_qua: AIUTOOO‼️STRAURGENTISSIMO🆘🆘🆘🆘⛔️⛔️☎️3409737109🐕  https://t.co/Fw5oxC9cqC  leggete🔽 APPELLO DISPERATO ‼️‼️ SKY SI MANGIA LA CO…,['zampa_qua'],[], AIUTOOO‼️STRAURGENTISSIMO🆘🆘🆘🆘⛔️⛔️☎️3409737109🐕 leggete🔽 APPELLO DISPERATO ‼️‼️ SKY SI MANGIA LA CO…,140,100,10
2022-02-24 11:29:23,"RT @Miti_Vigliero: Attendo con ansia che l'Elevato pubblichi sul suo SacroBlog un acuto commento politico sulla situazione odierna
""Ci sarà…",['Miti_Vigliero'],[]," Attendo con ansia che l'Elevato pubblichi sul suo SacroBlog un acuto commento politico sulla situazione odierna ""Ci sarà…",140,122,18
2022-02-24 12:26:19,"RT @MariaRo51490621: È evidente che l' autunno porterà come sempre raffreddori e influenze.
Il piano già c'è, via con la quarta dose cui, l…",['MariaRo51490621'],[]," È evidente che l' autunno porterà come sempre raffreddori e influenze. Il piano già c'è, via con la quarta dose cui, l…",140,120,22
2022-02-24 02:51:25,@markarloff @lopezdoriga @CarlosLoret @leozuckermann la Arestegui @DeniseDresserG @lopezdoriga,"['markarloff', 'lopezdoriga', 'CarlosLoret', 'leozuckermann', 'DeniseDresserG', 'lopezdoriga']",[],la Arestegui,94,12,2
2022-02-24 19:26:17,@MediasetTgcom24 Diciamo che entrambi mettete il meglio di voi...,['MediasetTgcom24'],[],Diciamo che entrambi mettete il meglio di voi...,65,48,8
2022-02-24 20:32:21,RT @PdiCalcio: CURIOSITÀ: Bruno Fernandes è il primo giocatore nella storia della Champions League a fornire un assist in 6 match consecuti…,['PdiCalcio'],[], CURIOSITÀ: Bruno Fernandes è il primo giocatore nella storia della Champions League a fornire un assist in 6 match consecuti…,140,126,20
2022-02-24 10:13:08,"Ora ...
#Napoli più azzurra che mai https://t.co/OY7dqst29V",[],['Napoli'],Ora ... Napoli più azzurra che mai,59,34,7
2022-02-24 09:21:25,RT @taffoofficial: Abbiamo visto più persone in lutto per #tottieilary che per la probabile guerra.,['taffoofficial'],['tottieilary'], Abbiamo visto più persone in lutto per tottieilary che per la probabile guerra.,99,80,13
2022-02-24 01:17:37,Dove cazzo è andato lui  #jeru https://t.co/jI3r9irFUc,[],['jeru'],Dove cazzo è andato lui jeru,54,28,6
2022-02-23 20:17:45,"RT @Moonlightshad1: Il renzismo come il berlusconismo, veleni che inquinano la società e Mattarella, capo supremo della magistratura, tace…",['Moonlightshad1'],[]," Il renzismo come il berlusconismo, veleni che inquinano la società e Mattarella, capo supremo della magistratura, tace…",139,120,17
2022-02-24 16:05:37,"RT @AlvisiConci: Vedi perché io non sono portata per la politica e le mediazioni, fossi a capo della Nato, sarei già in guerra.",['AlvisiConci'],[]," Vedi perché io non sono portata per la politica e le mediazioni, fossi a capo della Nato, sarei già in guerra.",127,111,21
2022-02-24 23:34:05,@GrandeFratello menomale che si é levata dai coglioni ✈️,['GrandeFratello'],[],menomale che si é levata dai coglioni ✈️,56,40,8
2022-02-24 06:57:27,@Angiole03842000 Ciao Angelo buona giornata ☕🌼☕🤗,['Angiole03842000'],[],Ciao Angelo buona giornata ☕🌼☕🤗,48,31,5
2022-02-25 07:44:13,che poi...io intendevo esattamente il contrario,[],[],che poi...io intendevo esattamente il contrario,47,47,6
2022-02-23 17:25:49,"RT @scandura: ⛔️ Negato il diritto alla conoscenza: gli unici due operatori, Associated Press e RAI, ad Augusta per lo sbarco dei 570 Naufr…",['scandura'],[]," ⛔️ Negato il diritto alla conoscenza: gli unici due operatori, Associated Press e RAI, ad Augusta per lo sbarco dei 570 Naufr…",140,127,22
2022-02-25 07:11:16,"da amici a chiamarci honeeey 

basta devo bloccare shiva su spotify",[],[],da amici a chiamarci honeeey basta devo bloccare shiva su spotify,67,65,11
2022-02-23 18:35:07,"RT @HaStatoTrump: Dr. Mike Yeadon:
""La mortalità degli adolescenti maschi è aumentata del 53% dopo la vaccinazione contro il Covid-19 nel 2…",['HaStatoTrump'],[]," Dr. Mike Yeadon: ""La mortalità degli adolescenti maschi è aumentata del 53% dopo la vaccinazione contro il Covid-19 nel 2…",140,123,20
2022-02-25 06:40:49,RT @Tremenoventi: I miei preferiti rimangono quelli che scrivono lo stato su Facebook parlando direttamente con Putin e prendono il like di…,['Tremenoventi'],[], I miei preferiti rimangono quelli che scrivono lo stato su Facebook parlando direttamente con Putin e prendono il like di…,140,123,20
2022-02-24 16:11:20,"#F1 #FUnoAT #F1Testing 

Un po' di sospensione della #McLarenMCL36 https://t.co/pmhBFv3vne",[],"['F1', 'FUnoAT', 'F1Testing', 'McLarenMCL36']",F1 FUnoAT F1Testing Un po' di sospensione della McLarenMCL36,90,60,9
2022-02-24 23:01:25,che cesso alfonso e mo ce se mette pure Sophie a fare la maestrina🥴 #gfvip,[],['gfvip'],che cesso alfonso e mo ce se mette pure Sophie a fare la maestrina🥴 gfvip,74,73,15
2022-02-25 05:54:59,@mory94335133 Grazie buon venerdì a te 😘 https://t.co/blMCdbk0nV,['mory94335133'],[],Grazie buon venerdì a te 😘,64,26,6
2022-02-23 20:07:35,"@AcribusFlammis Non fare troppi complimenti, eh",['AcribusFlammis'],[],"Non fare troppi complimenti, eh",47,31,5
2022-02-23 17:20:21,Ho riaperto il lucchetto da tre ore e giá fatto 5 blocchi. Mi sa richiudo,[],[],Ho riaperto il lucchetto da tre ore e giá fatto 5 blocchi. Mi sa richiudo,73,73,15
2022-02-24 18:16:00,Immobile sta incazzato con l'arbitro. Perché non lo espelle?,[],[],Immobile sta incazzato con l'arbitro. Perché non lo espelle?,60,60,9
2022-02-24 13:11:43,"nashley e tancrediii
non oso immaginare cosa ne esca fuori dopo bella-",[],[],nashley e tancrediii non oso immaginare cosa ne esca fuori dopo bella-,70,70,12
2022-02-25 03:45:38,"RT @byoblu: Si è votata alla Camera la fiducia sul decreto legge che obbliga la vaccinazione per gli over 50enni. I parlamentari, che sembr…",['byoblu'],[]," Si è votata alla Camera la fiducia sul decreto legge che obbliga la vaccinazione per gli over 50enni. I parlamentari, che sembr…",140,129,22
2022-02-23 18:34:32,RT @Ales013008: #vialatessera senza se e senza ma. Da subito,['Ales013008'],['vialatessera'], vialatessera senza se e senza ma. Da subito,60,44,8
2022-02-25 02:14:44,Non si può trovare un lavoro normale questo pagliaccio verde?,[],[],Non si può trovare un lavoro normale questo pagliaccio verde?,61,61,10
2022-02-23 18:12:30,@Samy_scooby l'année pro UWU,['Samy_scooby'],[],l'année pro UWU,28,15,3
2022-02-25 01:15:26,da non dimenticare l'autostima che avevo quel giorno https://t.co/Pcx3eqjVT7,[],[],da non dimenticare l'autostima che avevo quel giorno,76,52,8
2022-02-23 18:38:53,Tutte queste pubblicità di Elden Ring travestite da recensioni stanno ammazzando la mia voglia di guardare un solo gameplay.,[],[],Tutte queste pubblicità di Elden Ring travestite da recensioni stanno ammazzando la mia voglia di guardare un solo gameplay.,124,124,19
2022-02-24 05:50:19,"RT @IlMondoDiAllie: Per tutte le creature: Signore pensaci tu 🙏
#RussiaUkraineConflict",['IlMondoDiAllie'],['RussiaUkraineConflict'], Per tutte le creature: Signore pensaci tu 🙏 RussiaUkraineConflict,86,66,9
2022-02-24 14:33:32,madonna sto cesso ma cosa vuoi fare ahjdklak,[],[],madonna sto cesso ma cosa vuoi fare ahjdklak,44,44,8
2022-02-24 14:53:37,"RT @haroldsring: Un soldato ucraino, un ragazzo come noi, dopo i bombardamenti: ‘mamma e papà vi amo’. 

Che strazio. 

#RussiaUkraineConfl…",['haroldsring'],[]," Un soldato ucraino, un ragazzo come noi, dopo i bombardamenti: ‘mamma e papà vi amo’. Che strazio. RussiaUkraineConfl…",140,119,18
2022-02-23 21:22:41,"el serpìn e lo stendìn
#chilhavisto",[],['chilhavisto'],el serpìn e lo stendìn chilhavisto,35,34,6
2022-02-24 10:56:37,RT @liviaelisa: Voi pensate che basti sanzionare commercialmente la Russia per fermare Putin? #Guerra,['liviaelisa'],['Guerra'], Voi pensate che basti sanzionare commercialmente la Russia per fermare Putin? Guerra,101,85,12
2022-02-24 11:54:06,Finito il patto di varsavia che senso aveva mantenere la Nato?la guerra fredda non si voleva far finire e la guerra in ucraina ne è  una logica conseguenza.l America non è  meno guerrafondaia di putin.,[],[],Finito il patto di varsavia che senso aveva mantenere la Nato?la guerra fredda non si voleva far finire e la guerra in ucraina ne è una logica conseguenza.l America non è meno guerrafondaia di putin.,201,199,35
2022-02-24 18:32:12,RT @gianlonostro: Ecco i primi risultati di Putin: la Finlandia ha preparato la domanda di adesione alla NATO nel caso in cui la sicurezza…,['gianlonostro'],[], Ecco i primi risultati di Putin: la Finlandia ha preparato la domanda di adesione alla NATO nel caso in cui la sicurezza…,139,122,22
2022-02-23 23:19:53,"RT @vicsbasss: CAPITO? 
Non è qualcuno più bravo di loro perchè ha scalato le classifiche non italiane più velocemente, tutto questo senza…",['vicsbasss'],[]," CAPITO? Non è qualcuno più bravo di loro perchè ha scalato le classifiche non italiane più velocemente, tutto questo senza…",139,124,20
2022-02-24 22:56:31,@amicii_news E i fan di Soleil votandola ci hanno tolto pure la soddisfazione di vedere la sua faccia davanti ad un 3%,['amicii_news'],[],E i fan di Soleil votandola ci hanno tolto pure la soddisfazione di vedere la sua faccia davanti ad un 3%,118,105,21
2022-02-24 07:03:12,"RT @EleonoraEvi: In questo momento la metropolitana di Kiev viene utilizzata come rifugio antiaereo. 
Siamo in Europa, nel 2022. 
E non è u…",['EleonoraEvi'],[]," In questo momento la metropolitana di Kiev viene utilizzata come rifugio antiaereo. Siamo in Europa, nel 2022. E non è u…",140,122,21
2022-02-25 00:19:20,RT @Nobissad_: non il mio professore che si era scordato di registrare la lezione in aula e invece di dire fuck it è tornato a casa e l’ha…,['Nobissad_'],[], non il mio professore che si era scordato di registrare la lezione in aula e invece di dire fuck it è tornato a casa e l’ha…,139,125,26
2022-02-23 21:14:56,"#Ukraina 
""Mettete dei fiori nei vostri cannoni.........""",[],['Ukraina'],"Ukraina ""Mettete dei fiori nei vostri cannoni.........""",57,55,7
2022-02-24 14:00:18,"Cartolina fatta a mano con il timbrino nuovo, VI

#cartolinafattaamano #diypostcard #postcardart #rabbit #coniglio #handmadestamp #timbrofattoamano #arancione #orange https://t.co/RMwdhTLTpu",[],"['cartolinafattaamano', 'diypostcard', 'postcardart', 'rabbit', 'coniglio', 'handmadestamp', 'timbrofattoamano', 'arancione', 'orange']","Cartolina fatta a mano con il timbrino nuovo, VI cartolinafattaamano diypostcard postcardart rabbit coniglio handmadestamp timbrofattoamano arancione orange",190,156,18
2022-02-23 17:56:53,RT @JadreMoments: Scooby e DG vendo eles 🗣🗣 https://t.co/arEVPEp1HK,['JadreMoments'],[], Scooby e DG vendo eles 🗣🗣,67,26,6
2022-02-24 14:52:46,Angioni forse l’unico valido  #LOL2,[],['LOL2'],Angioni forse l’unico valido LOL2,35,33,5
2022-02-24 02:46:40,"RT @HESMYLFINELINE: A: “Non me ne frega una emerita minchia”
S: “Ma puoi stare fermo con sto piede?”
A: “Ma non mi rompere i coglioni, vedi…",['HESMYLFINELINE'],[]," A: “Non me ne frega una emerita minchia” S: “Ma puoi stare fermo con sto piede?” A: “Ma non mi rompere i coglioni, vedi…",140,121,24
2022-02-23 17:48:05,o quella dove uno di loro si butta dal terrazzo e l’altro viene investito da un bus 😭,[],[],o quella dove uno di loro si butta dal terrazzo e l’altro viene investito da un bus 😭,85,85,18
2022-02-24 13:20:38,@babylonboss Pensa quanto bisogna essere stupidi per volere l'invasione del popolo ucraino e non capire che non ci sarà niente di buono per la Russia da questo :D Salutami la Finlandia!,['babylonboss'],[],Pensa quanto bisogna essere stupidi per volere l'invasione del popolo ucraino e non capire che non ci sarà niente di buono per la Russia da questo :D Salutami la Finlandia!,185,172,30
2022-02-25 05:49:47,RT @humasqureshi: Public Hai Sab Janti Hai !! #Valimai,['humasqureshi'],['Valimai'], Public Hai Sab Janti Hai !! Valimai,54,36,7
2022-02-23 21:44:04,"@IlMici8 > se no lui non capisce la sottigliezza. Anzi: una differenza c’è. Se è di sintesi è purificato e PESATO. Se peso il PA posso gestire gli effetti. Se mi attacco a erbe e radici assumo approssimativamente sostanze chimica attive. E non mi piace. Si, in effetti credo che >>",['IlMici8'],[],"> se no lui non capisce la sottigliezza. Anzi: una differenza c’è. Se è di sintesi è purificato e PESATO. Se peso il PA posso gestire gli effetti. Se mi attacco a erbe e radici assumo approssimativamente sostanze chimica attive. E non mi piace. Si, in effetti credo che >>",281,272,50
2022-02-24 13:32:12,"RT @lostinthefir3: una pandemia, una guerra ed io non ho ancora avuto una relazione stabile",['lostinthefir3'],[]," una pandemia, una guerra ed io non ho ancora avuto una relazione stabile",91,73,13
2022-02-24 19:41:08,"RT @Frances66296817: messaggio nella bottiglia ai ""compagni"" del PD https://t.co/cSb8osbQ40",['Frances66296817'],[]," messaggio nella bottiglia ai ""compagni"" del PD",91,47,7
2022-02-24 14:45:38,"@BrutoGiunio @AntonelloAng @GuidoCrosetto Fino a ieri Zelensky affermava volontà di aderire a Nato / UE. Perchè queste provocazioni? Perchè si è voluto rispettare mai accordi Minsk? Le ricordo inoltre Massacro Odessa da parte ""Pravyj Sektor"".","['BrutoGiunio', 'AntonelloAng', 'GuidoCrosetto']",[],"Fino a ieri Zelensky affermava volontà di aderire a Nato / UE. Perchè queste provocazioni? Perchè si è voluto rispettare mai accordi Minsk? Le ricordo inoltre Massacro Odessa da parte ""Pravyj Sektor"".",242,200,32
2022-02-24 19:53:03,@Beatric46693389 Aiuta sicuramente di più 🤣😉,['Beatric46693389'],[],Aiuta sicuramente di più 🤣😉,44,27,5
2022-02-24 08:17:04,"Le Borse europee crollano con l'Ucraina, Parigi -4,2%: Francoforte -3,4% e Londra -2,7% https://t.co/86q3gpZjOX",[],[],"Le Borse europee crollano con l'Ucraina, Parigi -4,2%: Francoforte -3,4% e Londra -2,7%",111,87,13
2022-02-24 11:18:25,@stanzaselvaggia Oh ma risatone proprio eh,['stanzaselvaggia'],[],Oh ma risatone proprio eh,42,25,5
2022-02-24 06:41:54,@robibobii_ Si e allora? Che si fotano da soli!,['robibobii_'],[],Si e allora? Che si fotano da soli!,47,35,8
2022-02-24 09:39:53,RT @LTHQItaly: Potete rimanere informati seguendo l'account ufficiale dell'Ucraina: @Ukraine !,"['LTHQItaly', 'Ukraine']",[], Potete rimanere informati seguendo l'account ufficiale dell'Ucraina: !,94,71,8
2022-02-23 17:03:45,"RT @intuslegens: #Draghi che, obbediente ai poteri forti, impone all'Italia l'agenda di Bruxelles umiliandone la libertà economica, poi sop…",['intuslegens'],['Draghi']," Draghi che, obbediente ai poteri forti, impone all'Italia l'agenda di Bruxelles umiliandone la libertà economica, poi sop…",140,123,17
2022-02-24 11:05:14,"RT @alexi4aaa: i problemi si risolvono parlandone,non smettendo di parlarsi",['alexi4aaa'],[]," i problemi si risolvono parlandone,non smettendo di parlarsi",75,61,8
2022-02-24 10:15:53,"“Oggi che tutti lottiamo così tanto per difendere le nostre identità
Abbiamo perso di vista quella collettiva
L'abbiamo frammentata
Noi, loro e gli altri
Noi, loro e gli altri
Persone”

Avevi ragione marra, avevi ragione… 
#RussiaUkraineConflict",[],['RussiaUkraineConflict'],"“Oggi che tutti lottiamo così tanto per difendere le nostre identità Abbiamo perso di vista quella collettiva L'abbiamo frammentata Noi, loro e gli altri Noi, loro e gli altri Persone” Avevi ragione marra, avevi ragione… RussiaUkraineConflict",245,242,36
2022-02-24 23:40:36,"RT @ToyBoi1: Mi p3 iPhone I no be kuami Eugene fan so I no fit steal Samsung 😆💨
#Bar4Bar #16ADAY 
@supernovarecs https://t.co/DULWYLYNtp","['ToyBoi1', 'supernovarecs']","['Bar4Bar', '16ADAY']", Mi p3 iPhone I no be kuami Eugene fan so I no fit steal Samsung 😆💨 Bar4Bar 16ADAY,136,82,18
2022-02-23 19:57:50,RT @MeyOdair: Ahahahahaha andaaaa si es cierto! Yo tambien te quiero lord petrosky!  #PetroMeQuiereMucho https://t.co/1Z27YrxGsN,['MeyOdair'],['PetroMeQuiereMucho'], Ahahahahaha andaaaa si es cierto! Yo tambien te quiero lord petrosky! PetroMeQuiereMucho,128,89,12
2022-02-24 14:13:14,"RT @RaiTre: Tutti gli aggiornamenti sull’attacco Russo in Ucraina

Speciale @Tg3web in diretta ora su #Rai3 e in streaming: https://t.co/Ij…","['RaiTre', 'Tg3web']",['Rai3'], Tutti gli aggiornamenti sull’attacco Russo in Ucraina Speciale in diretta ora su Rai3 e in streaming:,140,102,16
2022-02-25 00:16:53,"Ma in che senso con la casa piena di telecamere non registrano tutto? Ma siete il circo proprio, proteggere a tutti i costi i raccomandati #gfvip",[],['gfvip'],"Ma in che senso con la casa piena di telecamere non registrano tutto? Ma siete il circo proprio, proteggere a tutti i costi i raccomandati gfvip",145,144,26
2022-02-23 18:04:55,RT @Don_Lazzara: Non dimentichiamo in questo tempo di pregare anche per la #Syria e per tutti gli altri conflitti in atto. Chi provoca mort…,['Don_Lazzara'],['Syria'], Non dimentichiamo in questo tempo di pregare anche per la Syria e per tutti gli altri conflitti in atto. Chi provoca mort…,140,123,22
2022-02-24 16:17:44,"Un giornalista degno di questo nome, almeno in questa occasione, non lo seguo e non mi sbilanciio, l'ha detta papale papale: alla NATO ed all'UE dell'Ucraina frega una beata minchia.
Tempo un due settimane che Putin se la pappa, poi si inizia a trattare pragmatici.

#Nonsense",[],['Nonsense'],"Un giornalista degno di questo nome, almeno in questa occasione, non lo seguo e non mi sbilanciio, l'ha detta papale papale: alla NATO ed all'UE dell'Ucraina frega una beata minchia. Tempo un due settimane che Putin se la pappa, poi si inizia a trattare pragmatici. Nonsense",276,274,46
2022-02-24 21:54:31,E agora Puttin?,[],[],E agora Puttin?,15,15,3
2022-02-24 09:24:41,"@Pasquins6 @francoliver2 @SpartacusGladia Una figura veramente pessima, e questo mi fa anche avvelenare, perchè vi fa rendere conto il loro comportamento spocchioso davanti una situazione del genere","['Pasquins6', 'francoliver2', 'SpartacusGladia']",[],"Una figura veramente pessima, e questo mi fa anche avvelenare, perchè vi fa rendere conto il loro comportamento spocchioso davanti una situazione del genere",198,156,24
2022-02-24 21:33:26,Una volta il gf si basava anche sul parlare male alle spalle ma ora GUAI A CHI LO FA 🤦‍♀️ #gfvip,[],['gfvip'],Una volta il gf si basava anche sul parlare male alle spalle ma ora GUAI A CHI LO FA 🤦‍♀️ gfvip,96,95,21
2022-02-24 09:10:37,RT @Beh_Michele: Questo suono mi ricorda scene drammatiche che ho visto solo nei film. L'ho fatto ascoltare a mio nonno e lo ricorda dramma…,['Beh_Michele'],[], Questo suono mi ricorda scene drammatiche che ho visto solo nei film. L'ho fatto ascoltare a mio nonno e lo ricorda dramma…,140,124,22
2022-02-23 16:26:59,"@marmaz 'a sorpresa'.. 
eppure, 
""Se avessimo fatto tutte le cose di cui siamo capaci, ci saremmo sorpresi di noi stessi"" (attribuita a Thomas Edison) https://t.co/uevAviR4xB",['marmaz'],[],"'a sorpresa'.. eppure, ""Se avessimo fatto tutte le cose di cui siamo capaci, ci saremmo sorpresi di noi stessi"" (attribuita a Thomas Edison)",174,140,23
2022-02-25 04:35:59,"RT @felicya999: ""o la pensi come me o non lavori"" ormai metodo di governo. https://t.co/J7NsByDEKL",['felicya999'],[]," ""o la pensi come me o non lavori"" ormai metodo di governo.",98,59,12
2022-02-24 22:30:24,"Quanto sono bravi i celebrolesi con i ditini sulle tastiere a rappresentare lo sdegno per la #guerra #RussiaUkraineConflict ... Comunque ""malati deviati"" , chi le vende le armi la Vostra mammina dal balcone ? Siete patetici #Piazzapulita #drittoerovescio #StopWar",[],"['guerra', 'RussiaUkraineConflict', 'Piazzapulita', 'drittoerovescio', 'StopWar']","Quanto sono bravi i celebrolesi con i ditini sulle tastiere a rappresentare lo sdegno per la guerra RussiaUkraineConflict ... Comunque ""malati deviati"" , chi le vende le armi la Vostra mammina dal balcone ? Siete patetici Piazzapulita drittoerovescio StopWar",263,258,39
2022-02-23 21:52:47,"GF VIP, Lulù furiosa con Jessica: c'entra lui https://t.co/oFsDEyMukv",[],[],"GF VIP, Lulù furiosa con Jessica: c'entra lui",69,45,8
2022-02-23 22:24:39,"RT @Watthiass: Che ditonellapiaga abbia citato i Pokémon poco importa, poteva esserci qualsiasi cosa. mi concentro sulla tossicità del ragi…",['Watthiass'],[]," Che ditonellapiaga abbia citato i Pokémon poco importa, poteva esserci qualsiasi cosa. mi concentro sulla tossicità del ragi…",140,126,18
2022-02-25 05:42:05,"RT @Axen0s: Ma in fondo cos'è l'Ucraina?
Un paese di camerieri badanti e amanti (cit. Lugia Annunziada).
Per loro dobbiamo rischiare ritors…",['Axen0s'],[], Ma in fondo cos'è l'Ucraina? Un paese di camerieri badanti e amanti (cit. Lugia Annunziada). Per loro dobbiamo rischiare ritors…,140,129,20
2022-02-24 14:26:07,Strano.,[],[],Strano.,7,7,1
2022-02-23 18:30:18,@FabianaLudovica Quello che da la caccia a tutti quanti.,['FabianaLudovica'],[],Quello che da la caccia a tutti quanti.,56,39,8
2022-02-24 21:46:35,@tumisole So accurate 🤣🤣🤣,['tumisole'],[],So accurate 🤣🤣🤣,25,15,3
2022-02-24 13:09:56,RT @DiegoFusaro: La promessa era che la NATO non si sarebbe estesa verso est. La promessa è stata palesemente disattesa. La monarchia del d…,['DiegoFusaro'],[], La promessa era che la NATO non si sarebbe estesa verso est. La promessa è stata palesemente disattesa. La monarchia del d…,140,124,22
2022-02-23 16:53:29,@dhanyarajendran Suo moto order?,['dhanyarajendran'],[],Suo moto order?,32,15,3
2022-02-24 15:16:26,"Stasera Pronostici UEL
1. @RealSociedad vs @RbLeipzig.  GG
2. @OfficialSSLazio vs @FCPorto.      GG
3. @Olympiacosfc vs @Atalanta_BC.  GG
4. @RangersFC vs @blackyellow.  GG
5. @glimt vs @celticfc
Punta con saggezza Nota: queste sono solo previsioni.  
Ti auguro buona fortuna✌","['RealSociedad', 'RBLeipzig', 'OfficialSSLazio', 'FCPorto', 'olympiacosfc', 'Atalanta_BC', 'RangersFC', 'BlackYellow', 'Glimt', 'CelticFC']",[],Stasera Pronostici UEL 1. vs . GG 2. vs . GG 3. vs . GG 4. vs . GG 5. vs Punta con saggezza Nota: queste sono solo previsioni. Ti auguro buona fortuna✌,276,151,33
2022-02-24 20:22:18,"RT @hhummohh: @ciropellegrino Gentile @RaiTre, vorrei capire: io pago il canone per sentire commenti di questo squallore??? Forse sarebbe i…","['hhummohh', 'ciropellegrino', 'RaiTre']",[]," Gentile , vorrei capire: io pago il canone per sentire commenti di questo squallore??? Forse sarebbe i…",140,104,17
2022-02-23 18:04:19,@simona_parisi17 Secondo me gliela danno venerdì o domenica,['simona_parisi17'],[],Secondo me gliela danno venerdì o domenica,59,42,7
2022-02-23 22:41:14,@youresogoldenlu BUONANOTTE CON QUESTI PETTORALI?...,['youresogoldenlu'],[],BUONANOTTE CON QUESTI PETTORALI?...,52,35,4
2022-02-25 01:43:21,@spi4ndo Che schifo ! 🤮🤮,['spi4ndo'],[],Che schifo ! 🤮🤮,24,15,4
2022-02-24 00:16:24,"RT @calcioinglese: Il Liverpool asfalta il Leeds con un netto 6-0 e riapre ufficialmente là Premier League, portandosi a -3 dal City capoli…",['calcioinglese'],[]," Il Liverpool asfalta il Leeds con un netto 6-0 e riapre ufficialmente là Premier League, portandosi a -3 dal City capoli…",140,122,21
2022-02-24 08:18:51,RT @clarissa_frau: @Sejev9 @Swiety000 @famarella Pare la Nato non abbia fatto un bel lavoro per Ucraina. Non è li infatti per aiutare Ucrai…,"['clarissa_frau', 'Sejev9', 'Swiety000', 'famarella']",[], Pare la Nato non abbia fatto un bel lavoro per Ucraina. Non è li infatti per aiutare Ucrai…,140,92,18
2022-02-24 14:40:27,"RT @Yaxara: Il Wall di facebook è pieno del pontificare di grandi strateghi bellici la cui esperienza in materia è ""io ho giocato a StarCra…",['Yaxara'],[]," Il Wall di facebook è pieno del pontificare di grandi strateghi bellici la cui esperienza in materia è ""io ho giocato a StarCra…",140,129,23
2022-02-25 02:04:32,RAGA HANNO INQUADRATO NEL MOMENTO PEGGIORE MI PISCIO #jeru,[],['jeru'],RAGA HANNO INQUADRATO NEL MOMENTO PEGGIORE MI PISCIO jeru,58,57,9
2022-02-24 15:04:36,"RT @xaidnlou: a 27 anni ho vissuto due crisi economiche mondiali, una pandemia, il riscaldamento globale, situazioni geopolitiche da urlare…",['xaidnlou'],[]," a 27 anni ho vissuto due crisi economiche mondiali, una pandemia, il riscaldamento globale, situazioni geopolitiche da urlare…",140,127,18
2022-02-25 08:01:15,RT @Lorenzo36522471: Lo sapete che grazie a tutti i partiti al governo continua l'obbligo vaccinale per i lavoratori over 50  colpevoli  di…,['Lorenzo36522471'],[], Lo sapete che grazie a tutti i partiti al governo continua l'obbligo vaccinale per i lavoratori over 50 colpevoli di…,140,118,20
2022-02-24 21:47:39,Oggi #insigne da solo ci ha fatto subire due gol…. Senza #inisgne invece si gioca e si segna. Continuate a dire che senza il canadese siamo spacciati,[],"['insigne', 'inisgne']",Oggi insigne da solo ci ha fatto subire due gol…. Senza inisgne invece si gioca e si segna. Continuate a dire che senza il canadese siamo spacciati,149,147,27
2022-02-24 22:44:33,"Se Vabbe...Delia dai che non credi nemmeno tu a quello che stai dicendo.
#jeru",[],['jeru'],Se Vabbe...Delia dai che non credi nemmeno tu a quello che stai dicendo. jeru,78,77,14
2022-02-25 00:36:41,"RT @CottarelliCPI: Aggressione russa all'Ucraina: in questi momenti vorremmo avere un'Europa più unita, a partire da una difesa comune, una…",['CottarelliCPI'],[]," Aggressione russa all'Ucraina: in questi momenti vorremmo avere un'Europa più unita, a partire da una difesa comune, una…",140,122,18
2022-02-24 03:04:02,RT @barbarab1974: Mettiamola così . Al colpo di stato si risponde con ogni mezzo. In Italia c’è stato un colpo di stato.,['barbarab1974'],[], Mettiamola così . Al colpo di stato si risponde con ogni mezzo. In Italia c’è stato un colpo di stato.,120,103,20
2022-02-23 18:32:30,più confusa delle mie playlist,[],[],più confusa delle mie playlist,30,30,5
2022-02-25 06:41:00,RT @bordoni_russia: Errata corrige: il video sarebbe riferito a questa mattina.,['bordoni_russia'],[], Errata corrige: il video sarebbe riferito a questa mattina.,79,60,9
2022-02-24 19:17:29,"@Corriere Raggelante Putin nel corso di una riunione del  soviet , rivolgendosi ad un membro #grazie, puoi ritornare al tuo posto!#.",['Corriere'],['grazie'],"Raggelante Putin nel corso di una riunione del soviet , rivolgendosi ad un membro grazie, puoi ritornare al tuo posto!#.",132,120,20
2022-02-24 18:40:09,@estancaa2 tu devi stare solo zitta😔,['estancaa2'],[],tu devi stare solo zitta😔,36,25,5
2022-02-24 21:53:19,"@PiergiuseppeEsp Noi siamo intorno al 40% 

https://t.co/TC0hhU5GTe",['PiergiuseppeEsp'],[],Noi siamo intorno al 40%,67,24,5
2022-02-24 17:48:09,@ItaliaViva @Ettore_Rosato Abbraccia un ucraino,"['ItaliaViva', 'Ettore_Rosato']",[],Abbraccia un ucraino,47,20,3
2022-02-25 06:05:15,"Io ho Già Votato.."" ✌✌💪 @GrandeFratello #GFvip https://t.co/nDyqRpcb73",['GrandeFratello'],['GFvip'],"Io ho Già Votato.."" ✌✌💪 GFvip",70,29,6
2022-02-23 23:41:35,mi ha tirato una frecciatina su ig sto volandooooo neanche i bambini,[],[],mi ha tirato una frecciatina su ig sto volandooooo neanche i bambini,68,68,12
2022-02-24 21:30:00,"24 febbraio. 

“parecchio deludente questa stagione di lol :/” disse mentre cercava di distrarsi dagli eventi storici di rilievo che sta vivendo https://t.co/e4N8JtYAbM",[],[],24 febbraio. “parecchio deludente questa stagione di lol :/” disse mentre cercava di distrarsi dagli eventi storici di rilievo che sta vivendo,168,142,22
2022-02-24 17:12:48,"A Dubai succede quello che non ti aspetti: Jiri Vesely batte Novak Djokovic ai quarti. 

Grazie a questo risultato, Daniil Medvedev da lunedì sarà il nuovo numero 1 del mondo.",[],[],"A Dubai succede quello che non ti aspetti: Jiri Vesely batte Novak Djokovic ai quarti. Grazie a questo risultato, Daniil Medvedev da lunedì sarà il nuovo numero 1 del mondo.",175,173,30
2022-02-24 18:00:27,RT @carolacracchi1: Delgado avverte i diabetici: vi avveleneranno col grafene - https://t.co/Sp8U5vGpNw,['carolacracchi1'],[], Delgado avverte i diabetici: vi avveleneranno col grafene -,103,60,9
2022-02-23 19:05:52,"10 sex symbols del cine que descuidaron su figura 
https://t.co/DvVrVvWtOC",[],[],10 sex symbols del cine que descuidaron su figura,74,49,9
2022-02-24 23:23:45,"RT @CAPYBARA_MAN: capybara in a box. 

boxybara https://t.co/AP3OTM9HtB",['CAPYBARA_MAN'],[], capybara in a box. boxybara,71,28,5
2022-02-24 18:41:49,"RT @chavarzabalus__: Il mio professore oggi prima dell'esame: ""ragazzi vi do un consiglio, non focalizzatevi troppo sugli esami, vivete la…",['chavarzabalus__'],[]," Il mio professore oggi prima dell'esame: ""ragazzi vi do un consiglio, non focalizzatevi troppo sugli esami, vivete la…",139,119,18
2022-02-24 21:50:04,Raga rivedremo Lulu contro la razzista parte 2 mi trema il culo #jeru,[],['jeru'],Raga rivedremo Lulu contro la razzista parte 2 mi trema il culo jeru,69,68,13
2022-02-24 22:22:33,"Senza l'aiuto della #NATO, l'#Ucraina non potrà resistere a lungo.

#Kiev non deve cadere. Non deve essere un'altra #Kabul.

#RussiaUkraineConflict #StandWithUkraine
#Putin #Ucraina",[],"['NATO', 'Ucraina', 'Kiev', 'Kabul', 'RussiaUkraineConflict', 'StandWithUkraine', 'Putin', 'Ucraina']","Senza l'aiuto della NATO, l'Ucraina non potrà resistere a lungo. Kiev non deve cadere. Non deve essere un'altra Kabul. RussiaUkraineConflict StandWithUkraine Putin Ucraina",181,171,23
2022-02-24 16:43:29,"La prossima volta chiama @SergioSierra67... 
Mi sono guadagnato una corsa gratis? 😉",['SergioSierra67'],[],La prossima volta chiama ... Mi sono guadagnato una corsa gratis? 😉,83,67,12
2022-02-25 02:57:44,io amo alcohol free ragazzi.. quqlcosa di fresco e di divertente per le ragazze su cui fare festa,[],[],io amo alcohol free ragazzi.. quqlcosa di fresco e di divertente per le ragazze su cui fare festa,97,97,18
2022-02-24 00:59:35,@coralin1e @__succo ma sofia non si fa così,"['coralin1e', '__succo']",[],ma sofia non si fa così,43,23,6
2022-02-24 16:46:46,"RT @idkmarts: B: ""io voglio che stai qui...io faccio un pisolino stai qua"" L'HA DETTO #jeru https://t.co/RXabYbKeGM",['idkmarts'],['jeru']," B: ""io voglio che stai qui...io faccio un pisolino stai qua"" L'HA DETTO jeru",115,77,14
2022-02-25 04:23:30,@JKHHK0_ Omega tu poto,['JKHHK0_'],[],Omega tu poto,22,13,3
2022-02-24 14:03:45,"RT @FmMosca: PUTIN HA GIÀ VINTO
La storia finisce qua.",['FmMosca'],[], PUTIN HA GIÀ VINTO La storia finisce qua.,54,42,8
2022-02-24 12:23:37,"RT @jacopo_iacoboni: il punto, mi pare ovvio, non è Di Maio, spesso da me criticato. Il punto è difendere l’istituzione ministero degli Est…",['jacopo_iacoboni'],[]," il punto, mi pare ovvio, non è Di Maio, spesso da me criticato. Il punto è difendere l’istituzione ministero degli Est…",140,120,21
2022-02-24 08:49:32,RT @negri_jenny: Beato Mengoni che crede ancora negli esseri umani #WWIII #RussiaUkraineConflict https://t.co/dFBcgh66ae,['negri_jenny'],"['WWIII', 'RussiaUkraineConflict']", Beato Mengoni che crede ancora negli esseri umani WWIII RussiaUkraineConflict,120,78,10
2022-02-24 13:28:49,RT @Fedoraquattroc2: Ora è stato ammesso che gli Stati Uniti hanno depositi di armi biologiche in tutta l'Ucraina e al confine con la Russi…,['Fedoraquattroc2'],[], Ora è stato ammesso che gli Stati Uniti hanno depositi di armi biologiche in tutta l'Ucraina e al confine con la Russi…,140,120,22
2022-02-23 17:03:50,"@P_M_1960 Buona serata, apro adesso 🐞🐞
Ho fatto una foto ad una coccinella questa mattina, una volta arrivavano a maggio a frotte! Tutto cambiato! 😬",['P_M_1960'],[],"Buona serata, apro adesso 🐞🐞 Ho fatto una foto ad una coccinella questa mattina, una volta arrivavano a maggio a frotte! Tutto cambiato! 😬",148,138,24
2022-02-25 02:32:23,"RT @Karmaaisabitchx: Jess ha diffidato Nat e il confessionale lo ha concesso. 
QUESTO SIGNIFICA CHE SANNO CHE CI SONO RAGIONI PER FARLO. #j…",['Karmaaisabitchx'],[], Jess ha diffidato Nat e il confessionale lo ha concesso. QUESTO SIGNIFICA CHE SANNO CHE CI SONO RAGIONI PER FARLO. j…,140,118,21
2022-02-24 21:08:35,@teuta_59 Anime innocenti che hanno perso la vita per colpa della malvagità degli adulti.,['teuta_59'],[],Anime innocenti che hanno perso la vita per colpa della malvagità degli adulti.,89,79,13
2022-02-25 06:10:36,RT @ghiacciosottile: Quindi oggi niente selfie per solidarietà?,['ghiacciosottile'],[], Quindi oggi niente selfie per solidarietà?,63,43,6
2022-02-24 08:43:50,@cavicchioli che tristezza☹️ vado a vedere i tuoi video 🙏🏻🙏🏻,['cavicchioli'],[],che tristezza☹️ vado a vedere i tuoi video 🙏🏻🙏🏻,60,47,9
2022-02-24 20:39:35,Con la Toffanin alla conduzione immagino non hanno fatto battute sull’amicizia tra Berlusconi e Putin…nè tapiri alla sua amica Ilary per la crisi con Totti 😌 #Striscialanotizia,[],['Striscialanotizia'],Con la Toffanin alla conduzione immagino non hanno fatto battute sull’amicizia tra Berlusconi e Putin…nè tapiri alla sua amica Ilary per la crisi con Totti 😌 Striscialanotizia,176,175,27
2022-02-23 21:20:32,"Ma soprattutto...
...ha messo bianchi e colorati insieme?
...e che detersivo ha usato?

#chilhavisto",[],['chilhavisto'],Ma soprattutto... ...ha messo bianchi e colorati insieme? ...e che detersivo ha usato? chilhavisto,100,98,14
2022-02-25 00:24:37,"@headandheart__ Va bè tu hai cambiato il significato di una parola, ingiocabile",['headandheart__'],[],"Va bè tu hai cambiato il significato di una parola, ingiocabile",79,63,11
2022-02-24 08:32:25,"RT @MarroneEmma: Ciao mamma sono in radio 😎
@rtl1025 https://t.co/GSf9wYU3oy","['MarroneEmma', 'rtl1025']",[], Ciao mamma sono in radio 😎,76,27,6
2022-02-24 01:46:51,"RT @nonsonpago1: “#Guerrafredda” 

“#MurodiBerlino?” 
“Asilo nido” 

#Atlantide 

@maurobiani 

Fantastico Mauro, grazie! 😎👏👏👏 

#Biani !❣️…","['nonsonpago1', 'maurobiani']","['Guerrafredda', 'MurodiBerlino', 'Atlantide', 'Biani']"," “Guerrafredda” “MurodiBerlino?” “Asilo nido” Atlantide Fantastico Mauro, grazie! 😎👏👏👏 Biani !❣️…",140,97,11
2022-02-24 18:25:11,RT @dukana2: Perché le bombe di #Israele sui #palestinesi non fanno notizia come quelle in #Ucraina? https://t.co/pv2rzRyoCM,['dukana2'],"['Israele', 'palestinesi', 'Ucraina']", Perché le bombe di Israele sui palestinesi non fanno notizia come quelle in Ucraina?,124,85,14
2022-02-24 08:54:53,Cioè questi fanno meme ?,[],[],Cioè questi fanno meme ?,24,24,5
2022-02-23 16:23:51,@paper_doII Milano dateo o milano non esiste,['paper_doII'],[],Milano dateo o milano non esiste,44,32,6
2022-02-25 01:58:51,"RT @___likedaylight: JESSICA RISOLVE ANCHE IL FINOCCHIO GATE ED È STATA NATHALY

QUANTO LAVORO LÁ DENTRO PER UNA CHE NON VIENE MAI CAGATA D…",['___likedaylight'],[], JESSICA RISOLVE ANCHE IL FINOCCHIO GATE ED È STATA NATHALY QUANTO LAVORO LÁ DENTRO PER UNA CHE NON VIENE MAI CAGATA D…,140,119,22
2022-02-24 21:48:58,RT @MartimVieira17: doloroso,['MartimVieira17'],[], doloroso,28,9,1
2022-02-23 16:59:33,RT @boni_castellane: Sulla trippa pecorino e amaretti perché l'importante è vivere come in una corte rinascimentale.,['boni_castellane'],[], Sulla trippa pecorino e amaretti perché l'importante è vivere come in una corte rinascimentale.,116,96,14
2022-02-24 05:37:20,@RobertoRedSox @SerenaBellavita @cinghia73 @ChiaraPiotto Anche accettare le carte di credito lo è,"['RobertoRedSox', 'SerenaBellavita', 'cinghia73', 'ChiaraPiotto']",[],Anche accettare le carte di credito lo è,97,40,8
2022-02-24 09:28:54,#Bergamo 10 frasi in bergamasco sulla vendita dell’Atalanta https://t.co/p7W5UDZJnJ,[],['Bergamo'],Bergamo 10 frasi in bergamasco sulla vendita dell’Atalanta,83,58,8
2022-02-23 20:16:25,RT @monsieurmaupas: il povero gabbiano avrà anche perso la compagna ma ha trovato i 3 moschettieri https://t.co/NXyjHfksF0,['monsieurmaupas'],[], il povero gabbiano avrà anche perso la compagna ma ha trovato i 3 moschettieri,122,79,14
2022-02-24 11:41:59,"RT @arscomunicandi: @Tommasolabate Hai ragione cazzo!
Putin la deve smettere di voler mettere la Russia vicino alle basi americane.
Bravo!…","['arscomunicandi', 'Tommasolabate']",[], Hai ragione cazzo! Putin la deve smettere di voler mettere la Russia vicino alle basi americane. Bravo!…,139,105,17
2022-02-24 13:57:47,@hvkmickey Come sempre,['hvkmickey'],[],Come sempre,22,11,2
2022-02-23 22:13:25,VANESSA ma chi cazzo è freddy vanè,[],[],VANESSA ma chi cazzo è freddy vanè,34,34,7
2022-02-23 19:55:27,"E con questo per me possiamo anche concludere qui 
#SpiderManNoWayHome https://t.co/5NHKIjiNyP",[],['SpiderManNoWayHome'],E con questo per me possiamo anche concludere qui SpiderManNoWayHome,94,68,10
2022-02-24 18:20:38,"RT @VinnieVegaPF: @cancro58 @robertam67 @Gigadesires @GuidoDeMartini Eh ma sai, evidentemente tiene famiglia. Almeno sapremo cosa risponder…","['VinnieVegaPF', 'cancro58', 'robertam67', 'Gigadesires', 'GuidoDeMartini']",[]," Eh ma sai, evidentemente tiene famiglia. Almeno sapremo cosa risponder…",140,72,10
2022-02-24 13:47:43,@myrtamerlino I vaccini solo per amore della salute delle persone !! https://t.co/eIwyKYveJ1,['myrtamerlino'],[],I vaccini solo per amore della salute delle persone !!,92,54,10
2022-02-23 16:28:11,"L’ennesima coincidenza,questi due sono destinatiii 🔮🤍 #jeru",[],['jeru'],"L’ennesima coincidenza,questi due sono destinatiii 🔮🤍 jeru",59,58,7
2022-02-24 12:15:16,"Proseguo i miei appelli, rivolti con il mio cuore, il mio esserci (non riesco a fare di più, a fare i fatti, sono un codardo comodo) a chiunque, nel passato, nel futuro, nel presente, stesse vivendo INGIUSTIZIE di Vita GRAVI 😭😭😭😭😭😭",[],[],"Proseguo i miei appelli, rivolti con il mio cuore, il mio esserci (non riesco a fare di più, a fare i fatti, sono un codardo comodo) a chiunque, nel passato, nel futuro, nel presente, stesse vivendo INGIUSTIZIE di Vita GRAVI 😭😭😭😭😭😭",231,231,41
2022-02-24 20:58:14,e insomma https://t.co/L2g0KwBVzX,[],[],e insomma,33,9,2
2022-02-24 13:08:56,Il signor Reazionario che cerca di mandare #scureggia in tendenza mentre ci sono gli hashtag della guerra https://t.co/dmWTYjnpav,[],['scureggia'],Il signor Reazionario che cerca di mandare scureggia in tendenza mentre ci sono gli hashtag della guerra,129,104,17
2022-02-24 18:56:25,"Che poi per me lui era sottone anche quando depresso e in accappatoio fissava dal tavolo in veranda lei in cucina, dopo ore che lo ignorava ... Adesso è pura magia #jeru",[],['jeru'],"Che poi per me lui era sottone anche quando depresso e in accappatoio fissava dal tavolo in veranda lei in cucina, dopo ore che lo ignorava ... Adesso è pura magia jeru",169,168,32
2022-02-24 23:30:09,"RT @italianarmyfam_: 🎥 Video di ringraziamento dei BTS per la vittoria del premio ""Global Recording Artist of the Year"" di IFPI 😍

#IFPIGlo…",['italianarmyfam_'],[]," 🎥 Video di ringraziamento dei BTS per la vittoria del premio ""Global Recording Artist of the Year"" di IFPI 😍 IFPIGlo…",140,118,21
2022-02-23 20:53:01,"@petergomezblog @claudio301065 @fattoquotidiano Ma nessuno ti vuole, stai da solo con Travaglio e Gomez , andrai lontano ah ah ah ma vai a Cagare","['petergomezblog', 'claudio301065', 'fattoquotidiano']",[],"Ma nessuno ti vuole, stai da solo con Travaglio e Gomez , andrai lontano ah ah ah ma vai a Cagare",145,97,21
2022-02-24 06:48:57,"RT @Teresat73540673: ""Noi - siamo sotto attacco su due fronti,quello del fabbisogno energetico(dipendiamo dalla Russia) e quello dell'attac…",['Teresat73540673'],[]," ""Noi - siamo sotto attacco su due fronti,quello del fabbisogno energetico(dipendiamo dalla Russia) e quello dell'attac…",140,120,16
2022-02-24 15:51:01,"Persone più acculturate ed informate di me, devo chiedervi una cosa, molto probabilmente stupida. Secondo voi c’è qualche possibilità che lo scontro si concluda in tempi brevi?",[],[],"Persone più acculturate ed informate di me, devo chiedervi una cosa, molto probabilmente stupida. Secondo voi c’è qualche possibilità che lo scontro si concluda in tempi brevi?",176,176,27
2022-02-24 00:23:54,Dai almeno così Soleil se ne va in stanza  #jeru,[],['jeru'],Dai almeno così Soleil se ne va in stanza jeru,48,46,10
2022-02-24 10:01:04,@dotaehugs hai haii,['dotaehugs'],[],hai haii,19,8,2
2022-02-24 15:28:42,"RT @AlexBazzaro: Il primo aprile non sarà più accettabile che a cittadini sani sia impedito dì lavorare o salire su un mezzo pubblico.
Il r…",['AlexBazzaro'],[], Il primo aprile non sarà più accettabile che a cittadini sani sia impedito dì lavorare o salire su un mezzo pubblico. Il r…,140,124,23
2022-02-24 17:43:00,RT @Esochad: Letteralmente un discorso da Miss Italia. C'era bisogno di riunire tutti per partorire sta roba?,['Esochad'],[], Letteralmente un discorso da Miss Italia. C'era bisogno di riunire tutti per partorire sta roba?,109,97,15
2022-02-24 11:49:44,voglio gli occhiali di gavino https://t.co/I8pSZqgh8y,[],[],voglio gli occhiali di gavino,53,29,5
2022-02-24 05:43:54,@daniella_lg Barco a la deriva,['daniella_lg'],[],Barco a la deriva,30,17,4
2022-02-24 02:03:10,@Bitchby34793686 @Menefreghista97 @story96010 Io riporto la realtà nessun hater sono pensa mi faceva simpatia prima ma è saccente presuntuosa e poi si inventa i ragazzi tre aerei e poi la madre a casa chi confessa che non ha nessun ragazzo su ciao dai 😂😂😂😂😂,"['Bitchby34793686', 'Menefreghista97', 'story96010']",[],Io riporto la realtà nessun hater sono pensa mi faceva simpatia prima ma è saccente presuntuosa e poi si inventa i ragazzi tre aerei e poi la madre a casa chi confessa che non ha nessun ragazzo su ciao dai 😂😂😂😂😂,257,211,41
2022-02-24 12:36:56,"@HikariLuci Luce, secondo me è una scelta in linea con gli attuali piani aziendali in tema di informazione. Intanto non dimentichiamo che la Rai è o dovrebbe essere servizio pubblico. Mediaset è  un'azienda privata.",['HikariLuci'],[],"Luce, secondo me è una scelta in linea con gli attuali piani aziendali in tema di informazione. Intanto non dimentichiamo che la Rai è o dovrebbe essere servizio pubblico. Mediaset è un'azienda privata.",215,202,33
2022-02-24 07:49:51,"RT @MediasetTgcom24: Ministero Interno ucraino: ""Centinaia di militari già uccisi""  #russia #guerra #ucraina #putin #usa #kiev #missili #Ru…",['MediasetTgcom24'],"['russia', 'guerra', 'ucraina', 'putin', 'usa', 'kiev', 'missili']"," Ministero Interno ucraino: ""Centinaia di militari già uccisi"" russia guerra ucraina putin usa kiev missili Ru…",140,111,16
2022-02-24 14:38:07,"#F1 #FUnoAT #F1Testing 

#leclerc torna in pista",[],"['F1', 'FUnoAT', 'F1Testing', 'leclerc']",F1 FUnoAT F1Testing leclerc torna in pista,48,42,7
2022-02-24 19:12:13,RT @hsxxtpwk: l’immagine parla da sola  #RussiaUkraineConflict https://t.co/vF3B81Tauy,['hsxxtpwk'],['RussiaUkraineConflict'], l’immagine parla da sola RussiaUkraineConflict,86,47,5
2022-02-24 13:05:37,@__HCl___ Ahahahahaha Madonna che ridere,['__HCl___'],[],Ahahahahaha Madonna che ridere,40,30,4
2022-02-24 10:23:30,erano molto buoni anche se le nostre compagne ci odieranno perché non li ho fatti per tutte,[],[],erano molto buoni anche se le nostre compagne ci odieranno perché non li ho fatti per tutte,91,91,17
2022-02-24 21:17:59,@acmattiam Le hai fatto mettere il privato,['acmattiam'],[],Le hai fatto mettere il privato,42,31,6
2022-02-25 07:12:29,"RT @_altezzosa_: Sonia Bruganelli che rispecchia il pensiero dì tutt’Italia:
#gfvip #teamsoleil #SoleArmy 
https://t.co/d2kwNol4hU",['_altezzosa_'],"['gfvip', 'teamsoleil', 'SoleArmy']", Sonia Bruganelli che rispecchia il pensiero dì tutt’Italia: gfvip teamsoleil SoleArmy,130,86,11
2022-02-25 00:52:15,IO SALVO SOLO ZIA MIRI❤️❤️ #jerù #miriangeles https://t.co/gUCh91vy0E,[],"['jerù', 'miriangeles']",IO SALVO SOLO ZIA MIRI❤️❤️ jerù miriangeles,69,43,7
2022-02-24 20:06:55,"Meglio non volare in Sicilia😡😰c'è un traffico😱
https://t.co/IUuiNYN5of",[],[],Meglio non volare in Sicilia😡😰c'è un traffico😱,70,46,7
2022-02-25 00:39:33,"Boh Manila a me non convince per nulla, ha detto di tutto a Jessi e Lulù e poi va e le abbraccia #gfvip #jessvip #jeru",[],"['gfvip', 'jessvip', 'jeru']","Boh Manila a me non convince per nulla, ha detto di tutto a Jessi e Lulù e poi va e le abbraccia gfvip jessvip jeru",118,115,25
2022-02-24 23:20:47,Il pubblico obbligato ad applaudire AHAHAHAHHAHAHHA #GFvip,[],['GFvip'],Il pubblico obbligato ad applaudire AHAHAHAHHAHAHHA GFvip,58,57,7
2022-02-24 15:42:15,"@GCerqueti Ruolo che comunque svolgerebbe meglio, ad esempio, di Alemanno o Raggi.",['GCerqueti'],[],"Ruolo che comunque svolgerebbe meglio, ad esempio, di Alemanno o Raggi.",82,71,11
2022-02-24 17:29:01,@AssiaVonNeumann lui basito perché consapevole che le ucraine in italia fanno perlopiù le mignotte e le docenti di fisica nucleare.,['AssiaVonNeumann'],[],lui basito perché consapevole che le ucraine in italia fanno perlopiù le mignotte e le docenti di fisica nucleare.,131,114,19
2022-02-24 07:44:22,"RT @SteAlbamonte: Ci sono stati almeno 7 morti e 9 feriti nei bombardamenti russi in #Ucraina. Lo ha riferito @Reuters

#RussiaUkraineConfl…","['SteAlbamonte', 'Reuters']",['Ucraina'], Ci sono stati almeno 7 morti e 9 feriti nei bombardamenti russi in Ucraina. Lo ha riferito RussiaUkraineConfl…,140,111,18
2022-02-24 23:22:40,la collab di vernon con charli xcx 🤯🤯,[],[],la collab di vernon con charli xcx 🤯🤯,37,37,8
2022-02-23 23:58:37,RT @vecchiavolpe003: ma andiamo a vedere quale è il post con più like tra i magliati…😁#caroligi https://t.co/u9ETJ1wreo,['vecchiavolpe003'],['caroligi'], ma andiamo a vedere quale è il post con più like tra i magliati…😁caroligi,119,74,14
2022-02-24 21:46:02,@Tananai5 noi registriamo sempre tutto amo tranquillo,['Tananai5'],[],noi registriamo sempre tutto amo tranquillo,53,43,6
2022-02-24 03:35:03,E vuole fare la love boat mah 🤣,[],[],E vuole fare la love boat mah 🤣,31,31,8
2022-02-25 04:50:40,"RT @OrioliPaolo: Sembrano pochi, ma visto quello che rischia chi si oppone a Putin...
Chapeau https://t.co/y6bO9oUzzI",['OrioliPaolo'],[]," Sembrano pochi, ma visto quello che rischia chi si oppone a Putin... Chapeau",117,77,13
2022-02-23 18:23:23,RT @sonojessica91: tu sei la mia luce🌞 https://t.co/JarOJOgb5B,['sonojessica91'],[], tu sei la mia luce🌞,62,20,5
2022-02-23 19:47:59,RT @0760risolutore: martedì grasso dove sfilano???? Ho comprato una cassetta di pomodori!!!!!! https://t.co/NbBD1EFKby,['0760risolutore'],[], martedì grasso dove sfilano???? Ho comprato una cassetta di pomodori!!!!!!,118,75,10
2022-02-24 08:47:37,"RT @Agenzia_Italia: ⏲️Borsa in  'profondo rosso' dopo l'invasione dell'Ucraina, -4,63%",['Agenzia_Italia'],[]," ⏲️Borsa in 'profondo rosso' dopo l'invasione dell'Ucraina, -4,63%",86,66,8
2022-02-24 18:29:03,RT @andfranchini: Ultima perla dell’’insufficiente mentale di @fmmosca chiunque segua o interagisca con questo demente verrà immediatamente…,"['andfranchini', 'FmMosca']",[], Ultima perla dell’’insufficiente mentale di chiunque segua o interagisca con questo demente verrà immediatamente…,140,114,14
2022-02-24 05:11:47,"@paolo_gibilisco Io la invidio per il suo ""self control"". Io avrei distrutto qualcosa!",['paolo_gibilisco'],[],"Io la invidio per il suo ""self control"". Io avrei distrutto qualcosa!",86,69,12
2022-02-24 16:58:05,RT @AntonellaGigl18: Wow bella recensione #HayallerveHayatlar #ÖzgeGürel,['AntonellaGigl18'],"['HayallerveHayatlar', 'ÖzgeGürel']", Wow bella recensione HayallerveHayatlar ÖzgeGürel,72,50,5
2022-02-23 19:03:00,@TrxpQueej4L Abbiamo capito che ti manca chicco,['TrxpQueej4L'],[],Abbiamo capito che ti manca chicco,47,34,6
2022-02-25 03:37:51,@confundustria Chi glielo dice che su quell'orologio ci sono numeri Arabi?,['confundustria'],[],Chi glielo dice che su quell'orologio ci sono numeri Arabi?,74,59,10
2022-02-25 00:48:52,"RT @valy_s: Faccio sommessamente presente che i MEDIA,i COMMENTATORI (filo-piddini) e gli “ESPERTI”.. che fino a ieri vi stavano spiegando…",['valy_s'],[]," Faccio sommessamente presente che i MEDIA,i COMMENTATORI (filo-piddini) e gli “ESPERTI”.. che fino a ieri vi stavano spiegando…",139,128,18
2022-02-24 20:35:13,"@Iousfaerie si si è lo stesso però dicono sia ancora in giro , quindi non saprei",['Iousfaerie'],[],"si si è lo stesso però dicono sia ancora in giro , quindi non saprei",80,68,15
2022-02-24 12:12:51,"Sono combattuto: c'è una allucinazione, posso anche credere alla buona fede insomma, tuttavia questa allucinazione è pericolosissima come ogni cosa che offuschi una chiara visione su ciò che è la convivenza fra Popoli e Spiriti.
Sì, il debole paga come noi da 70 anni.
E tanto... https://t.co/zaADD9OWZ3",[],[],"Sono combattuto: c'è una allucinazione, posso anche credere alla buona fede insomma, tuttavia questa allucinazione è pericolosissima come ogni cosa che offuschi una chiara visione su ciò che è la convivenza fra Popoli e Spiriti. Sì, il debole paga come noi da 70 anni. E tanto...",303,279,46
2022-02-24 12:25:55,"RT @_thatsale_: Eravamo felici e lo sapevamo
#Sanremo2022 https://t.co/JsYSrmcMle",['_thatsale_'],['Sanremo2022'], Eravamo felici e lo sapevamo Sanremo2022,81,41,6
2022-02-24 09:03:43,"RT @fanpage: #RussiaUkraineConflict 

In un discorso alle 4 del mattino ore italiane, il presidente russo Vladimir Putin ha annunciato un’o…",['fanpage'],['RussiaUkraineConflict']," RussiaUkraineConflict In un discorso alle 4 del mattino ore italiane, il presidente russo Vladimir Putin ha annunciato un’o…",140,125,18
2022-02-24 06:39:48,RT @sruotolo1: #UcraniaRussia Sta accadendo quello che non volevamo accadesse: la guerra. La guerra nel cuore dell’Europa. E nelle guerre p…,['sruotolo1'],['UcraniaRussia'], UcraniaRussia Sta accadendo quello che non volevamo accadesse: la guerra. La guerra nel cuore dell’Europa. E nelle guerre p…,140,125,19
2022-02-23 17:18:58,@M4YB3IMISSY0U che ritardato,['M4YB3IMISSY0U'],[],che ritardato,28,13,2
2022-02-24 20:38:17,@barrycrumpp non trattarmi male,['barrycrumpp'],[],non trattarmi male,31,18,3
2022-02-25 01:16:52,Carina é cosi iperattiva io mi sto sentendo male,[],[],Carina é cosi iperattiva io mi sto sentendo male,48,48,9
2022-02-24 22:59:05,"NON LO STA DICENDO DAVVERO CHE CESSO
 #JERU",[],['JERU'],NON LO STA DICENDO DAVVERO CHE CESSO JERU,43,41,8
2022-02-24 10:43:18,"@argentofisico @GandolfoDomini1 sono gruppi di potere privati occidentali che hanno in mano i pupazzi al governo che vogliono questo e lo vogliono per loro profitto personale anche se ci vanno di mezzo le economie delle loro stesse nazioni, non sono questioni di ""profitto nazionale""","['argentofisico', 'GandolfoDomini1']",[],"sono gruppi di potere privati occidentali che hanno in mano i pupazzi al governo che vogliono questo e lo vogliono per loro profitto personale anche se ci vanno di mezzo le economie delle loro stesse nazioni, non sono questioni di ""profitto nazionale""",283,251,42
2022-02-23 19:27:40,"@iw3rjlcanguro68 I politici di professione vogliono essere ri-eletti, mentre chi dice di voler restare per una legislatura e basta, poi mira solo al vitalizio. Quindi poco affidabili, ma si capiva già la scarsa inclinazione democratica quando cacciavano via i loro dissidenti dal partito",['iw3rjlcanguro68'],[],"I politici di professione vogliono essere ri-eletti, mentre chi dice di voler restare per una legislatura e basta, poi mira solo al vitalizio. Quindi poco affidabili, ma si capiva già la scarsa inclinazione democratica quando cacciavano via i loro dissidenti dal partito",287,270,42
2022-02-25 00:02:25,"@Tommasolabate #guerraucraina ? O guerra di difesa di #Putin ?

Oggi borse Mondiali

Milano - 4.15%

Mosca - 30%

NewYork +3.5% Nasdaq +1.5%DJ

NON HO ALTRO DA DIRE SULL' ARGOMENTO",['Tommasolabate'],"['guerraucraina', 'Putin']",guerraucraina ? O guerra di difesa di Putin ? Oggi borse Mondiali Milano - 4.15% Mosca - 30% NewYork +3.5% Nasdaq +1.5%DJ NON HO ALTRO DA DIRE SULL' ARGOMENTO,180,158,29
2022-02-24 22:04:08,RT @LuTheReader: L'Elfo scemo che fa finta di non capire la cosa sulla musica di Manuel detta da Lulù 😬 la vecchia stava con Manu quando lu…,['LuTheReader'],[], L'Elfo scemo che fa finta di non capire la cosa sulla musica di Manuel detta da Lulù 😬 la vecchia stava con Manu quando lu…,140,124,25
2022-02-25 00:39:58,"@Lilibeth3090 Mi pare proprio così. Anche perché Sole ora ha poche sponde. Sophie, Giucas, Alessandro, poi?",['Lilibeth3090'],[],"Mi pare proprio così. Anche perché Sole ora ha poche sponde. Sophie, Giucas, Alessandro, poi?",107,93,15
2022-02-24 22:41:36,RT @PaoloCond: Ammirazione per chi è sceso in piazza in Russia a manifestare contro la guerra. Coraggio autentico,['PaoloCond'],[], Ammirazione per chi è sceso in piazza in Russia a manifestare contro la guerra. Coraggio autentico,113,99,16
2022-02-25 08:03:19,Calciomercato Juve: Marotta punta il vecchio pallino in attacco di Cherubini https://t.co/2nM6Ytif0B,[],[],Calciomercato Juve: Marotta punta il vecchio pallino in attacco di Cherubini,100,76,11
2022-02-24 12:39:16,RT @catiuz92: Se i #basciagoni si fanno fregare da quel fandom quando Soleil non ha detto nulla di cattivo se non che non fida totalmente d…,['catiuz92'],['basciagoni'], Se i basciagoni si fanno fregare da quel fandom quando Soleil non ha detto nulla di cattivo se non che non fida totalmente d…,140,126,24
2022-02-24 22:54:58,finalmente la vecchia razzista è uscita #gfvip,[],['gfvip'],finalmente la vecchia razzista è uscita gfvip,46,45,7
2022-02-24 21:41:43,"RT @agomarly: Raga, fatela tacere!
Dice che è vera, ma è la più falsa di tutte. Dice che nessuno la fa parlare, ma parla solo lei. E caspit…",['agomarly'],[]," Raga, fatela tacere! Dice che è vera, ma è la più falsa di tutte. Dice che nessuno la fa parlare, ma parla solo lei. E caspit…",140,127,26
2022-02-25 01:16:51,"Ok lo ha detto, lo ha praticamente ammesso.
@GrandeFratello
#gfvip",['GrandeFratello'],['gfvip'],"Ok lo ha detto, lo ha praticamente ammesso. gfvip",66,49,9
2022-02-25 00:39:49,"RT @catiuz92: Antonio praticamente pronto ad essere l'angelo custode di Soleil 💔
""Non ti creare problemi.. Io ci sono. 
Ho capito che perso…",['catiuz92'],[]," Antonio praticamente pronto ad essere l'angelo custode di Soleil 💔 ""Non ti creare problemi.. Io ci sono. Ho capito che perso…",140,126,21
2022-02-24 09:26:32,"RT @wallsmeb: mi viene da piangere perchè gli uomini non hanno capito niente dalla storia. Queste immagini mi hanno distrutta, ho una paura…",['wallsmeb'],[]," mi viene da piangere perchè gli uomini non hanno capito niente dalla storia. Queste immagini mi hanno distrutta, ho una paura…",140,127,21
2022-02-25 02:10:09,Mamma queste donne ragazzi!!! Abbiamo bisogno di esempi di donne forti così!!! #jeru,[],['jeru'],Mamma queste donne ragazzi!!! Abbiamo bisogno di esempi di donne forti così!!! jeru,84,83,13
2022-02-23 23:58:31,"RT @duaplicity: questi due che si prendono in giro impazzisco 
#gavetta
https://t.co/AcOO6YGyrb",['duaplicity'],['gavetta'], questi due che si prendono in giro impazzisco gavetta,95,54,9
2022-02-24 10:03:25,@hongiebfly @ATEEZofficial io a voi,"['hongiebfly', 'ATEEZofficial']",[],io a voi,35,8,3
2022-02-24 09:18:11,"Daje sto studiando per il mio futuro
https://t.co/jqxCkQukFD",[],[],Daje sto studiando per il mio futuro,60,36,7
2022-02-25 07:10:24,RT @GianpieroScanu: Forse la più grande speranza. #NoWar https://t.co/ngBZ26x5Xh,['GianpieroScanu'],['NoWar'], Forse la più grande speranza. NoWar,80,36,6
2022-02-24 09:38:17,"RT @udogumpel: Si, ce lo ricordiamo.",['udogumpel'],[]," Si, ce lo ricordiamo.",36,22,4
2022-02-25 06:46:49,non io che sto rivedendo questo video perché tra poco ho l'interrogazione,[],[],non io che sto rivedendo questo video perché tra poco ho l'interrogazione,73,73,12
2022-02-24 21:31:05,"Sono un ragazzo è ho un fratello minore, ed è vero è nato per rovinarmi😂 #gfvip",[],['gfvip'],"Sono un ragazzo è ho un fratello minore, ed è vero è nato per rovinarmi😂 gfvip",79,78,16
2022-02-24 12:25:54,@Mediavenir Ma pause elle se fini,['Mediavenir'],[],Ma pause elle se fini,33,21,5
2022-02-23 22:46:37,RT @laracuck1: RT se ti piace vedermi così... 💋 💓 https://t.co/o1fyn24QM3,['laracuck1'],[], RT se ti piace vedermi così... 💋 💓,73,35,8
2022-02-23 20:52:25,RT @sigarettaxduee: rt to scare quel fandom https://t.co/UbfwqS9O3R,['sigarettaxduee'],[], rt to scare quel fandom,67,24,5
2022-02-24 13:13:43,"RT @ilpost: La seconda fase sta per iniziare, e si può partecipare gratuitamente, inviando un proprio racconto inedito ambientato a Milano.…",['ilpost'],[]," La seconda fase sta per iniziare, e si può partecipare gratuitamente, inviando un proprio racconto inedito ambientato a Milano.…",140,129,19
2022-02-24 23:46:10,"RT @R_Martina: Il pelato da e toglie la libertà di pensiero a suo piacimento, tranquillo amore noi vediamo e sentiamo tutto ma soprattutto…",['R_Martina'],[]," Il pelato da e toglie la libertà di pensiero a suo piacimento, tranquillo amore noi vediamo e sentiamo tutto ma soprattutto…",139,125,21
2022-02-24 16:17:59,LG chiude il business dei pannelli solari https://t.co/UqVaG5R6ap https://t.co/kTlNT2coTw,[],[],LG chiude il business dei pannelli solari,89,41,7
2022-02-24 18:01:43,@easyminho IO IN CULONIA,['easyminho'],[],IO IN CULONIA,24,13,3
2022-02-24 18:20:26,@P4411nn4U @adrianobusolin @EnricoLetta https://t.co/mQltQ08q4g  allora è vero che i comunisti sostengono Putin,"['P4411nn4U', 'adrianobusolin', 'EnricoLetta']",[],allora è vero che i comunisti sostengono Putin,111,46,8
2022-02-24 06:05:03,RT @antonellamass_: Incredibile come sembrano passati davvero cinque anni 🤧❤#LoveIsInTheAir https://t.co/ztKtjMZFgO,['antonellamass_'],['LoveIsInTheAir'], Incredibile come sembrano passati davvero cinque anni 🤧❤LoveIsInTheAir,115,71,8
2022-02-23 23:06:39,Jajsjsjajsjsjjdjah,[],[],Jajsjsjajsjsjjdjah,18,18,1
2022-02-24 12:01:53,"@lunanuovarossa @GenCar5 Dopo Trotsky il comunismo è morto in Europa e Asia, l'unico esempio virtuoso è Cuba.","['lunanuovarossa', 'GenCar5']",[],"Dopo Trotsky il comunismo è morto in Europa e Asia, l'unico esempio virtuoso è Cuba.",109,84,15
2022-02-23 21:57:54,@NHCAPALDI vogliono provare a salire nei regionali?,['NHCAPALDI'],[],vogliono provare a salire nei regionali?,51,40,6
2022-02-24 09:09:13,"@DoraliceGuadag1 @myrtamerlino Oltre ai denaro vogliono continuare lo sterminio, fatto un Papa de ne fa un altro.","['DoraliceGuadag1', 'myrtamerlino']",[],"Oltre ai denaro vogliono continuare lo sterminio, fatto un Papa de ne fa un altro.",113,82,15
2022-02-25 01:44:34,@ChiaraDilo Ci hanno ammazzato altri per molto meno. Sti maledetti,['ChiaraDilo'],[],Ci hanno ammazzato altri per molto meno. Sti maledetti,66,54,9
2022-02-24 22:53:44,"MIRIANA JESS E LULÙ LE MIE REGINE CHE COME TALI SONO RIMASTE SEDUTE SUL DIVANO. 

Le mie donne ❤️ #jerù",[],['jerù'],MIRIANA JESS E LULÙ LE MIE REGINE CHE COME TALI SONO RIMASTE SEDUTE SUL DIVANO. Le mie donne ❤️ jerù,103,100,20
2022-02-24 16:46:23,RT @VociViola: Te lo diciamo Noi cara soledad tu non per che non vedi non vuoi vedere 🙃🤪come rosica 😬😬😬#jeru #gfvip6,['VociViola'],"['jeru', 'gfvip6']", Te lo diciamo Noi cara soledad tu non per che non vedi non vuoi vedere 🙃🤪come rosica 😬😬😬jeru gfvip6,116,100,19
2022-02-23 21:40:25,Jdhdsksjjsjsjsjs,[],[],Jdhdsksjjsjsjsjs,16,16,1
2022-02-24 13:18:10,RT @CriticaScient: @guglielmopicchi Blocca pure https://t.co/YEqR63Eett,"['CriticaScient', 'guglielmopicchi']",[], Blocca pure,71,12,2
2022-02-24 08:26:20,"Ma per favore...
https://t.co/CvBvPjm5f3",[],[],Ma per favore...,40,16,3
2022-02-24 21:32:49,"@lidix_by Me alegro,nd acostada,tu?",['lidix_by'],[],"Me alegro,nd acostada,tu?",35,25,3
2022-02-24 12:58:38,"Nooo jess non andar via nooooo
#jerù",[],['jerù'],Nooo jess non andar via nooooo jerù,36,35,7
2022-02-25 07:12:06,"RT @Antonio79B: Oggi nel 1613 nasceva il pittore #MattiaPreti.

(GIOCO DELLA DAMA, anno 1630-1640 circa, olio su tela, 109 × 144 cm, Ashmol…",['Antonio79B'],['MattiaPreti']," Oggi nel 1613 nasceva il pittore MattiaPreti. (GIOCO DELLA DAMA, anno 1630-1640 circa, olio su tela, 109 × 144 cm, Ashmol…",140,123,21
2022-02-24 22:17:04,RT @sessotel: Per chi volesse sborrare al cell stasera per le 2130 lascia numero in pv chiamo io godi al cell con me tu mi dirai il da fare…,['sessotel'],[], Per chi volesse sborrare al cell stasera per le 2130 lascia numero in pv chiamo io godi al cell con me tu mi dirai il da fare…,140,127,27
2022-02-23 16:45:40,"RT @Carmen222485937: @AxiaFel Io ho chiuso con un mojito
Devo ringraziare lui se abbiamo la compagnia dei disadattati al governo.
Il perdon…","['Carmen222485937', 'AxiaFel']",[], Io ho chiuso con un mojito Devo ringraziare lui se abbiamo la compagnia dei disadattati al governo. Il perdon…,140,111,19
2022-02-24 13:20:48,"Mi spiace, non posso rispondere alla chiamata alle armi, non ho il nazipass.",[],[],"Mi spiace, non posso rispondere alla chiamata alle armi, non ho il nazipass.",76,76,13
2022-02-24 18:49:05,RT @Gideon_Kitheka: Fiongosi wa Fonde La Ufa led by Oscar visited Sabina Chege. https://t.co/Ur5AmqLYdq,['Gideon_Kitheka'],[], Fiongosi wa Fonde La Ufa led by Oscar visited Sabina Chege.,103,60,11
2022-02-23 22:27:32,"RT @laltrodiego: ""Non si violano i confini di altri Paesi"" ... a meno che speroni motovedette. https://t.co/q4q6qJOwQO",['laltrodiego'],[]," ""Non si violano i confini di altri Paesi"" ... a meno che speroni motovedette.",118,78,14
2022-02-24 23:45:04,"RT @GiovaQuez: Dopo la Bielorussia, Putin punta ad avere il controllo - direi ormai completo - dell'Ucraina per poi probabilmente passare a…",['GiovaQuez'],[]," Dopo la Bielorussia, Putin punta ad avere il controllo - direi ormai completo - dell'Ucraina per poi probabilmente passare a…",140,126,20
2022-02-23 19:12:33,"Il ""vile affarista"" (Francesco COSSIGA, in diretta sulla Rai, 2008)

#nogreenpass #UcraniaRusia #draghistan https://t.co/zirk0s1dh5",[],"['nogreenpass', 'UcraniaRusia', 'draghistan']","Il ""vile affarista"" (Francesco COSSIGA, in diretta sulla Rai, 2008) nogreenpass UcraniaRusia draghistan",131,103,13
2022-02-24 23:07:01,"RT @hhummohh: C'è un aspetto umano nelle decisioni del gelido Putin: ha 69 anni, se vuole ricreare la Grande Russia non gli restano più di…",['hhummohh'],[]," C'è un aspetto umano nelle decisioni del gelido Putin: ha 69 anni, se vuole ricreare la Grande Russia non gli restano più di…",139,126,23
2022-02-24 18:19:36,"RT @CiroNostro: Sig. Putin, i portavoce della delegazione mattonista le esprimono congratulazioni per la liberazione dell’Ukraina. Chiedono…",['CiroNostro'],[]," Sig. Putin, i portavoce della delegazione mattonista le esprimono congratulazioni per la liberazione dell’Ukraina. Chiedono…",140,125,15
2022-02-24 14:47:36,"@Matiaz71491027 Nono, io riporto quello che trovo di confermato.",['Matiaz71491027'],[],"Nono, io riporto quello che trovo di confermato.",64,48,8
2022-02-24 13:10:23,RT @warburg100: +++#Draghi  HA SOSTANZIALMENTE ANNUNCIATO CHE TRUPPE ITALIANE SARANNO IMPEGNATYE IN UN EVENTUALE CONFLITTO . RAMMENTIAMO CH…,['warburg100'],['Draghi'], +++Draghi HA SOSTANZIALMENTE ANNUNCIATO CHE TRUPPE ITALIANE SARANNO IMPEGNATYE IN UN EVENTUALE CONFLITTO . RAMMENTIAMO CH…,140,123,16
2022-02-24 21:20:11,@nvmshope nulla di che sono da poco tornata a casa da un giretto in macchina! giro un po' per la tl,['nvmshope'],[],nulla di che sono da poco tornata a casa da un giretto in macchina! giro un po' per la tl,99,89,20
2022-02-24 12:24:44,"RT @Akgonn: Per favore, segnalate questo schifo https://t.co/wvxDoUwitG",['Akgonn'],[]," Per favore, segnalate questo schifo",71,36,5
2022-02-23 18:09:57,@covrtana lo difenderei come Az ha difeso Feyre alla riunione 👊🏻👊🏻,['covrtana'],[],lo difenderei come Az ha difeso Feyre alla riunione 👊🏻👊🏻,66,56,10
2022-02-24 15:37:16,"RT @LucianoCesarett: Putiferio in Romania: 
il patron della Steaua Bucarest ritiene i calciatori vaccinati più deboli e vuole impedirne l'i…",['LucianoCesarett'],[], Putiferio in Romania: il patron della Steaua Bucarest ritiene i calciatori vaccinati più deboli e vuole impedirne l'i…,140,119,18
2022-02-23 20:19:59,RT @Fraaaalarry: L'hanno modificata. Siete pagliacci lo stesso🤡 @GrandeFratello #jerù https://t.co/OBaXDzSRia,"['Fraaaalarry', 'GrandeFratello']",['jerù'], L'hanno modificata. Siete pagliacci lo stesso🤡 jerù,109,52,7
2022-02-23 19:15:27,"comunque il discorso che l'hobby deve essere produttivo e che i 30enni devono trovarsi di meglio da fare è figlio della mentalità capitalista che rende schiavo questo e molti altri paesi, persino nei momenti liberi l'individuo deve produrre e fare qualcosa di utile",[],[],"comunque il discorso che l'hobby deve essere produttivo e che i 30enni devono trovarsi di meglio da fare è figlio della mentalità capitalista che rende schiavo questo e molti altri paesi, persino nei momenti liberi l'individuo deve produrre e fare qualcosa di utile",265,265,43
2022-02-24 20:36:33,"RT @MediasetPlay: Loading Lulù! 🧚‍♀️

Twittate con #GFVIPPARTY per interagire in diretta!

Seguite ORA la diretta
https://t.co/LPZbDVQwq5
@…",['MediasetPlay'],['GFVIPPARTY'], Loading Lulù! 🧚‍♀️ Twittate con GFVIPPARTY per interagire in diretta! Seguite ORA la diretta @…,140,96,15
2022-02-23 20:40:05,Ma no.. pass,[],[],Ma no.. pass,12,12,3
2022-02-24 15:44:05,"@MLopice grazie e piacere, mio blog se interessa https://t.co/grJy0ydazB",['MLopice'],[],"grazie e piacere, mio blog se interessa",72,39,7
2022-02-24 13:26:27,@guglielmopicchi Ti voglio facilitare. Intanto ti blocco io. CLIC,['guglielmopicchi'],[],Ti voglio facilitare. Intanto ti blocco io. CLIC,65,48,8
2022-02-24 16:56:22,amoreee non vedo l’ora 🤧🤍🤍🤍 https://t.co/3YSOOhEm3d,[],[],amoreee non vedo l’ora 🤧🤍🤍🤍,51,27,5
2022-02-24 11:53:02,"@nicomar2610 No…questi venti di guerra mi spaventano tanto…il fatto e’che conosciamo questi personaggi assetati di potere..
un abbraccio Nico😘",['nicomar2610'],[],No…questi venti di guerra mi spaventano tanto…il fatto e’che conosciamo questi personaggi assetati di potere.. un abbraccio Nico😘,142,129,18
2022-02-24 13:47:25,Non ho proprio la forza di studiare madonna,[],[],Non ho proprio la forza di studiare madonna,43,43,8
2022-02-23 20:05:46,@antoneri1974 @GiovaAlbanese ai livelli richiesti dalla juve secondo me non tronerà più,"['antoneri1974', 'GiovaAlbanese']",[],ai livelli richiesti dalla juve secondo me non tronerà più,87,58,10
2022-02-24 10:34:34,"RT @_Nico_Piro_: #Guerra #RussiaUcraina #24febbraio partiamo da una certezza ""la prima vittima della guerra è la verità"" quindi è difficile…",['_Nico_Piro_'],"['Guerra', 'RussiaUcraina', '24febbraio']"," Guerra RussiaUcraina 24febbraio partiamo da una certezza ""la prima vittima della guerra è la verità"" quindi è difficile…",140,121,18
2022-02-24 17:48:45,RT @sandrogozi: Sembra ci sia una nuova pandemia che colpisce i tweet sovranisti italici pro-Russia e pro-Putin degli ultimi anni: vengono…,['sandrogozi'],[], Sembra ci sia una nuova pandemia che colpisce i tweet sovranisti italici pro-Russia e pro-Putin degli ultimi anni: vengono…,139,124,19
2022-02-25 07:18:04,"Putin non perderà i tantissimi consensi così ben guadagnati col ballot stuffing. Bravo #Travaglio, che continua a scrivere scemenze  condite con la solita ironia sulle analoghe scemenze scritte dai suoi colleghi. Anche lui fa parte della tragicommedia che pretende di denunciare https://t.co/BnoFebj0pz",[],['Travaglio'],"Putin non perderà i tantissimi consensi così ben guadagnati col ballot stuffing. Bravo Travaglio, che continua a scrivere scemenze condite con la solita ironia sulle analoghe scemenze scritte dai suoi colleghi. Anche lui fa parte della tragicommedia che pretende di denunciare",302,276,41
2022-02-23 21:48:42,@loryfakee ODDIO E MO?,['loryfakee'],[],ODDIO E MO?,22,11,3
2022-02-25 06:25:16,"RT @bailandooo_: La cosa a cui non riesco a non pensare continua ad essere come tutta questa situazione, assurda visto il secolo in cui ci…",['bailandooo_'],[]," La cosa a cui non riesco a non pensare continua ad essere come tutta questa situazione, assurda visto il secolo in cui ci…",139,123,23
2022-02-25 06:16:54,@alexmalinconia @StrangisThjngs Ma che pato🥺,"['alexmalinconia', 'StrangisThjngs']",[],Ma che pato🥺,44,12,3
2022-02-24 10:09:09,"RT @bohariet: le parti più belle di stanotte
•commentare OGNI volta si sia tolto e rimesso gli occhiali
•OGNI volta si sia un minimo copert…",['bohariet'],[], le parti più belle di stanotte •commentare OGNI volta si sia tolto e rimesso gli occhiali •OGNI volta si sia un minimo copert…,140,127,23
2022-02-24 13:34:31,"voi uomini siete così stupidi che per un tweet in cui si elogiano delle donne, iniziate a fare gli offesi perché voi state combattendo e siete in condizioni peggiori🥺🥺",[],[],"voi uomini siete così stupidi che per un tweet in cui si elogiano delle donne, iniziate a fare gli offesi perché voi state combattendo e siete in condizioni peggiori🥺🥺",167,167,29
2022-02-24 17:52:53,RT @Draghivax: Il parlamento ha approvato con voto di fiducia il DL che impone il trattamento sanitario sperimentale per gli over 50. Oggi…,['Draghivax'],[], Il parlamento ha approvato con voto di fiducia il DL che impone il trattamento sanitario sperimentale per gli over 50. Oggi…,139,125,21
2022-02-24 18:29:57,"@DRAG_ME_D0WN__ Ogni tanto sparisco e ritorno ahah, come va? Cone stai?",['DRAG_ME_D0WN__'],[],"Ogni tanto sparisco e ritorno ahah, come va? Cone stai?",71,55,10
2022-02-25 01:04:41,"RT @Masse78: Complimenti al 2022, che poteva essere un anno di merda come gli ultimi due, ma con questa guerra ha voluto esagerare ed in so…",['Masse78'],[]," Complimenti al 2022, che poteva essere un anno di merda come gli ultimi due, ma con questa guerra ha voluto esagerare ed in so…",140,128,24
2022-02-24 13:16:02,"@tommaso_zorzi Senza parole, solo tanta pena per tutto 😭💔",['tommaso_zorzi'],[],"Senza parole, solo tanta pena per tutto 😭💔",57,42,8
2022-02-24 19:06:16,"Anziché diffondere notizie false, video di guerre di 10 anni fa spacciandola per l’Ucraina solo per far vedere ai vostri follower che siete compassionevoli… sapete che nel 2022 si può scegliere di rimanere in silenzio? Non diffondete panico ulteriore #RussiaUkraineConflict",[],['RussiaUkraineConflict'],"Anziché diffondere notizie false, video di guerre di 10 anni fa spacciandola per l’Ucraina solo per far vedere ai vostri follower che siete compassionevoli… sapete che nel 2022 si può scegliere di rimanere in silenzio? Non diffondete panico ulteriore RussiaUkraineConflict",273,272,40
2022-02-23 23:06:22,"@matteosalvinimi non riesco a decidere se siete peggio del pd, dei 5 facce, o di forza italia",['matteosalvinimi'],[],"non riesco a decidere se siete peggio del pd, dei 5 facce, o di forza italia",93,76,16
2022-02-24 02:53:52,"@pruprudo Azideia do bglhMann zkznzmzkzmzz
É a fama chegando",['pruprudo'],[],Azideia do bglhMann zkznzmzkzmzz É a fama chegando,60,50,8
2022-02-25 07:28:04,RT @NatjusLDB: Fosse per i giornalisti occidentali già sarebbe iniziata la terza guerra mondiale. Meno male che devono limitarsi a mentire…,['NatjusLDB'],[], Fosse per i giornalisti occidentali già sarebbe iniziata la terza guerra mondiale. Meno male che devono limitarsi a mentire…,139,125,19
2022-02-23 19:55:27,RT @DAYSensacoes: Buonanotte famiglia seguimi su kwai 🐬 https://t.co/xPZAfLMonO,['DAYSensacoes'],[], Buonanotte famiglia seguimi su kwai 🐬,79,38,6
2022-02-23 21:14:03,"Mia madre mi fa cosa stai guardando ?
Io: https://t.co/gVEF8GcOPp",[],[],Mia madre mi fa cosa stai guardando ? Io:,65,41,9
2022-02-24 21:59:54,"Doveva essere un programma dove portava leggerezza.
Invece porta trash e discorsi fuori luogo.

C'è gente che sta facendo una vera  e propria guerra e questi fanno sto circo alquanto inutile.
#gfvip",[],['gfvip'],Doveva essere un programma dove portava leggerezza. Invece porta trash e discorsi fuori luogo. C'è gente che sta facendo una vera e propria guerra e questi fanno sto circo alquanto inutile. gfvip,198,195,32
2022-02-24 08:09:43,@S_DEZI @GiorgiaMeloni Siamo l’11º esercito mondiale. La Nato ha Paesi tra i migliori eserciti al mondo ed altre nazioni nemiche di Russia e Cina (Giappone e India) stanno in top 10. Se la Nato decidesse di trattare Putin alla stregua di Hitler per la Russia sarebbero dolori,"['S_DEZI', 'GiorgiaMeloni']",[],Siamo l’11º esercito mondiale. La Nato ha Paesi tra i migliori eserciti al mondo ed altre nazioni nemiche di Russia e Cina (Giappone e India) stanno in top 10. Se la Nato decidesse di trattare Putin alla stregua di Hitler per la Russia sarebbero dolori,275,252,45
2022-02-24 21:44:29,"Nooooo
No sè que decir",[],[],Nooooo No sè que decir,22,22,5
2022-02-23 17:36:25,"RT @4thefamscorpio: Ma rega si sente Damiano che scrive sto morendo
#gavetta",['4thefamscorpio'],['gavetta'], Ma rega si sente Damiano che scrive sto morendo gavetta,76,56,10
2022-02-24 07:58:19,"Formula E, così le tecnologie sviluppate in gara supportano la mobilità sostenibile

Via @lifegate👇
https://t.co/O74vC89frh",['lifegate'],[],"Formula E, così le tecnologie sviluppate in gara supportano la mobilità sostenibile Via 👇",123,89,14
2022-02-24 16:52:55,@pescamelba @cosipegioco A me sono arrivate in 4°! 🥲,"['pescamelba', 'cosipegioco']",[],A me sono arrivate in 4°! 🥲,52,27,7
2022-02-24 21:24:29,@martacagnola ci mancherebbe ma la pandemia ha reso il confine tra dolo e colpa molto sottile. ovviamente distinguere tra media come se quelli non “tradizionali” fossero più affidabili è una vaccata sesquipedale.,['martacagnola'],[],ci mancherebbe ma la pandemia ha reso il confine tra dolo e colpa molto sottile. ovviamente distinguere tra media come se quelli non “tradizionali” fossero più affidabili è una vaccata sesquipedale.,212,198,31
2022-02-25 00:43:01,RT @EsercitoCrucian: #Putin si sta cagando in mano https://t.co/XbVw2t4Rb7,['EsercitoCrucian'],['Putin'], Putin si sta cagando in mano,74,29,6
2022-02-24 23:42:57,"RT @amandafariaas__: @PortalMussi @oficialmussi E

SIGA RODRIGOMUSSI NO IG","['amandafariaas__', 'PortalMussi', 'oficialmussi']",[], E SIGA RODRIGOMUSSI NO IG,74,26,5
2022-02-24 03:24:38,Io l'agrume non me lo aspetto e manco m'interessa. Aspetto solo che B si spogli e si metta sotto le coperte. Sti cazzi del resto #jeru,[],['jeru'],Io l'agrume non me lo aspetto e manco m'interessa. Aspetto solo che B si spogli e si metta sotto le coperte. Sti cazzi del resto jeru,134,133,26
2022-02-25 01:37:26,"@_comethru__ Non è stata quella la frase! Basciano ha specificato anche poco fa che era un’auto-offesa e cioe “VOLETE INCÜLARĘ ME CHE MI SONO FATTA INCÜLARE DA 10 NERI?”
Questa è la frase! Non dire sciocchezze per fomentare odio!",['_comethru__'],[],Non è stata quella la frase! Basciano ha specificato anche poco fa che era un’auto-offesa e cioe “VOLETE INCÜLARĘ ME CHE MI SONO FATTA INCÜLARE DA 10 NERI?” Questa è la frase! Non dire sciocchezze per fomentare odio!,229,216,38
2022-02-23 18:43:20,"HAHAHAHAAHAHAHAHAHAHAHAHHSDFHAHSDFHAHHAHAHAHAHAHAHAHAHAHADFHADFHAH 
@FLinaresB https://t.co/SPriz9zlTG",['FLinaresB'],[],HAHAHAHAAHAHAHAHAHAHAHAHHSDFHAHSDFHAHHAHAHAHAHAHAHAHAHAHADFHADFHAH,102,66,1
2022-02-24 21:41:53,"@EmaEuropeo Tranquillo, stanno arrivando https://t.co/M4FG4fQRpJ",['EmaEuropeo'],[],"Tranquillo, stanno arrivando",64,28,3
2022-02-24 20:52:40,"RT @bohariet: miriana è troppo anche per manila 
dieci mila spanne sopra queste tre #gfvip #jeru",['bohariet'],"['gfvip', 'jeru']", miriana è troppo anche per manila dieci mila spanne sopra queste tre gfvip jeru,96,80,14
2022-02-24 21:00:35,RT @La_manina__: Vi rendete conto che il PD si è lasciato scappare Pietro Grasso e Bersani per tenersi gente come Nobili e  Marcucci?,['La_manina__'],[], Vi rendete conto che il PD si è lasciato scappare Pietro Grasso e Bersani per tenersi gente come Nobili e Marcucci?,133,116,21
2022-02-24 11:41:50,Cmq i profili OSInt sono una svolta per informarsi.,[],[],Cmq i profili OSInt sono una svolta per informarsi.,51,51,9
2022-02-24 07:00:32,"RT @Gigadesires: Ma come, il diplomatico che tutto il mondo ci invidia e offeso brutalmente, non è riuscito fra una tartina e l'altra a fer…",['Gigadesires'],[]," Ma come, il diplomatico che tutto il mondo ci invidia e offeso brutalmente, non è riuscito fra una tartina e l'altra a fer…",140,124,23
2022-02-24 21:17:50,proprio mamma mia,[],[],proprio mamma mia,17,17,3
2022-02-24 20:53:12,@gloquenzi Un poveraccio,['gloquenzi'],[],Un poveraccio,24,13,2
2022-02-25 01:31:52,"Ahahaa 
#LeeSeungGi 
#이승기",[],"['LeeSeungGi', '이승기']",Ahahaa LeeSeungGi 이승기,25,21,3
2022-02-25 01:27:26,"@hugmeesposito Non ha detto così! Ha detto che le frasi sono vere ma che erano talmente gravi che non voleva riportarle per tutelare Nathaly e non farle fare una figuraccia, addirittura assumendosi le colpe lui",['hugmeesposito'],[],"Non ha detto così! Ha detto che le frasi sono vere ma che erano talmente gravi che non voleva riportarle per tutelare Nathaly e non farle fare una figuraccia, addirittura assumendosi le colpe lui",210,195,34
2022-02-24 07:31:39,"“Contrastare il caporalato”
di Redazione
Inizierà il prossimo 1 marzo il percorso di formazione ""Strategie e strumenti per prevenire e
 #Campania #caporalato

https://t.co/wVT28VFGFn https://t.co/UQgPRJJhnK",[],"['Campania', 'caporalato']","“Contrastare il caporalato” di Redazione Inizierà il prossimo 1 marzo il percorso di formazione ""Strategie e strumenti per prevenire e Campania caporalato",206,154,22
2022-02-23 20:34:06,"@alessan28580338 Cmq non sono da supportare ne handa ne Lautaro, considerato che prendono una valanga di soldi per quelle prestazioni. Noi tifosi amiamo l'Inter loro solo i soldi.",['alessan28580338'],[],"Cmq non sono da supportare ne handa ne Lautaro, considerato che prendono una valanga di soldi per quelle prestazioni. Noi tifosi amiamo l'Inter loro solo i soldi.",179,162,27
2022-02-24 10:06:53,RT @feltrinellied: Su @TopolinoIT protagonista @massimopolidoro autore di #Geniale https://t.co/foCxg7UGIm,"['feltrinellied', 'TopolinoIT', 'massimopolidoro']",['Geniale'], Su protagonista autore di Geniale,106,34,5
2022-02-24 20:41:27,"RT @amnestyitalia: Proteggere i civili in Ucraina
Proteggere i civili in Ucraina
Proteggere i civili in Ucraina
Proteggere i civili in Ucra…",['amnestyitalia'],[], Proteggere i civili in Ucraina Proteggere i civili in Ucraina Proteggere i civili in Ucraina Proteggere i civili in Ucra…,140,122,20
2022-02-25 04:31:32,RT @AcessoAnittaR: Anitta durante sua perfomance no #PremioLoNuestro. 🔥 https://t.co/FSmrZPVO2a,['AcessoAnittaR'],['PremioLoNuestro'], Anitta durante sua perfomance no PremioLoNuestro. 🔥,95,52,7
2022-02-24 06:50:31,"Vero, siamo al ridicolo. In effetti i russi oggi fanno shopping in Ucraina, vero salvietta? E salutateci il democratico e liberale vostro amico Putin...",[],[],"Vero, siamo al ridicolo. In effetti i russi oggi fanno shopping in Ucraina, vero salvietta? E salutateci il democratico e liberale vostro amico Putin...",152,152,24
2022-02-24 21:10:23,manco una doccia mi posso fare,[],[],manco una doccia mi posso fare,30,30,6
2022-02-24 16:38:46,"Ucraina, le dolorose premure delle mamme e dei papà: «Adesivi con il gruppo sanguigno sui vestiti dei bambini» https://t.co/RlcFAVi8lc @leggoit",['leggoit'],[],"Ucraina, le dolorose premure delle mamme e dei papà: «Adesivi con il gruppo sanguigno sui vestiti dei bambini»",143,110,18
2022-02-24 16:54:09,"RT @ziobaffone: Da anni ogni settimana partono missili da Israele verso Damasco, ma nessuno dice nulla.

Da anni l'Arabia saudita massacra…",['ziobaffone'],[]," Da anni ogni settimana partono missili da Israele verso Damasco, ma nessuno dice nulla. Da anni l'Arabia saudita massacra…",139,123,19
2022-02-24 16:23:44,"@vania_zio Aspetta ancora qualche settimana poi mi dici
Magari leggiti questo però
https://t.co/fs7ZYF4O21",['vania_zio'],[],Aspetta ancora qualche settimana poi mi dici Magari leggiti questo però,106,71,11
2022-02-24 22:09:10,@Spooky_The_Tuff A sto demente me lo ero perso ahahahah,['Spooky_The_Tuff'],[],A sto demente me lo ero perso ahahahah,55,38,8
2022-02-24 11:07:28,"@riotta @luigidimaio considero i M5S al peggio possibile, MA per onestà intellettuale, Putin di un ministro esteri di UN paese UE per quanto riguarda un’operazione militare simile, se ne fotte proprio a prescindere di chi sia.","['riotta', 'luigidimaio']",[],"considero i M5S al peggio possibile, MA per onestà intellettuale, Putin di un ministro esteri di UN paese UE per quanto riguarda un’operazione militare simile, se ne fotte proprio a prescindere di chi sia.",226,205,34
2022-02-24 00:08:37,"RT @elpulparindodEm: Eun Woo te amo unete a team ken hahaha 🤧

MTWINS HOST MIAW",['elpulparindodEm'],[], Eun Woo te amo unete a team ken hahaha 🤧 MTWINS HOST MIAW,79,58,13
2022-02-23 20:51:00,"RT @ChampionsLeague: Cristiano Ronaldo back in Madrid...

#UCL https://t.co/jsuxpHfp3N",['ChampionsLeague'],['UCL'], Cristiano Ronaldo back in Madrid... UCL,86,40,6
2022-02-23 23:24:47,"Quindi, ehm... sono arrabbiati e stranieri ma... uhm... anche organizzati per fare business ed é colpa degli italiani.
Ma... mboheh? 😵‍💫
#controcorrente",[],['controcorrente'],"Quindi, ehm... sono arrabbiati e stranieri ma... uhm... anche organizzati per fare business ed é colpa degli italiani. Ma... mboheh? 😵‍💫 controcorrente",152,151,22
2022-02-23 18:26:47,"RT @Gimmi52296693: Udite, udite: Draghi ha annuncisto che non prorogheranno oltre il 31 Marzo l'emergenza.
Fino a che non tolgono l'obbligo…",['Gimmi52296693'],[]," Udite, udite: Draghi ha annuncisto che non prorogheranno oltre il 31 Marzo l'emergenza. Fino a che non tolgono l'obbligo…",140,122,19
2022-02-23 23:17:34,"MACETA ESSE RATO, LALIS! ❤️❤️",[],[],"MACETA ESSE RATO, LALIS! ❤️❤️",29,29,5
2022-02-24 23:47:14,@drugginenti @ONadde @CinziaMad Non tutti sono abili come gli statunitensi. Cmq ci avevano pensato questi ultimi nel 2014. Con una strategia pericolosissima: dare spazio agli estremisti. Vogliamo trovarci un'Europa ridotta come il medio oriente o il nord Africa ?,"['drugginenti', 'ONadde', 'CinziaMad']",[],Non tutti sono abili come gli statunitensi. Cmq ci avevano pensato questi ultimi nel 2014. Con una strategia pericolosissima: dare spazio agli estremisti. Vogliamo trovarci un'Europa ridotta come il medio oriente o il nord Africa ?,263,231,36
2022-02-23 20:30:53,RT @AlfioKrancic: Il GP  dunque non sarà eliminato il 31.3 . Fino all'estate sarà in funzione. Che cazzo di senso ha tutto ciò?!,['AlfioKrancic'],[], Il GP dunque non sarà eliminato il 31.3 . Fino all'estate sarà in funzione. Che cazzo di senso ha tutto ciò?!,128,110,21
2022-02-24 17:39:37,Questo Paese è davvero una discarica.,[],[],Questo Paese è davvero una discarica.,37,37,6
2022-02-23 18:36:43,"Xavi, elogi al Napoli: ""Avversaria di livello Champions, sarà guerra per la palla""   https://t.co/kO993i7c5Z https://t.co/pEVhXtIk6w",[],[],"Xavi, elogi al Napoli: ""Avversaria di livello Champions, sarà guerra per la palla""",132,82,13
2022-02-23 17:19:27,"Anche stasera vi raccontiamo una simpatica leggenda: quella del Ponte del Diavolo di Cividale…
#friuli #Italia #mercoledì #History #arte #leggere #23febbraio @IlFriuli @CividaleCOM 
https://t.co/DBAQdd1hxa","['IlFriuli', 'CividaleCOM']","['friuli', 'Italia', 'mercoledì', 'History', 'arte', 'leggere', '23febbraio']",Anche stasera vi raccontiamo una simpatica leggenda: quella del Ponte del Diavolo di Cividale… friuli Italia mercoledì History arte leggere 23febbraio,205,150,21
2022-02-23 19:58:34,"RT @fattoquotidiano: Roma, il matrimonio tra Azione e Italia Viva in Campidoglio è già finito: i consiglieri renziani escono dal gruppo del…",['fattoquotidiano'],[]," Roma, il matrimonio tra Azione e Italia Viva in Campidoglio è già finito: i consiglieri renziani escono dal gruppo del…",140,120,20
2022-02-23 16:45:17,"RT @bitchinerica: normalizziamo piangere per la rabbia, grazie",['bitchinerica'],[]," normalizziamo piangere per la rabbia, grazie",62,45,6
2022-02-24 20:23:07,@AdriJuve64 È quello che ho pensato anche io,['AdriJuve64'],[],È quello che ho pensato anche io,44,32,7
2022-02-24 20:48:55,@akira4_bo ma dopo tutti questi cuori che ci stiamo mandando non è quee- la smetto,['akira4_bo'],[],ma dopo tutti questi cuori che ci stiamo mandando non è quee- la smetto,82,71,14
2022-02-24 10:56:00,"@JohnnyCognetti @cavicchioli Più moderato di così non riesco fratella. Scusa se ti senti offesa ma è tipico di chi è nel torto. Sta di fatto che dall'anno scorso ne spara il personaggio qui. Tra ""pandemia"" e Putin che vuole la guerra avete rotto le palle, e si vede che siete pieni zeppi di disinformazione","['JohnnyCognetti', 'cavicchioli']",[],"Più moderato di così non riesco fratella. Scusa se ti senti offesa ma è tipico di chi è nel torto. Sta di fatto che dall'anno scorso ne spara il personaggio qui. Tra ""pandemia"" e Putin che vuole la guerra avete rotto le palle, e si vede che siete pieni zeppi di disinformazione",306,277,52
2022-02-24 21:25:37,"RT @Morena_3v: “Miriana non ti mettere a piagnucolare che mi dai fastidio” 

SONIA BRUGANELLI È LA MIA FOTTUTA VITA 

#gfvip https://t.co/n…",['Morena_3v'],['gfvip'], “Miriana non ti mettere a piagnucolare che mi dai fastidio” SONIA BRUGANELLI È LA MIA FOTTUTA VITA gfvip,140,105,18
2022-02-24 08:55:21,"@Cesare6677 @GuidoCrosetto Per tutti noi, intende probabilmente quelli che si sono azzerbinati agli usurai apolidi e plaudivano nel 2014 davanti alle rivolte di Kiev. Salvo poi avere forti disturbi due anni dopo con l'elezione di Trump
Si per quelli è iniziata la resa dei conti.","['Cesare6677', 'GuidoCrosetto']",[],"Per tutti noi, intende probabilmente quelli che si sono azzerbinati agli usurai apolidi e plaudivano nel 2014 davanti alle rivolte di Kiev. Salvo poi avere forti disturbi due anni dopo con l'elezione di Trump Si per quelli è iniziata la resa dei conti.",279,252,43
2022-02-25 00:11:45,"@Quirinale Presidente, faccia qualcosa.

La prego

@Palazzo_Chigi","['Quirinale', 'Palazzo_Chigi']",[],"Presidente, faccia qualcosa. La prego",65,37,5
2022-02-24 07:40:17,"RT @SerglocSergio: Troppi account di Twitter stanno difendendo il criminale del Cremlino, vai a vedere e sono iscritti da parecchi anni con…",['SerglocSergio'],[]," Troppi account di Twitter stanno difendendo il criminale del Cremlino, vai a vedere e sono iscritti da parecchi anni con…",140,122,20
2022-02-23 16:15:14,@autocostruttore Trump dovrebbe preoccuparsi di fermare Biden.,['autocostruttore'],[],Trump dovrebbe preoccuparsi di fermare Biden.,62,45,6
2022-02-24 18:58:29,"Se guardo la storia e ogni cosa che Tu hai creato,  tutto mi parla di te, del tuo grande Amor. @ Bologna, Italy https://t.co/HSRBWERPIB",[],[],"Se guardo la storia e ogni cosa che Tu hai creato, tutto mi parla di te, del tuo grande Amor. @ Bologna, Italy",135,110,23
2022-02-24 15:18:49,RT @trovarsi: quanto sono belli vi prego ma come si fa #jeru https://t.co/BfFAwYKlvb,['trovarsi'],['jeru'], quanto sono belli vi prego ma come si fa jeru,84,46,10
2022-02-24 13:39:16,comunque io consiglio sempre le mie serie preferite a chiunque ma quando iniziano ad appassionarsi mi ingelosisco. #amoretoxic #mio,[],"['amoretoxic', 'mio']",comunque io consiglio sempre le mie serie preferite a chiunque ma quando iniziano ad appassionarsi mi ingelosisco. amoretoxic mio,131,129,19
2022-02-24 23:38:23,"Questi in un giorno hanno praticamente invaso l’Ucraina. Robe da pazzi. 

#NoWar #guerraucraina",[],"['NoWar', 'guerraucraina']",Questi in un giorno hanno praticamente invaso l’Ucraina. Robe da pazzi. NoWar guerraucraina,95,91,13
2022-02-25 05:19:42,@Pandora1775 Sei Una Favola Tesoro! Baciiiiiiiii All'infinito!,['Pandora1775'],[],Sei Una Favola Tesoro! Baciiiiiiiii All'infinito!,62,49,6
2022-02-25 00:18:05,NATALIE MA HAI UNA FAMIGLIA DELL'ETÀ DELLE SORELLE MA VERGOGNATI SU #gfvip,[],['gfvip'],NATALIE MA HAI UNA FAMIGLIA DELL'ETÀ DELLE SORELLE MA VERGOGNATI SU gfvip,74,73,12
2022-02-24 16:52:18,@mstacymalibu MA RI CO,['mstacymalibu'],[],MA RI CO,22,8,3
2022-02-25 00:20:34,"@IgorV01519720 @Athena55263375 @dottorbarbieri @Palazzo_Chigi Ma no, facciamo una gita “ fuori porta” con i pulman ci portiamo due panini con la salamela e gigggino ci porta Le bibbbite  🤣🤣🤣","['IgorV01519720', 'Athena55263375', 'dottorbarbieri', 'Palazzo_Chigi']",[],"Ma no, facciamo una gita “ fuori porta” con i pulman ci portiamo due panini con la salamela e gigggino ci porta Le bibbbite 🤣🤣🤣",190,127,25
2022-02-25 02:03:26,@cris_cersei Hanno illuminato pure il Colosseo con gli stessi colori ieri sera,['cris_cersei'],[],Hanno illuminato pure il Colosseo con gli stessi colori ieri sera,78,65,11
2022-02-24 06:06:03,"#Molinari: “Molto bene la fine dello stato di emergenza a partire da aprile così come chiesto da Matteo #Salvini e dalla #Lega. Ringraziamo il presidente Draghi che ha compreso perfettamente la situazione degli italiani che… https://t.co/7o3cnXuKNc
https://t.co/caZukaDHmT https://t.co/ha4lsKd3k3",[],"['Molinari', 'Salvini', 'Lega']",Molinari: “Molto bene la fine dello stato di emergenza a partire da aprile così come chiesto da Matteo Salvini e dalla Lega. Ringraziamo il presidente Draghi che ha compreso perfettamente la situazione degli italiani che…,296,221,35
2022-02-24 18:27:07,https://t.co/CnRPvCHrcX maxi-sequestro-di-rifiuti-radioattivi-in-lombardia-,[],[],maxi-sequestro-di-rifiuti-radioattivi-in-lombardia-,75,51,1
2022-02-24 19:36:16,"@Hekkt1 @fbortoss @dottorbarbieri Purtroppo ancora non vivo nel Metaverso...

https://t.co/E1wPkge0im","['Hekkt1', 'fbortoss', 'dottorbarbieri']",[],Purtroppo ancora non vivo nel Metaverso...,101,42,6
2022-02-24 20:52:07,"RT @Agenzia_Ansa: UCRAINA | I monumenti italiani illuminati dai colori dell'Ucraina. A Roma, Napoli, Firenze, Torino e Bergamo. #ANSA https…",['Agenzia_Ansa'],['ANSA']," UCRAINA | I monumenti italiani illuminati dai colori dell'Ucraina. A Roma, Napoli, Firenze, Torino e Bergamo. ANSA https…",140,122,18
2022-02-24 09:32:09,"Le sanzioni, lo sanno benissimo, le subiremo noi europei, soprattutto i paesi poveri e dipendenti.
Questo comune nemico?Russo dovrebbe unire l’ Europa, ma divide i suoi abitanti ed è quello che vogliono!",[],[],"Le sanzioni, lo sanno benissimo, le subiremo noi europei, soprattutto i paesi poveri e dipendenti. Questo comune nemico?Russo dovrebbe unire l’ Europa, ma divide i suoi abitanti ed è quello che vogliono!",203,203,32
2022-02-23 18:37:14,@MatteDj23 Solo col melone giusto,['MatteDj23'],[],Solo col melone giusto,33,22,4
2022-02-24 11:02:18,RT @DMicol78: @AlbertoContri La Russia si sposta verso la Cina e non solo. gli usa restano soli. noi ridotti a macerie.,"['DMicol78', 'AlbertoContri']",[], La Russia si sposta verso la Cina e non solo. gli usa restano soli. noi ridotti a macerie.,119,91,18
2022-02-24 22:47:29,@mahmoodalefk io propongo di dormire,['mahmoodalefk'],[],io propongo di dormire,36,22,4
2022-02-23 18:40:14,pov avresti bisogno di ripetizioni di spagnolo per una verifica di recupero del 10 marzo ma l’unica persona che siamo riusciti a trovare vuole 20€ l’ora e i miei mi hanno detto che se ne ho davvero bisogno dovrò rinunciare ad un sacco di altre cose perché sono davvero tanti sol-,[],[],pov avresti bisogno di ripetizioni di spagnolo per una verifica di recupero del 10 marzo ma l’unica persona che siamo riusciti a trovare vuole 20€ l’ora e i miei mi hanno detto che se ne ho davvero bisogno dovrò rinunciare ad un sacco di altre cose perché sono davvero tanti sol-,279,279,51
2022-02-23 16:30:18,"@claudiocerasa Proprio strano, come si spiega?",['claudiocerasa'],[],"Proprio strano, come si spiega?",46,31,5
2022-02-24 07:00:09,ci amiamo un giorno per odiarcene tre,[],[],ci amiamo un giorno per odiarcene tre,37,37,7
2022-02-24 11:44:45,@sruotolo1 Da stabiese dico che al peggio non c'è mai fine! Nauseato di questo schifo!!!,['sruotolo1'],[],Da stabiese dico che al peggio non c'è mai fine! Nauseato di questo schifo!!!,88,77,14
2022-02-24 17:07:15,"@dottorbarbieri Però.... Mattarella si preoccupa dell'Ucraina ,ma non fa una piega x la situazione in Italia !!! Complimenti !!! 🤮🤮🤮🤮",['dottorbarbieri'],[],"Però.... Mattarella si preoccupa dell'Ucraina ,ma non fa una piega x la situazione in Italia !!! Complimenti !!! 🤮🤮🤮🤮",133,117,19
2022-02-23 20:33:23,"RT @riotta: Mosca insulta il ministro @luigidimaio dopo che le sue ambasciate hanno per anni insultato giornalisti, intellettuali, critici.…","['riotta', 'luigidimaio']",[]," Mosca insulta il ministro dopo che le sue ambasciate hanno per anni insultato giornalisti, intellettuali, critici.…",140,116,16
2022-02-24 01:03:08,oh la giga peste,[],[],oh la giga peste,16,16,4
2022-02-24 13:00:47,RT @bildarte: GRANDE protesta dei camionisti nel Mezzogiorno contro il regime di Draghi per difendere i propri diritti!!!!! https://t.co/ox…,['bildarte'],[], GRANDE protesta dei camionisti nel Mezzogiorno contro il regime di Draghi per difendere i propri diritti!!!!!,140,110,16
2022-02-25 06:24:28,RT @scenarieconomic: Gli effetti collaterali del vaccino? 10 volte in più di quanto ufficialmente detto! Parola di Assicurazione sanitaria …,['scenarieconomic'],[], Gli effetti collaterali del vaccino? 10 volte in più di quanto ufficialmente detto! Parola di Assicurazione sanitaria …,140,120,18
2022-02-24 03:29:11,NO AL ALBOROTO!!,[],[],NO AL ALBOROTO!!,16,16,3
2022-02-24 23:46:03,Il mio elogio al mestiere di tiktoker è diventato sempre più costante ma quello è un lavoro stupendo,[],[],Il mio elogio al mestiere di tiktoker è diventato sempre più costante ma quello è un lavoro stupendo,100,100,18
2022-02-24 22:01:18,@MrKogo11 Se non conclude il campionato se lo contenderanno a stoccate i top club,['MrKogo11'],[],Se non conclude il campionato se lo contenderanno a stoccate i top club,81,71,13
2022-02-24 21:34:38,RT @Kardowskii: NFKZKSKZKSKDJDJDJSJSKSDJ,['Kardowskii'],[], NFKZKSKZKSKDJDJDJSJSKSDJ,40,25,1
2022-02-24 22:23:14,"RT @Anna302478978: A Draghi è stato impedito accedere al negoziato tra Ucraina e Russia 
il nostro paese subirà i danni maggiori di questo…",['Anna302478978'],[], A Draghi è stato impedito accedere al negoziato tra Ucraina e Russia il nostro paese subirà i danni maggiori di questo…,139,120,21
2022-02-24 10:02:36,"È solo una paranoia di Biden. Putin non attaccherà . È un buono, gli piace tanto giocare a Risiko",[],[],"È solo una paranoia di Biden. Putin non attaccherà . È un buono, gli piace tanto giocare a Risiko",97,97,19
2022-02-24 09:42:11,"@fuori__luogo Maledette finte matriarche che piangono il morto per fotterci a noi, da vivi.",['fuori__luogo'],[],"Maledette finte matriarche che piangono il morto per fotterci a noi, da vivi.",91,77,13
2022-02-24 15:55:32,RT @OrbisTertius3: Leggete e traducetevi in Italiano i tweets dell’amico Garry Kasparov che sa bene chi é Putin e la sua giunta di fascio-c…,['OrbisTertius3'],[], Leggete e traducetevi in Italiano i tweets dell’amico Garry Kasparov che sa bene chi é Putin e la sua giunta di fascio-c…,140,122,22
2022-02-25 02:12:24,Ma Antonio ora deve confessarsi?  #jerù,[],['jerù'],Ma Antonio ora deve confessarsi? jerù,39,37,6
2022-02-24 16:28:53,RT @gspazianitesta: La libertà economica secondo il presidente di Confindustria Venezia https://t.co/R33ZqJMmS2,['gspazianitesta'],[], La libertà economica secondo il presidente di Confindustria Venezia,111,68,9
2022-02-23 18:23:57,jessica in camera con badoo regia ti devi spaventareeee #jeru,[],['jeru'],jessica in camera con badoo regia ti devi spaventareeee jeru,61,60,10
2022-02-24 06:22:47,@tnrsmyfcknglv mi pupimuti 🥺🤍 me alegro 🤗,['tnrsmyfcknglv'],[],mi pupimuti 🥺🤍 me alegro 🤗,41,26,6
2022-02-25 01:22:52,@sandraborda @NvLiberalismo La chirrete Sandra Borda que propone ?,"['sandraborda', 'NvLiberalismo']",[],La chirrete Sandra Borda que propone ?,66,38,7
2022-02-24 10:40:42,RT @HolySeePress: Messaggio del Santo Padre Francesco per la Quaresima 2022 -  https://t.co/SmACHu2WwF,['HolySeePress'],[], Messaggio del Santo Padre Francesco per la Quaresima 2022 -,102,60,10
2022-02-24 11:13:17,"RT @vocidistratte: ma il modo in cui l’ha presa 🚶🏻‍♀️

#solphie #gfvip https://t.co/9rqYXdFpSA",['vocidistratte'],"['solphie', 'gfvip']", ma il modo in cui l’ha presa 🚶🏻‍♀️ solphie gfvip,94,49,10
2022-02-23 22:29:30,"@sopranoinfinale @asfaltofresco Il mio consiglio è entrare nella room delle farine e litigare con qualcuno, così da sfogarvi un po’ https://t.co/fEBxlsh03L","['sopranoinfinale', 'asfaltofresco']",[],"Il mio consiglio è entrare nella room delle farine e litigare con qualcuno, così da sfogarvi un po’",155,99,18
2022-02-24 22:14:43,"RT @IlBaskerville: @FBiasin Pensa che per molti Allegri dovrebbe vincere lo scudetto, prendere finalmente la Champions e fare il Triplete……","['IlBaskerville', 'FBiasin']",[]," Pensa che per molti Allegri dovrebbe vincere lo scudetto, prendere finalmente la Champions e fare il Triplete……",139,112,17
2022-02-24 18:29:21,"@HariSel95300131 @wela78 Tanto ne usiamo poca, qui, di varechina 😁","['HariSel95300131', 'wela78']",[],"Tanto ne usiamo poca, qui, di varechina 😁",66,41,8
2022-02-24 17:17:40,"@Palazzo_Chigi Affermazioni piuttosto ipocrite in questo periodo storico, soprattuto nella seconda parte",['Palazzo_Chigi'],[],"Affermazioni piuttosto ipocrite in questo periodo storico, soprattuto nella seconda parte",104,89,11
2022-02-24 09:48:11,"RT @gparagone: I numeri sono numeri e qualcuno, in Germania, inizia a metterli insieme... (occhio ai dati delle assicurazioni).

#DanniColl…",['gparagone'],[]," I numeri sono numeri e qualcuno, in Germania, inizia a metterli insieme... (occhio ai dati delle assicurazioni). DanniColl…",140,124,18
2022-02-23 18:56:17,RT @davidevavalaa: mi sono rotto il cazzo,['davidevavalaa'],[], mi sono rotto il cazzo,41,23,5
2022-02-24 15:24:08,@GabrieleIuvina1 L’unica risata di oggi 🤣🤦‍♀️,['GabrieleIuvina1'],[],L’unica risata di oggi 🤣🤦‍♀️,45,28,5
2022-02-23 18:08:03,RT @AlbertoBagnai: Ci si è accorti che scudo penale non è scudo civile. Gli addetti ai lavori arrivano sempre (dopo 😉). https://t.co/BRn0uG…,['AlbertoBagnai'],[], Ci si è accorti che scudo penale non è scudo civile. Gli addetti ai lavori arrivano sempre (dopo 😉).,140,101,19
2022-02-23 17:31:51,RT @PunisherAnte: @Andrencr Sia mia che...speriamo di no davvero,"['PunisherAnte', 'Andrencr']",[], Sia mia che...speriamo di no davvero,64,37,6
2022-02-24 20:37:13,"RT @nomfup: Questa nostra debolezza europea, e non solo, si sente, si percepisce, esattamente quello che ha consentito a Putin di affondare…",['nomfup'],[]," Questa nostra debolezza europea, e non solo, si sente, si percepisce, esattamente quello che ha consentito a Putin di affondare…",140,129,20
2022-02-24 21:34:03,RT @irene_broli: @ladyonorato Se non ne è già a conoscenza mi permetto di portare alla sua attenzione il gruppo telegram “il filo di Ariann…,"['irene_broli', 'ladyonorato']",[], Se non ne è già a conoscenza mi permetto di portare alla sua attenzione il gruppo telegram “il filo di Ariann…,140,111,21
2022-02-23 21:29:06,"RT @FilomenaGallo55: La Regina della Pace preservi
il Mondo dalla follia della guerra..

#PapaFrancesco https://t.co/mxNXWPQ9qq",['FilomenaGallo55'],['PapaFrancesco'], La Regina della Pace preservi il Mondo dalla follia della guerra.. PapaFrancesco,127,81,12
2022-02-25 05:46:04,"Ma qualcuno ha il video di quello che dicono in salone durante la clip di Lulù-Jess e di quanto Sonia dice quelle belle parole su J? Vorrei vedere la reazione di alcuni..
#jessvip #jerù",[],"['jessvip', 'jerù']",Ma qualcuno ha il video di quello che dicono in salone durante la clip di Lulù-Jess e di quanto Sonia dice quelle belle parole su J? Vorrei vedere la reazione di alcuni.. jessvip jerù,185,183,34
2022-02-24 18:54:03,Il Presidente Mattarella presiede il Consiglio Supremo di Difesa (24.02.22) https://t.co/HDqyEa53kp https://t.co/Yt2YlHbh67,[],[],Il Presidente Mattarella presiede il Consiglio Supremo di Difesa (24.02.22),123,75,10
2022-02-24 21:14:36,BENE IL CONFESSIONALE DI BARÚ ERA PROPRIO QUELLO CHE CI VOLEVA  #JERU,[],['JERU'],BENE IL CONFESSIONALE DI BARÚ ERA PROPRIO QUELLO CHE CI VOLEVA JERU,69,67,12
2022-02-24 10:51:07,RT @AntonioTorel79: @a_meluzzi Poi nel mondo dicono che il pazzo è Putin!!,"['AntonioTorel79', 'a_meluzzi']",[], Poi nel mondo dicono che il pazzo è Putin!!,74,44,9
2022-02-24 08:18:46,Proprio quello che NON ci voleva,[],[],Proprio quello che NON ci voleva,32,32,6
2022-02-24 19:06:36,RT @pastaIpesto: abbiamo capito che voi siete da sempre informati su tutte le guerre e i conflitti che avvengono in tutti i paesi del mondo…,['pastaIpesto'],[], abbiamo capito che voi siete da sempre informati su tutte le guerre e i conflitti che avvengono in tutti i paesi del mondo…,140,124,23
2022-02-23 18:01:04,non fate i cafoni se venite a napoli avvisate prima e non uscite solo de notte  #gavetta,[],['gavetta'],non fate i cafoni se venite a napoli avvisate prima e non uscite solo de notte gavetta,88,86,17
2022-02-25 05:32:27,RT @Gabriel49135747: Per chi fa ironia sulla guerra https://t.co/hCdfL63rA0,['Gabriel49135747'],[], Per chi fa ironia sulla guerra,75,31,6
2022-02-23 20:27:48,@lisettayo No ma più che altro spero che non lo inviti altrimenti altra scusa per darle della sfigata in puntata. Oggi sono stati poco insieme se lui entra in stanza senza invito anche solo per 10 minuti è un  ennesimo segnale positivo,['lisettayo'],[],No ma più che altro spero che non lo inviti altrimenti altra scusa per darle della sfigata in puntata. Oggi sono stati poco insieme se lui entra in stanza senza invito anche solo per 10 minuti è un ennesimo segnale positivo,235,223,41
2022-02-24 19:08:59,"I russi hanno preso la centrale nucleare di #Chernobyl dopo una battaglia in zona contaminata. L’umanità è ostaggio di quel criminale di Putin. 

“Non ci sono popoli bellicosi,
solo leader guerrafondai. “

R.Bunche, Premio Nobel per la Pace 1950

#RussiaUkraineConflict https://t.co/XYcCKmBOPm",[],"['Chernobyl', 'RussiaUkraineConflict']","I russi hanno preso la centrale nucleare di Chernobyl dopo una battaglia in zona contaminata. L’umanità è ostaggio di quel criminale di Putin. “Non ci sono popoli bellicosi, solo leader guerrafondai. “ R.Bunche, Premio Nobel per la Pace 1950 RussiaUkraineConflict",293,263,40
2022-02-23 19:24:08,"@Tg1Rai Il servizio che si chiude con ""nel cielo grigio volano i gabbiani, non sono colombe"" puo' andare bene al TG4... dal TG1 ci aspettiamo molto, ma molto di meglio",['Tg1Rai'],[],"Il servizio che si chiude con ""nel cielo grigio volano i gabbiani, non sono colombe"" puo' andare bene al TG4... dal TG1 ci aspettiamo molto, ma molto di meglio",167,159,29
2022-02-24 02:28:53,"@Kayguyaa A é carai

Why?",['Kayguyaa'],[],A é carai Why?,25,14,4
2022-02-24 22:01:31,"RT @lo_stasi: L’iguana dopo 5 mesi ha avuto il suo primo blocco grazie a mia figlia.
Il suo impatto.
#Gfvip #SoleArmy https://t.co/v3rVlbDd…",['lo_stasi'],"['Gfvip', 'SoleArmy']", L’iguana dopo 5 mesi ha avuto il suo primo blocco grazie a mia figlia. Il suo impatto. Gfvip SoleArmy,140,102,19
2022-02-25 01:30:32,"RT @nove: Se ridere è una delle cose che vengono più naturali al mondo, far ridere è tutt’altra storia. 

#StandUp - Comici in prova - dal…",['nove'],['StandUp']," Se ridere è una delle cose che vengono più naturali al mondo, far ridere è tutt’altra storia. StandUp - Comici in prova - dal…",139,127,24
2022-02-24 22:21:29,SKDJZJFHSHD VAS-Y,[],[],SKDJZJFHSHD VAS-Y,17,17,2
2022-02-25 07:47:39,@LAPHAELREAOO @fikayoluca_ Sempre loro https://t.co/0dZIoI56P5,"['LAPHAELREAOO', 'fikayoluca_']",[],Sempre loro,62,11,2
2022-02-24 14:27:17,"RT @SI_sinistra: Sabato #26Febbraio in piazza in tutta Italia per fermare la guerra.
#Ucraina #NoWar #Pace https://t.co/dkK0Blaw9R",['SI_sinistra'],"['26Febbraio', 'Ucraina', 'NoWar', 'Pace']", Sabato 26Febbraio in piazza in tutta Italia per fermare la guerra. Ucraina NoWar Pace,130,86,14
2022-02-24 14:50:56,@CristianRN68 @yenisey74 Di ai tuoi amici-padroni Americani di stare a casa loro che combinano solo guai. #USA #Nato e zerbini #UE.,"['CristianRN68', 'yenisey74']","['USA', 'Nato', 'UE']",Di ai tuoi amici-padroni Americani di stare a casa loro che combinano solo guai. USA Nato e zerbini UE.,131,103,19
2022-02-23 22:16:49,@_alwaystired__ @AnPi75069799 Io lo chiamo Nirvana,"['_alwaystired__', 'AnPi75069799']",[],Io lo chiamo Nirvana,50,20,4
2022-02-23 17:59:08,che voglia di c,[],[],che voglia di c,15,15,4
2022-02-23 19:06:23,"RT @BBordissima: @AStramezzi ..manca l'articolo sull'#autoerotismo, sullo sforzo da #stitichezza e chissà quante altre magnifiche spiegazio…","['BBordissima', 'AStramezzi']","['autoerotismo', 'stitichezza']"," ..manca l'articolo sull'autoerotismo, sullo sforzo da stitichezza e chissà quante altre magnifiche spiegazio…",140,110,13
2022-02-24 22:52:24,Il panettiere vincerà il grande fratello segnatevi sto tweet,[],[],Il panettiere vincerà il grande fratello segnatevi sto tweet,60,60,9
2022-02-24 19:23:16,"@D3F3NC3L3SS28 poi devo diventare medico, devo curare le persone, devo crearki una famiglia, devo bere, devo incontrare Lou",['D3F3NC3L3SS28'],[],"poi devo diventare medico, devo curare le persone, devo crearki una famiglia, devo bere, devo incontrare Lou",123,108,17
2022-02-24 17:29:25,"RT @PMO_W: La #guerra in Ucraina è iniziata nel 2014 con il golpe a guida US via Nuland ""Fuck the EU"", eseguito da milizie naziste.
Da otto…",['PMO_W'],['guerra']," La guerra in Ucraina è iniziata nel 2014 con il golpe a guida US via Nuland ""Fuck the EU"", eseguito da milizie naziste. Da otto…",140,129,25
2022-02-24 16:24:17,"¡Di no al aborto !
@VeronicaBatiz
@RicardoMadridP
@conniezazuetac
@CinthiaVL
@CeciliaCG27
@Deisyayalav
@MinervaVazquezG
@ChanoValle 
@Felicita4T 
@AlmendraNegrete
#DiputadosEstoyVivo 
#DespenalizarEsPromover https://t.co/BMP45tU7ey","['VeronicaBatiz', 'RicardoMadridP', 'conniezazuetac', 'CinthiaVL', 'CeciliaCG27', 'Deisyayalav', 'MinervaVazquezG', 'ChanoValle', 'Felicita4T', 'AlmendraNegrete']","['DiputadosEstoyVivo', 'DespenalizarEsPromover']",¡Di no al aborto ! DiputadosEstoyVivo DespenalizarEsPromover,231,60,7
2022-02-24 18:27:20,"@orazio844 @Gazzetta_it Ho visto ora la risposta, ottimo.","['orazio844', 'Gazzetta_it']",[],"Ho visto ora la risposta, ottimo.",57,33,6
2022-02-24 17:46:34,@raafecameron @yktvaries infatti io faccio da babysitter anche a lui,"['raafecameron', 'yktvaries']",[],infatti io faccio da babysitter anche a lui,68,43,8
2022-02-24 08:00:38,RT @ChanceGardiner: Da quando l'assicurazione OneAmerica ha scioccato il mondo annunciando un aumento del 40% dei decessi tra i lavoratori…,['ChanceGardiner'],[], Da quando l'assicurazione OneAmerica ha scioccato il mondo annunciando un aumento del 40% dei decessi tra i lavoratori…,139,120,18
2022-02-24 22:15:31,"RT @bodyzen52: Come sempre #Formigli racconta la SUA storia.

Della strage di Maiden e del Battaglione Azov ne vogliamo parlare?

#PiazzaPu…",['bodyzen52'],['Formigli'], Come sempre Formigli racconta la SUA storia. Della strage di Maiden e del Battaglione Azov ne vogliamo parlare? PiazzaPu…,140,122,19
2022-02-24 16:33:22,"Questa è una enorme cazzata. Significa allargare la guerra, non arginarla: le ex Nazioni URSS stiano lontane dalla Nato e dalla UE, per non provocarla ancora di più come con l'Ucraina, e questo è il risultato",[],[],"Questa è una enorme cazzata. Significa allargare la guerra, non arginarla: le ex Nazioni URSS stiano lontane dalla Nato e dalla UE, per non provocarla ancora di più come con l'Ucraina, e questo è il risultato",208,208,36
2022-02-24 11:09:50,@xgreguz ma chi è quella palla di merda,['xgreguz'],[],ma chi è quella palla di merda,39,30,7
2022-02-24 07:29:39,@CiriCintria non io che ho aperto tik tok e mi sono ritrovata la faccia di putin💀,['CiriCintria'],[],non io che ho aperto tik tok e mi sono ritrovata la faccia di putin💀,81,68,15
2022-02-24 22:37:15,@zielulife2 E mica solo questa 😂,['zielulife2'],[],E mica solo questa 😂,32,20,5
2022-02-24 21:13:32,@boostap Anche andando a casaccio ogni tanto dovrebbero azzeccarne una. Così pare lo facciano di proposito… bisogna essere in gamba per sbagliarle tutte 🤦‍♂️,['boostap'],[],Anche andando a casaccio ogni tanto dovrebbero azzeccarne una. Così pare lo facciano di proposito… bisogna essere in gamba per sbagliarle tutte 🤦‍♂️,157,148,23
2022-02-25 00:20:16,@namelessb1tch Allora ha detto tipo mi accusata di rubare il cibo manco mi fossi fatta scopare da 10 ne*ri. Mi pare eh ma bisogna risentire,['namelessb1tch'],[],Allora ha detto tipo mi accusata di rubare il cibo manco mi fossi fatta scopare da 10 ne*ri. Mi pare eh ma bisogna risentire,139,124,24
2022-02-24 13:34:02,Menomale c'è @ChristianCheru6 che con le sue novità per lunedì sera mi migliora la giornata,['ChristianCheru6'],[],Menomale c'è che con le sue novità per lunedì sera mi migliora la giornata,91,74,14
2022-02-24 00:00:39,RT @unagiaslifes: Spero facciano vedere tutto in puntata. #jeru https://t.co/HWL3neDutr,['unagiaslifes'],['jeru'], Spero facciano vedere tutto in puntata. jeru,87,45,7
2022-02-24 22:03:35,"RT @Amarizona17: Mentre questa raccontava della città deserta, dietro le sono passate 20 macchine, e 6/7 persone a piedi, di cui uno con la…",['Amarizona17'],[]," Mentre questa raccontava della città deserta, dietro le sono passate 20 macchine, e 6/7 persone a piedi, di cui uno con la…",140,124,22
2022-02-24 16:29:21,@Belfast67699 Vieni e prendi un po' 👍,['Belfast67699'],[],Vieni e prendi un po' 👍,37,23,6
2022-02-23 20:54:06,Katia mi fa morire ogni volta 😂✈️ #MichelleImpossible,[],['MichelleImpossible'],Katia mi fa morire ogni volta 😂✈️ MichelleImpossible,53,52,8
2022-02-24 07:52:13,"RT @SerenoSteno: AL netto dello schifo della #Guerra in #Ucraina a margine noto sempre un terrificante silenzio della coppia populista, sov…",['SerenoSteno'],"['Guerra', 'Ucraina']"," AL netto dello schifo della Guerra in Ucraina a margine noto sempre un terrificante silenzio della coppia populista, sov…",140,122,19
2022-02-24 18:18:29,"Ma cosa vogliono i telecronisti, quello è sempre rigore curpa del giocatore del porto se Milinkovic Savic ha la 104 e interviene in quel modo come un De Vrij qualsiasi",[],[],"Ma cosa vogliono i telecronisti, quello è sempre rigore curpa del giocatore del porto se Milinkovic Savic ha la 104 e interviene in quel modo come un De Vrij qualsiasi",167,167,30
2022-02-24 18:15:07,Trasformatore di rete da 230V/15V MBSi per elettrificatori Multipower Gallagher #eBay🇩🇪 https://t.co/1fX9OWLuAg,[],['eBay'],Trasformatore di rete da 230V/15V MBSi per elettrificatori Multipower Gallagher eBay🇩🇪,111,86,11
2022-02-24 22:29:44,"RT @bruchesi_s: CMQ IO MI SENTO PROPRIO MALE DOPO QUESTO SCHIFO DI PUNTATA… PER LE PAROLE DETTE MA SOPRATTUTTO PER I FAVORISTISMI. 

JESSIC…",['bruchesi_s'],[], CMQ IO MI SENTO PROPRIO MALE DOPO QUESTO SCHIFO DI PUNTATA… PER LE PAROLE DETTE MA SOPRATTUTTO PER I FAVORISTISMI. JESSIC…,140,123,21
2022-02-24 15:17:25,NO AIUTO RAGA CHE CQZZO,[],[],NO AIUTO RAGA CHE CQZZO,23,23,5
2022-02-25 00:12:04,@Diamant00927629 Ma se non ci sono video che dimostrino queste accuse come fai a dire che ha ragione? Ma serio fate? #gfvip,['Diamant00927629'],['gfvip'],Ma se non ci sono video che dimostrino queste accuse come fai a dire che ha ragione? Ma serio fate? gfvip,123,105,21
2022-02-24 16:30:48,"Il paradiso delle signore 6, anticipazioni 25 febbraio: sogni, confessioni e... ricatti! #Docnelletuemani #FoscaInnocenti #Grey’sanatomy #Vostroonore #Lea,unnuovogiorno #Tramequotidiane #Tramesettimanali #Amici #GrandeFratelloVip #Talenterealityshow  https://t.co/rjuOyJxLcK",[],"['Docnelletuemani', 'FoscaInnocenti', 'Grey', 'Vostroonore', 'Lea', 'Tramequotidiane', 'Tramesettimanali', 'Amici', 'GrandeFratelloVip', 'Talenterealityshow']","Il paradiso delle signore 6, anticipazioni 25 febbraio: sogni, confessioni e... ricatti! Docnelletuemani FoscaInnocenti Grey’sanatomy Vostroonore Lea,unnuovogiorno Tramequotidiane Tramesettimanali Amici GrandeFratelloVip Talenterealityshow",274,239,22
2022-02-24 18:26:17,"@FabrizioDelpret Quelli col simbolo dell'anarchia come immagine di profilo, quelli dei mattoncini o i #FratelliFascisti di #Meloni e #Salvini? 🤔",['FabrizioDelpret'],"['FratelliFascisti', 'Meloni', 'Salvini']","Quelli col simbolo dell'anarchia come immagine di profilo, quelli dei mattoncini o i FratelliFascisti di Meloni e Salvini? 🤔",144,124,19
2022-02-24 18:33:30,RT @viadiqua1: Donna Sophie che dice a Jess che si è accorta che ora è più Baru a dare attenzioni a Jess e non il contrario perché Sophie e…,['viadiqua1'],[], Donna Sophie che dice a Jess che si è accorta che ora è più Baru a dare attenzioni a Jess e non il contrario perché Sophie e…,140,126,27
2022-02-24 18:18:26,La gente citando tweet de alerta news OOTRA VE,[],[],La gente citando tweet de alerta news OOTRA VE,46,46,9
2022-02-24 19:26:59,La guerra è quella cosa che ci fa capire quanto siano cazzate tutte le altre discussioni,[],[],La guerra è quella cosa che ci fa capire quanto siano cazzate tutte le altre discussioni,88,88,16
2022-02-23 17:38:53,"RT @Leon4rd__: Il novavax ve lo potete ficcare sempre là, insieme agli altri quattro.",['Leon4rd__'],[]," Il novavax ve lo potete ficcare sempre là, insieme agli altri quattro.",85,71,12
2022-02-24 18:55:20,"RT @chiattillooo: #nicolasmaupas io da te mi farei aprire come un avocado, a metà, tolto il nocciolo, levi la polpa, mettimi in una ciotola…",['chiattillooo'],['nicolasmaupas']," nicolasmaupas io da te mi farei aprire come un avocado, a metà, tolto il nocciolo, levi la polpa, mettimi in una ciotola…",140,122,22
2022-02-24 00:27:18,"RT @in3dmu: No alla detenzione preventiva: dalla Palestina, a Guantánamo, alle carceri statunitensi! - https://t.co/9D9dAI3xGn https://t.co…",['in3dmu'],[]," No alla detenzione preventiva: dalla Palestina, a Guantánamo, alle carceri statunitensi! -",140,91,12
2022-02-23 20:00:48,@hugmeesposito Ma a me Lucrezia sembra un paraninfo una sensuale sarà’ stata incaricata dalla famiglia di sistemare la sorella assolutamente prima dell’uscita dal Gf,['hugmeesposito'],[],Ma a me Lucrezia sembra un paraninfo una sensuale sarà’ stata incaricata dalla famiglia di sistemare la sorella assolutamente prima dell’uscita dal Gf,165,150,23
2022-02-23 21:39:43,troppi contenuti oggi questi spariscono per sei settimane STACCA STACCA https://t.co/WhZb4jze4B,[],[],troppi contenuti oggi questi spariscono per sei settimane STACCA STACCA,95,71,10
2022-02-23 22:31:45,@lnstantFoot Pedale ciao,['lnstantFoot'],[],Pedale ciao,24,11,2
2022-02-24 21:19:21,"RT @Zerovirgola2: Esattamente questo 
#Conte #giuseppeconte #Italia 
@La_manina__ https://t.co/DdxcrVuX3u","['Zerovirgola2', 'La_manina__']","['Conte', 'giuseppeconte', 'Italia']", Esattamente questo Conte giuseppeconte Italia,105,46,5
2022-02-24 21:37:08,RT @King_Raffo: A #SanPietroburgo e nelle altre città della #Russia i cittadini sono scesi in piazza per manifestare contro la #guerra volu…,['King_Raffo'],"['SanPietroburgo', 'Russia', 'guerra']", A SanPietroburgo e nelle altre città della Russia i cittadini sono scesi in piazza per manifestare contro la guerra volu…,140,122,20
2022-02-24 13:10:44,@Plasmonica Se avete bisogno di una mano concretamente let me know 😉…il media manager ha solo bisogno di dormire secondo me 🤣,['Plasmonica'],[],Se avete bisogno di una mano concretamente let me know 😉…il media manager ha solo bisogno di dormire secondo me 🤣,125,113,21
2022-02-24 02:27:05,"#gfvip secondo me Baru'ha paura di alzarsi dal letto, nn sa se cessica è abbastanza soddisfatta",[],['gfvip'],"gfvip secondo me Baru'ha paura di alzarsi dal letto, nn sa se cessica è abbastanza soddisfatta",95,94,16
2022-02-23 21:52:34,NO RAGA MA DAIIIII #jeru,[],['jeru'],NO RAGA MA DAIIIII jeru,24,23,5
2022-02-24 21:59:41,@sonofahd Un saluto a eolo wifi che ci segue sempre,['sonofahd'],[],Un saluto a eolo wifi che ci segue sempre,51,41,9
2022-02-25 02:49:42,"Comunque la meschinità di N4t non si vede solo dalla battuta, ma ancora di più dalla sua arroganza nel momento in cui in superled, sapendo di avere le spalle coperte, ha dato della bugiarda ed ha infierito su Jess sapendo che si stava avvantaggiando grazie ad un favoritismo #jeru",[],['jeru'],"Comunque la meschinità di N4t non si vede solo dalla battuta, ma ancora di più dalla sua arroganza nel momento in cui in superled, sapendo di avere le spalle coperte, ha dato della bugiarda ed ha infierito su Jess sapendo che si stava avvantaggiando grazie ad un favoritismo jeru",280,279,49
2022-02-25 02:52:12,Curiosità: un #panda può cacare dalle 40 alle 100 volte al giorno.,[],['panda'],Curiosità: un panda può cacare dalle 40 alle 100 volte al giorno.,66,65,12
2022-02-23 20:34:06,"@FedericoInti @fgavazzoni @giorgiogilestro 29 paesi. Guarda il 2018.

Il resto é aria fritta e sconforto di chi non si rassegna.

Ciao. https://t.co/ozM82KKhRP","['FedericoInti', 'fgavazzoni', 'giorgiogilestro']",[],29 paesi. Guarda il 2018. Il resto é aria fritta e sconforto di chi non si rassegna. Ciao.,159,90,18
2022-02-24 20:20:33,"RT @giampietrogiova: Adesso Conte e Speranza dovrebbero spiegare, con chiarezza perché due anni fa hanno consentito alle truppe russe di sc…",['giampietrogiova'],[]," Adesso Conte e Speranza dovrebbero spiegare, con chiarezza perché due anni fa hanno consentito alle truppe russe di sc…",140,120,19
2022-02-23 20:12:38,RT @martamaura3: Vero. È disgustoso! E continua imperterrito con la sua manovra di distruttore del nostro Paese…,['martamaura3'],[], Vero. È disgustoso! E continua imperterrito con la sua manovra di distruttore del nostro Paese…,112,96,15
2022-02-23 18:59:51,"@matteosalvinimi Di la verità, questo tweet l'hai scritto in ginocchio",['matteosalvinimi'],[],"Di la verità, questo tweet l'hai scritto in ginocchio",70,53,9
2022-02-24 12:59:03,@Kardashel geolier dopo la dieta,['Kardashel'],[],geolier dopo la dieta,32,21,4
2022-02-24 12:18:22,"ieri sera ho pianto ascoltando il nuovo singolo di Florence + The Machine, tipo che non mi capitava dai tempi di NFR",[],[],"ieri sera ho pianto ascoltando il nuovo singolo di Florence + The Machine, tipo che non mi capitava dai tempi di NFR",116,116,22
2022-02-24 12:50:34,"RT @fanpage: #RussiaUkraineConflict

Una donna e un bambino guardano fuori dal finestrino di un autobus mentre scappano dalla guerra in Ucr…",['fanpage'],['RussiaUkraineConflict'], RussiaUkraineConflict Una donna e un bambino guardano fuori dal finestrino di un autobus mentre scappano dalla guerra in Ucr…,140,126,19
2022-02-23 18:57:04,RT @DiSantita: SUPER MEGA SERVIZIO GLOBALE DI METÀ SETTIMANA | 23/02/2022 | TEMA: PREPARANDO LA VIA PER IL GLORIOSO RITORNO DEL MESSIA http…,['DiSantita'],[], SUPER MEGA SERVIZIO GLOBALE DI METÀ SETTIMANA | 23/02/2022 | TEMA: PREPARANDO LA VIA PER IL GLORIOSO RITORNO DEL MESSIA http…,140,126,21
2022-02-24 06:56:08,"RT @TgLa7: 🔴ULTIMORA🔴UCRAINA: TRUPPE RUSSE HANNO INIZIATO L'ATTACCO!
Il presidente russo Vladimir Putin ha annunciato un'operazione militar…",['TgLa7'],[], 🔴ULTIMORA🔴UCRAINA: TRUPPE RUSSE HANNO INIZIATO L'ATTACCO! Il presidente russo Vladimir Putin ha annunciato un'operazione militar…,140,130,15
2022-02-23 21:01:19,RT @JENNY_V7: io per questo jimin ci soffro ogni santo giorno https://t.co/FQdMEZbdhQ,['JENNY_V7'],[], io per questo jimin ci soffro ogni santo giorno,85,48,9
2022-02-24 11:51:52,la risata 🥺 https://t.co/bSboz5tTff,[],[],la risata 🥺,35,11,3
2022-02-24 05:18:27,"@FBiasin Grande Ghezzi  Grandissimo Zenga ma io dico :, Giuliano Sarti",['FBiasin'],[],"Grande Ghezzi Grandissimo Zenga ma io dico :, Giuliano Sarti",70,60,10
2022-02-25 06:44:29,RT @dariodav711: @EnricoLetta Un'ottima occasione per venire a sputarvi in faccia,"['dariodav711', 'EnricoLetta']",[], Un'ottima occasione per venire a sputarvi in faccia,81,52,8
2022-02-23 17:03:03,Possiamo dire che la dolcezza che riceviamo dai nostri nipotini e incommensurabile https://t.co/jGdxJQ9UbC,[],[],Possiamo dire che la dolcezza che riceviamo dai nostri nipotini e incommensurabile,106,82,12
2022-02-23 21:56:27,@esaurita_totale Sta male x le parole di Natalie e stanotte con la sorella non è un robot Jessi,['esaurita_totale'],[],Sta male x le parole di Natalie e stanotte con la sorella non è un robot Jessi,95,78,17
2022-02-23 21:24:50,@fragolaeroina bella vita senz'altro ma vivrei con l'ansia che mi lasci e finisco in braghe di tela lol,['fragolaeroina'],[],bella vita senz'altro ma vivrei con l'ansia che mi lasci e finisco in braghe di tela lol,103,88,17
2022-02-25 05:28:18,"RT @Miry493: #fairylu eh mi sa che si sta domandando dove fosse manu , Lulù ha appena dato "" ciao manu amore ma dove stavi ?""",['Miry493'],['fairylu']," fairylu eh mi sa che si sta domandando dove fosse manu , Lulù ha appena dato "" ciao manu amore ma dove stavi ?""",125,112,24
2022-02-23 19:53:58,@ComitatoCentra1 Avrà un debole per il caviale?,['ComitatoCentra1'],[],Avrà un debole per il caviale?,47,30,6
2022-02-24 17:46:23,"RT @FonteUfficiale: La magistratura è nata come corpo autonomo e indipendente dallo Stato, necessario a garantire il cittadino dagli abusi…",['FonteUfficiale'],[]," La magistratura è nata come corpo autonomo e indipendente dallo Stato, necessario a garantire il cittadino dagli abusi…",139,120,18
2022-02-24 21:49:23,"@aperfectstorm__ Ti assicuro che, con la maturità e magari anche i dovuti approfondimenti ed eventuali spiegazioni per i passaggi cruciali, cambierai idea. 💜 Poi forse sarò anche di parte, da appassionata quale sono, ma a tempo debito magari tornerai sotto questo tweet con un altro parere.",['aperfectstorm__'],[],"Ti assicuro che, con la maturità e magari anche i dovuti approfondimenti ed eventuali spiegazioni per i passaggi cruciali, cambierai idea. 💜 Poi forse sarò anche di parte, da appassionata quale sono, ma a tempo debito magari tornerai sotto questo tweet con un altro parere.",290,273,45
2022-02-25 06:39:28,"RT @LuceDeLaurentis: #Zelensky ha appena detto che ""l'#Ucraina è rimasta sola,il mondo guarda cosa sta accadendo da lontano"". E mentre le s…",['LuceDeLaurentis'],"['Zelensky', 'Ucraina']"," Zelensky ha appena detto che ""l'Ucraina è rimasta sola,il mondo guarda cosa sta accadendo da lontano"". E mentre le s…",140,118,20
2022-02-23 23:36:43,E AGORA GIOVANNEEEEEEE 😳,[],[],E AGORA GIOVANNEEEEEEE 😳,24,24,4
2022-02-24 09:31:11,@antonellaD_E Ma quali valori?,['antonellaD_E'],[],Ma quali valori?,30,16,3
2022-02-24 23:10:22,Dopo le sue dichiarazioni  sto vivamente rivalutando Boris  Johnson,[],[],Dopo le sue dichiarazioni sto vivamente rivalutando Boris Johnson,67,65,9
2022-02-24 22:59:19,piorou kkskskdksjdjdj,[],[],piorou kkskskdksjdjdj,21,21,2
2022-02-23 20:54:23,@MOKA071 Così ci ha spiegato il nostro veterinario che ormai conosciamo da anni.,['MOKA071'],[],Così ci ha spiegato il nostro veterinario che ormai conosciamo da anni.,80,71,12
2022-02-24 08:51:58,"@mirkonicolino Mai colpa sua.
Un altro #Mourinho",['mirkonicolino'],['Mourinho'],Mai colpa sua. Un altro Mourinho,48,32,6
2022-02-24 17:06:45,"RT @maurobiani: #RussiaUkraineConflict #digiunoperlapace
""dio è con noi"".
Oggi su @repubblica https://t.co/vZ4ekts4WI","['maurobiani', 'repubblica']","['RussiaUkraineConflict', 'digiunoperlapace']"," RussiaUkraineConflict digiunoperlapace ""dio è con noi"". Oggi su",117,64,8
2022-02-24 10:31:02,RT @respiridicarta: Oggi più che mai. #WWIII https://t.co/VawOx7WqUL,['respiridicarta'],['WWIII'], Oggi più che mai. WWIII,68,24,5
2022-02-23 17:42:59,appena conosciuto la psico e ha già detto società eteronormativa e binaria apprezzo molto la cosa,[],[],appena conosciuto la psico e ha già detto società eteronormativa e binaria apprezzo molto la cosa,97,97,16
2022-02-23 16:31:25,"Mai e poi mai discutere con una donna..
È in grado di tirare fuori cose che non sono mai successe",[],[],Mai e poi mai discutere con una donna.. È in grado di tirare fuori cose che non sono mai successe,97,97,20
2022-02-24 08:48:14,"RT @monti_supremacy: Sono cresciuta con i racconti dei miei nonni sulla seconda guerra mondiale, sugli orrori e il male che ha causato, ma…",['monti_supremacy'],[]," Sono cresciuta con i racconti dei miei nonni sulla seconda guerra mondiale, sugli orrori e il male che ha causato, ma…",139,119,21
2022-02-24 15:20:41,RT @mirti1010: Ottimo hanno creato questa cosa per cacciare nunzio e calma non vedo l’ora ✈️ #amici21,['mirti1010'],['amici21'], Ottimo hanno creato questa cosa per cacciare nunzio e calma non vedo l’ora ✈️ amici21,101,86,15
2022-02-24 12:33:57,Il mio snapcoso c'è https://t.co/ZNRfM2EfHO,[],[],Il mio snapcoso c'è,43,19,4
2022-02-24 09:57:14,Palermo Manifestazione di interesse per la partecipazione al Comitato Educativo della II Circoscrizione https://t.co/LKlnR1yItz,[],[],Palermo Manifestazione di interesse per la partecipazione al Comitato Educativo della II Circoscrizione,127,103,13
2022-02-25 07:13:16,"Pensare ke la puntata era iniziata con l'elogio di #jessvip anche da parte dello pseudo conduttore costretto a spendere buone parole a causa dall'enorme successo del personaggio...
Però alla fine ha provato l'affossamento xké x lui massimo 1 sorella poteva brillare un po' #jeru",[],"['jessvip', 'jeru']",Pensare ke la puntata era iniziata con l'elogio di jessvip anche da parte dello pseudo conduttore costretto a spendere buone parole a causa dall'enorme successo del personaggio... Però alla fine ha provato l'affossamento xké x lui massimo 1 sorella poteva brillare un po' jeru,278,276,44
2022-02-24 21:14:09,io ci provo a non generalizzare ma cazzo gli americani sono proprio lobotomizzati,[],[],io ci provo a non generalizzare ma cazzo gli americani sono proprio lobotomizzati,81,81,13
2022-02-24 04:05:37,@yuliyoli No vi ese momento de agarre 🙃,['yuliyoli'],[],No vi ese momento de agarre 🙃,39,29,7
2022-02-23 16:16:25,RT @sistahclaire: Il migliore resta sempre lui.  https://t.co/e6HbrFc5Jh,['sistahclaire'],[], Il migliore resta sempre lui.,72,30,5
2022-02-24 14:21:30,"RT @JamesLucasIT: la gente che se scanna 
per un matto che comanna
#RussiaUkraineConflict #WWIII https://t.co/LIqADHOZU8",['JamesLucasIT'],"['RussiaUkraineConflict', 'WWIII']", la gente che se scanna per un matto che comanna RussiaUkraineConflict WWIII,120,76,12
2022-02-24 19:31:39,"RT @NeraRadio: Continuate a seguirci anche su #Telegram 💪🏻⬇️
https://t.co/E0hQQZNiD7 https://t.co/6uIaIWPj2y",['NeraRadio'],['Telegram'], Continuate a seguirci anche su Telegram 💪🏻⬇️,108,45,7
2022-02-23 17:59:33,"RT @aldotorchiaro: #Ranucci ha un fratello ai vertici della Guardia di Finanza. ""E' lui che mi fa avere certe informazioni"", aveva dichiara…",['aldotorchiaro'],['Ranucci']," Ranucci ha un fratello ai vertici della Guardia di Finanza. ""E' lui che mi fa avere certe informazioni"", aveva dichiara…",140,121,20
2022-02-23 16:22:00,@VittorioSgarbi @stampasgarbi @Libero_official … sul divano semmai ci sono i tanti assenteisti,"['VittorioSgarbi', 'stampasgarbi', 'Libero_official']",[],… sul divano semmai ci sono i tanti assenteisti,94,47,9
2022-02-24 16:44:20,@DanieleGianca @ilragazzotopo Lo so ma è ovvio che l'ucraina sta giustamente cercando di fare capire la pericolosità della Russia tant'è vero che è una sorta di grido di aiuto verso l'Europa,"['DanieleGianca', 'ilragazzotopo']",[],Lo so ma è ovvio che l'ucraina sta giustamente cercando di fare capire la pericolosità della Russia tant'è vero che è una sorta di grido di aiuto verso l'Europa,190,160,29
2022-02-23 18:02:04,"Tra stelle molto antiche, scoperto il lampo radio veloce più vicino alla Terra ➡️ https://t.co/hX9ro5xsAd https://t.co/7HapE9DDx8",[],[],"Tra stelle molto antiche, scoperto il lampo radio veloce più vicino alla Terra ➡️",129,81,14
2022-02-24 16:02:41,"RT @LidaSezOlbia: Olbia, 23.02.2022
Giuseppino, il nostro cucciolo di cristallo. 
Anche oggi abbiamo spedito analisi, stiamo percorrendo tu…",['LidaSezOlbia'],[]," Olbia, 23.02.2022 Giuseppino, il nostro cucciolo di cristallo. Anche oggi abbiamo spedito analisi, stiamo percorrendo tu…",140,122,16
2022-02-24 17:36:52,RT @_nzoAlo_: @calciomercatoit Non e vero io ho detto Donn--umma figlio di puttan@ questo l avete invetato voi,"['_nzoAlo_', 'calciomercatoit']",[], Non e vero io ho detto Donn--umma figlio di puttan@ questo l avete invetato voi,110,80,15
2022-02-23 21:07:37,@cercasitumore @_icarusfxlls_ crush più grande,"['cercasitumore', '_icarusfxlls_']",[],crush più grande,46,16,3
2022-02-24 10:01:59,RT @icaruslistening: “Nel 2022 le auto voleranno” https://t.co/WDEFYeSPXt,['icaruslistening'],[], “Nel 2022 le auto voleranno”,73,29,5
2022-02-24 19:09:16,"RT @babydybss: ho già letto cose allucinanti quindi il fatto che non scriverò tweet sulla guerra non vuol dire che non sia triste, spaventa…",['babydybss'],[]," ho già letto cose allucinanti quindi il fatto che non scriverò tweet sulla guerra non vuol dire che non sia triste, spaventa…",140,126,22
2022-02-24 08:44:22,Andiamo tutti a votare Gigi su Radio zeta!!! Che almeno facciamolo vincere prima che il programma finisca per colpa di un pazzo scatenato che sta giocando a Risiko #caroligi #amici21,[],"['caroligi', 'amici21']",Andiamo tutti a votare Gigi su Radio zeta!!! Che almeno facciamolo vincere prima che il programma finisca per colpa di un pazzo scatenato che sta giocando a Risiko caroligi amici21,182,180,30
2022-02-24 23:33:21,@Rac915 e finiscila,['Rac915'],[],e finiscila,19,11,2
2022-02-24 15:23:59,"Alla fine che sia covid, una guerra o altro, ancora una volta l’umanità è stata sconfitta dall’idiozia di un solo uomo.",[],[],"Alla fine che sia covid, una guerra o altro, ancora una volta l’umanità è stata sconfitta dall’idiozia di un solo uomo.",119,119,21
2022-02-24 13:43:04,@simone_dela Quello usa o asiatico mi sa che costerà di più...,['simone_dela'],[],Quello usa o asiatico mi sa che costerà di più...,62,49,10
2022-02-24 15:59:19,Nel 2022 non sono scene da vedere #StopWar #NoWar,[],"['StopWar', 'NoWar']",Nel 2022 non sono scene da vedere StopWar NoWar,49,47,9
2022-02-23 21:48:50,##MASSAGE IN DAMMAM SAUDI ARABIA##+966 549706716##BEST SERVICE https://t.co/oKUvvRefiq,[],"['MASSAGE', 'BEST']",#MASSAGE IN DAMMAM SAUDI ARABIA##+966 549706716#BEST SERVICE,86,60,7
2022-02-24 12:52:37,RT @flavlesswift: Rip amico mio              e mo si mangia https://t.co/yjRg5PSETf,['flavlesswift'],[], Rip amico mio e mo si mangia,83,29,7
2022-02-24 19:21:15,"RT @cris_cersei: Questo è ciò che fecero i nazisti ucraini ai russi di Odessa nel 2014. Ridendo e cantando, e sventolando bandiere con le s…",['cris_cersei'],[]," Questo è ciò che fecero i nazisti ucraini ai russi di Odessa nel 2014. Ridendo e cantando, e sventolando bandiere con le s…",140,124,23
2022-02-24 12:35:56,"@GuidoCrosetto veramente non si capisce "" La prima a esultare per la quarta elezione di Vladimir Putin è stata Giorgia Meloni, la leader di Fratelli d'Italia, celebrando la «inequivocabile volontà» uscita dalle urne dei russi. """,['GuidoCrosetto'],[],"veramente non si capisce "" La prima a esultare per la quarta elezione di Vladimir Putin è stata Giorgia Meloni, la leader di Fratelli d'Italia, celebrando la «inequivocabile volontà» uscita dalle urne dei russi. """,228,213,35
2022-02-24 22:10:24,"RT @calqmtv: «L’hai detto tu, ricordi? L’hai detto tu, che forse Wonderland non è un dove, ma un quando. Noi avremo il nostro quando, te lo…",['calqmtv'],[]," «L’hai detto tu, ricordi? L’hai detto tu, che forse Wonderland non è un dove, ma un quando. Noi avremo il nostro quando, te lo…",140,128,24
2022-02-24 17:06:29,"RT @Heavenisaplace7: #jerù 

Giucas: stasera dormite di là, nella love boat, abbiamo chiesto
B: senza telecamere https://t.co/muD47rSf6w",['Heavenisaplace7'],['jerù']," jerù Giucas: stasera dormite di là, nella love boat, abbiamo chiesto B: senza telecamere",136,89,14
2022-02-24 18:08:51,"RT @Cosmopolitan_IT: The Choices Issue è il primo numero di una storia nuova, che vuole attraversare onlife (ovvero nelle sue espressioni d…",['Cosmopolitan_IT'],[]," The Choices Issue è il primo numero di una storia nuova, che vuole attraversare onlife (ovvero nelle sue espressioni d…",140,120,20
2022-02-24 06:08:15,Che brutto risveglio. Meriteremmo l’estinzione.,[],[],Che brutto risveglio. Meriteremmo l’estinzione.,47,47,5
2022-02-23 19:38:12,"@Xavifran3 Amen 🙏
Il problema più grande  e difficile di questo mistero per il credente di ogni tempo è,""credere che sia giusto con tutti"".
 I malvagi hanno fortuna e già  questo è oltremodo  imbarazzante,ma addirittura i giusti sono perseguitati da continue sventure.1",['Xavifran3'],[],"Amen 🙏 Il problema più grande e difficile di questo mistero per il credente di ogni tempo è,""credere che sia giusto con tutti"". I malvagi hanno fortuna e già questo è oltremodo imbarazzante,ma addirittura i giusti sono perseguitati da continue sventure.1",269,254,41
2022-02-23 18:35:04,"Previsioni del tempo in Italia per domani 24/02/2022
https://t.co/q5Dzh8qYgJ
#IlMeteo #MeteoAeronauticaMilitare #MeteoDiDomani #Meteoam #Meteolive #PrevisioniMeteoItalia https://t.co/PAsj74IjRy",[],"['IlMeteo', 'MeteoAeronauticaMilitare', 'MeteoDiDomani', 'Meteoam', 'Meteolive', 'PrevisioniMeteoItalia']",Previsioni del tempo in Italia per domani 24/02/2022 IlMeteo MeteoAeronauticaMilitare MeteoDiDomani Meteoam Meteolive PrevisioniMeteoItalia,193,139,14
2022-02-24 10:36:51,@nonkonforme Le provocazioni non giustificano una guerra dove a rimetterci saranno i civili e l’intera economia mondiale 😅,['nonkonforme'],[],Le provocazioni non giustificano una guerra dove a rimetterci saranno i civili e l’intera economia mondiale 😅,122,109,17
2022-02-24 06:49:56,"RT @zampe_d: RICEVO E CONDIVIDO ‼️‼️‼️
info al numero: 3791292477
🧡 💛 💚🙏🙏🙏
NON VOLTIAMOCI DALL'ALTRA PARTE 
AIUTIAMO CHI AIUTA @zampa_qua
#…","['zampe_d', 'zampa_qua']",[], RICEVO E CONDIVIDO ‼️‼️‼️ info al numero: 3791292477 🧡 💛 💚🙏🙏🙏 NON VOLTIAMOCI DALL'ALTRA PARTE AIUTIAMO CHI AIUTA #…,140,116,19
2022-02-23 20:00:03,@real_fabristol Beh non è che sia stata una passeggiata. Il picco di morti giornalieri è stato paragonabile a quello di Delta nonostante i booster e l'immunità aggiuntiva da Delta. https://t.co/CtTNbhUCuT,['real_fabristol'],[],Beh non è che sia stata una passeggiata. Il picco di morti giornalieri è stato paragonabile a quello di Delta nonostante i booster e l'immunità aggiuntiva da Delta.,204,164,28
2022-02-24 17:57:10,@LaVeraAtena che paura,['LaVeraAtena'],[],che paura,22,9,2
2022-02-24 16:08:33,immagina lui che ti fissa così nella saletta vip della discoteca mentre tu stai ballando sotto in pista https://t.co/LtHBO05Ytd,[],[],immagina lui che ti fissa così nella saletta vip della discoteca mentre tu stai ballando sotto in pista,127,103,18
2022-02-24 02:18:20,"@Akrobata2022 @kikinouri E poi lui ha sempre avuto donne di un certo tipo, non solo per la bellezza","['Akrobata2022', 'kikinouri']",[],"E poi lui ha sempre avuto donne di un certo tipo, non solo per la bellezza",99,74,16
2022-02-25 00:14:42,RT @cazzonesobro: l'intensità di filippo la mia morte mio dio,['cazzonesobro'],[], l'intensità di filippo la mia morte mio dio,61,44,8
2022-02-25 07:33:47,"RT @SimonettiVince1: I classici giornalisti farlocchi, falsi e venduti... Equipaggio da guerra in zona di pace... 😂 😂 https://t.co/pCXmckHs…",['SimonettiVince1'],[]," I classici giornalisti farlocchi, falsi e venduti... Equipaggio da guerra in zona di pace... 😂 😂",140,97,16
2022-02-24 20:20:21,@givlsxlouis Io sono lì lì,['givlsxlouis'],[],Io sono lì lì,26,13,4
2022-02-24 00:51:15,RT @capacitamineria: @clint_joselito Travesti con la risa del guason. https://t.co/uOzziJItR8,"['capacitamineria', 'clint_joselito']",[], Travesti con la risa del guason.,93,33,6
2022-02-23 16:45:57,C'ERA CHICCA CHE PIANGEVA #gavetta,[],['gavetta'],C'ERA CHICCA CHE PIANGEVA gavetta,34,33,5
2022-02-24 06:17:14,RT @fineelinexwalls: ma voi ci pensate al fatto che tra non molto harry styles rinizia il tour e oltre ai contenuti di louis tomlinson avre…,['fineelinexwalls'],[], ma voi ci pensate al fatto che tra non molto harry styles rinizia il tour e oltre ai contenuti di louis tomlinson avre…,140,120,23
2022-02-24 21:43:42,"I tifosi delle altre squadre che criticano il Napoli mi fanno sorridere.
Noi stasera non abbiamo fatto una bella figura, anzi, tutt'altro. Poco ma sicuro.
Ma chi ne sta ridendo sta solo a +2, potenziale +3, -7 e oltre. Quindi la figuraccia direi più che è collettiva.",[],[],"I tifosi delle altre squadre che criticano il Napoli mi fanno sorridere. Noi stasera non abbiamo fatto una bella figura, anzi, tutt'altro. Poco ma sicuro. Ma chi ne sta ridendo sta solo a +2, potenziale +3, -7 e oltre. Quindi la figuraccia direi più che è collettiva.",267,267,47
2022-02-25 05:41:18,@fmg181 persone che hanno paura.,['fmg181'],[],persone che hanno paura.,32,24,4
2022-02-23 22:32:40,"RT @Pontifex_it: Invito tutti a fare il prossimo 2 marzo, Mercoledì delle ceneri, una Giornata di digiuno per la #pace: i credenti si dedic…",['Pontifex_it'],['pace']," Invito tutti a fare il prossimo 2 marzo, Mercoledì delle ceneri, una Giornata di digiuno per la pace: i credenti si dedic…",140,123,22
2022-02-24 00:58:17,@king_del_trash @_vicio_01 @AuroraMorgavi Giulia d’urso ha fatto una storia dicendo di stare o di essere stata con lui,"['king_del_trash', '_vicio_01', 'AuroraMorgavi']",[],Giulia d’urso ha fatto una storia dicendo di stare o di essere stata con lui,118,76,15
2022-02-23 20:07:54,RT @scc68samu: @GuidoDeMartini Va abolito l'obbligo altrimenti poi i cadaveri li scavalchiamo,"['scc68samu', 'GuidoDeMartini']",[], Va abolito l'obbligo altrimenti poi i cadaveri li scavalchiamo,93,63,9
2022-02-25 07:07:52,@silvia29luglio Sempre gentilissima,['silvia29luglio'],[],Sempre gentilissima,35,19,2
2022-02-23 20:33:28,"@Chn97i vuole proprio farmi incazzare si vede
non la vedo quasi mai, evito di incrociarla perché non facciamo altro che smadonnarci addosso
mi ha chiamato per ricordarmi dei richiami che prendo a scuola, della note e del tre in economia
è sempre così e arrivo al limite dopo un po’",['Chn97i'],[],"vuole proprio farmi incazzare si vede non la vedo quasi mai, evito di incrociarla perché non facciamo altro che smadonnarci addosso mi ha chiamato per ricordarmi dei richiami che prendo a scuola, della note e del tre in economia è sempre così e arrivo al limite dopo un po’",281,273,49
2022-02-25 00:47:30,RT @RHolzeisen: Questo succede nel #parlamentocanadese … ancora dubbi su quello che sta realmente accadendo? https://t.co/9AnOzOcNYs,['RHolzeisen'],['parlamentocanadese'], Questo succede nel parlamentocanadese … ancora dubbi su quello che sta realmente accadendo?,132,92,13
2022-02-24 18:39:53,Benito profeta,[],[],Benito profeta,14,14,2
2022-02-24 21:43:40,RT @Droghiere: Due fidanzati si salutano alla stazione di Kiev e non sanno se si rivedranno più 💔 https://t.co/dA1WUnSNOO,['Droghiere'],[], Due fidanzati si salutano alla stazione di Kiev e non sanno se si rivedranno più 💔,121,83,16
2022-02-24 08:58:08,RT @furettotrombaio: Sono felicissimo per Dusan come se fosse mio figlio❤️ https://t.co/O4Ib96LFik,['furettotrombaio'],[], Sono felicissimo per Dusan come se fosse mio figlio❤️,98,54,9
2022-02-24 08:23:05,A.A.A. Cerco uomo single per avventure focose! 🎃💦 https://t.co/9t2T9D1oOW,[],[],A.A.A. Cerco uomo single per avventure focose! 🎃💦,73,49,8
2022-02-25 00:39:36,RT @DiegoFusaro: La promessa era che la NATO non si sarebbe estesa verso est. La promessa è stata palesemente disattesa. La monarchia del d…,['DiegoFusaro'],[], La promessa era che la NATO non si sarebbe estesa verso est. La promessa è stata palesemente disattesa. La monarchia del d…,140,124,22
2022-02-23 21:59:00,"RT @SADIComic: se ci bombardano sapete con chi prendervela 
Lo avevo detto iooooo di non mandare GIGGINOOO da solooo https://t.co/1Ro5dUgBJ9",['SADIComic'],[], se ci bombardano sapete con chi prendervela Lo avevo detto iooooo di non mandare GIGGINOOO da solooo,140,101,17
2022-02-23 20:35:05,RT @SoloJuveUltras: #Allegriout fa giocare Vlahovic a 50 metri dalla porta. Anticalcio,['SoloJuveUltras'],['Allegriout'], Allegriout fa giocare Vlahovic a 50 metri dalla porta. Anticalcio,86,66,10
2022-02-23 16:18:52,"Mossa errata....  ci sono rusdofoni e  filorussi in tutta l ucraina,  si rischia pulizia etnica e l intervento diretto dell esercito russo ... ucraina farà la fine ex yugoslavia",[],[],"Mossa errata.... ci sono rusdofoni e filorussi in tutta l ucraina, si rischia pulizia etnica e l intervento diretto dell esercito russo ... ucraina farà la fine ex yugoslavia",177,174,29
2022-02-24 21:02:46,@itsmeback_ Se penso al buonismo ( falso) del quale hanno fatto la propria bandiera mi viene da vomitare...,['itsmeback_'],[],Se penso al buonismo ( falso) del quale hanno fatto la propria bandiera mi viene da vomitare...,107,95,17
2022-02-24 19:08:04,@stefanoscorpio Che schifo hahahah,['stefanoscorpio'],[],Che schifo hahahah,34,18,3
2022-02-24 08:06:46,"RT @CarlaKaky: ""EL PUEBLO UNIDO JAMAS SARA VENCIDO""

Il Dittatore neonazista canadese Trudeau annuncia il ritiro dell'Emergency Act, il pop…",['CarlaKaky'],[]," ""EL PUEBLO UNIDO JAMAS SARA VENCIDO"" Il Dittatore neonazista canadese Trudeau annuncia il ritiro dell'Emergency Act, il pop…",140,125,18
2022-02-24 15:09:55,RT @Giulia93399173: Bello il cespuglio brò.😎🤍 @MattiaZenzola #Amici21 https://t.co/k6aw2jzpW5,"['Giulia93399173', 'MattiaZenzola']",['Amici21'], Bello il cespuglio brò.😎🤍 Amici21,93,34,5
2022-02-24 19:59:52,mi manca sentirla cantare vederla esibirsi mi Manca proprio Lei    io sto x P,[],[],mi manca sentirla cantare vederla esibirsi mi Manca proprio Lei io sto x P,77,74,14
2022-02-24 08:02:20,Il finale non è chiaro solo se avete guardato il film con il telefono in mano,[],[],Il finale non è chiaro solo se avete guardato il film con il telefono in mano,77,77,16
2022-02-23 17:13:42,mi sa che no ne vale la pena HAHHAHA,[],[],mi sa che no ne vale la pena HAHHAHA,36,36,9
2022-02-24 09:13:09,Iscrizioni alle scuole trentine: boom per l’istituto tecnico economico e per il liceo scienze umane - https://t.co/svApVyqNLc,[],[],Iscrizioni alle scuole trentine: boom per l’istituto tecnico economico e per il liceo scienze umane -,125,101,16
2022-02-24 19:59:29,@iamaureluca io voglio bene tutti da ubriaca,['iamaureluca'],[],io voglio bene tutti da ubriaca,44,31,6
2022-02-24 17:10:03,AJaksjaksjsksjs nosotros emitimos el comunicado de la ansiedad 😩,[],[],AJaksjaksjsksjs nosotros emitimos el comunicado de la ansiedad 😩,64,64,9
2022-02-24 14:48:22,"RT @Marinettoski: Ai ben pensanti e moralisti che si scandalizzano della guerra in Ukraina, ricordo che per prendersi il Kosovo, la Nato ha…",['Marinettoski'],[]," Ai ben pensanti e moralisti che si scandalizzano della guerra in Ukraina, ricordo che per prendersi il Kosovo, la Nato ha…",140,123,21
2022-02-24 20:06:17,"RT @MarianoDeCarlo1: ""Quando i ricchi si fanno la guerra sono i poveri che muoiono"".
#nowar
#StopWar 
#RussiaUkraineConflict 
#Kiev 
#Ucrai…",['MarianoDeCarlo1'],"['nowar', 'StopWar', 'RussiaUkraineConflict', 'Kiev']"," ""Quando i ricchi si fanno la guerra sono i poveri che muoiono"". nowar StopWar RussiaUkraineConflict Kiev Ucrai…",140,112,17
2022-02-25 03:36:03,Mi gato me sana ❤️‍🩹,[],[],Mi gato me sana ❤️‍🩹,20,20,5
2022-02-24 08:39:38,Si parla di bombe come di bambole,[],[],Si parla di bombe come di bambole,33,33,7
2022-02-23 20:17:32,@loonymoonyx remus lupin in guerra ed io a casa a procrear,['loonymoonyx'],[],remus lupin in guerra ed io a casa a procrear,58,45,10
2022-02-25 06:56:15,"RT @jacopo_iacoboni: Commoventi i russi in piazza questa sera a San Pietroburgo contro la guerra del dittatore criminale

@nexta_tv 

 http…","['jacopo_iacoboni', 'nexta_tv']",[], Commoventi i russi in piazza questa sera a San Pietroburgo contro la guerra del dittatore criminale http…,140,106,17
2022-02-24 04:12:34,@stayxblckpink jsjakja me siento chiquita ahora 🥲,['stayxblckpink'],[],jsjakja me siento chiquita ahora 🥲,49,34,6
2022-02-24 19:39:03,@yoonlux guarda cosa mi ha risposto ti prego,['yoonlux'],[],guarda cosa mi ha risposto ti prego,44,35,7
2022-02-24 23:33:34,@vanessamoi_ @LeopardiMelissa Sei d accordo con quello che ha detto Alfonso?,"['vanessamoi_', 'LeopardiMelissa']",[],Sei d accordo con quello che ha detto Alfonso?,76,46,9
2022-02-24 15:27:56,RT @nonfraledonne: Minchia raga non succede ma se succede,['nonfraledonne'],[], Minchia raga non succede ma se succede,57,39,7
2022-02-24 02:20:35,@semprevane Ma hai visto che faccia da pazzo Putin? #ilunatici siamo fottuti. 😢,['semprevane'],['ilunatici'],Ma hai visto che faccia da pazzo Putin? ilunatici siamo fottuti. 😢,79,66,12
2022-02-24 13:56:59,@Massimotagliat2 @barbarab1974 Pago il biglietto solo andata,"['Massimotagliat2', 'barbarab1974']",[],Pago il biglietto solo andata,60,29,5
2022-02-24 17:12:52,"RT @advorelou: Guardate io mi sento in colpa persino a twittare sapendo cosa sta succedendo in questo momento in Ucraina, scusatemi.",['advorelou'],[]," Guardate io mi sento in colpa persino a twittare sapendo cosa sta succedendo in questo momento in Ucraina, scusatemi.",132,118,19
2022-02-23 23:15:09,@RealGossipland Un paese di 🐑🐑🐑🐑🐑🐑,['RealGossipland'],[],Un paese di 🐑🐑🐑🐑🐑🐑,34,18,4
2022-02-23 18:33:23,"🎙️Tavano (ag. #Bove) alla CMIT TV: ""Bove è un calciatore che ha avuto tantissime richieste, è chiaro che quando un giovane è forte, nel giro della Nazionale e anche piuttosto continuo abbia tutti questi interessi intorno"".

#Roma",[],"['Bove', 'Roma']","🎙️Tavano (ag. Bove) alla CMIT TV: ""Bove è un calciatore che ha avuto tantissime richieste, è chiaro che quando un giovane è forte, nel giro della Nazionale e anche piuttosto continuo abbia tutti questi interessi intorno"". Roma",229,226,37
2022-02-24 23:34:48,Alfonso non ti ha mai delusa perché sei della stessa pasta.  #gfvip #fairylu,[],"['gfvip', 'fairylu']",Alfonso non ti ha mai delusa perché sei della stessa pasta. gfvip fairylu,76,73,13
2022-02-24 09:33:54,RT @SOVFTKOOK: penso tanto ai bambini che si sono visti togliere l’infanzia prima da una pandemia e poi da una guerra. #RussiaUkraineConfli…,['SOVFTKOOK'],[], penso tanto ai bambini che si sono visti togliere l’infanzia prima da una pandemia e poi da una guerra. RussiaUkraineConfli…,140,125,20
2022-02-24 23:54:59,sirvo p nd é impressionante,[],[],sirvo p nd é impressionante,27,27,5
2022-02-24 09:39:56,@velvhes non ce la faccio,['velvhes'],[],non ce la faccio,25,16,4
2022-02-24 14:07:56,RT @desossiribosi0: Ma ci pensate a quelli che hanno abbandonato dopo il palo al don e si perdono baloo orsacchiotto #jeru,['desossiribosi0'],['jeru'], Ma ci pensate a quelli che hanno abbandonato dopo il palo al don e si perdono baloo orsacchiotto jeru,122,102,19
2022-02-24 15:43:34,Quando un eccesso di ostilità nei confronti degli #USA e di #Draghi porta a dire cose imprudenti,[],"['USA', 'Draghi']",Quando un eccesso di ostilità nei confronti degli USA e di Draghi porta a dire cose imprudenti,96,94,17
2022-02-23 17:17:13,"RT @compagniagelosi: Il #25febbraio a #Legnano celebreremo così la giornata mondiale della #commediadellarte. 🎭🎭
https://t.co/2iiLdPf08O",['compagniagelosi'],"['25febbraio', 'Legnano', 'commediadellarte']", Il 25febbraio a Legnano celebreremo così la giornata mondiale della commediadellarte. 🎭🎭,136,89,12
2022-02-23 17:17:02,@amirencore rozita ma femme,['amirencore'],[],rozita ma femme,27,15,3
2022-02-23 22:35:33,"@SDany89 No, no domani!!!!",['SDany89'],[],"No, no domani!!!!",26,17,3
2022-02-23 20:09:51,@_girl_louie_ tesoro mi dispiace tantissimo vuoi che parliamo un po’ così non ci pensi?,['_girl_louie_'],[],tesoro mi dispiace tantissimo vuoi che parliamo un po’ così non ci pensi?,87,73,13
2022-02-24 21:34:24,Finiti i tweet sul covid iniziano i tweet sulla guerra,[],[],Finiti i tweet sul covid iniziano i tweet sulla guerra,54,54,10
2022-02-23 20:06:26,ma se pensano che io dirò di si non mi conoscono minimamente allora,[],[],ma se pensano che io dirò di si non mi conoscono minimamente allora,67,67,13
2022-02-25 04:12:00,@MaCriHeller @liviozeta67 In Russia i cittadini non hanno bisogno del green pass.,"['MaCriHeller', 'liviozeta67']",[],In Russia i cittadini non hanno bisogno del green pass.,81,55,10
2022-02-24 17:02:20,"RT @CesareCamboni: @fratotolo2 @mannocchia Faccio notare, tecnicamente, che indossa l'elmetto in maniera incorretta. La visierina è troppo…","['CesareCamboni', 'fratotolo2', 'mannocchia']",[]," Faccio notare, tecnicamente, che indossa l'elmetto in maniera incorretta. La visierina è troppo…",139,97,13
2022-02-24 12:53:37,Droni da Sigonella a Kiev https://t.co/VlZPWl3tAW,[],[],Droni da Sigonella a Kiev,49,25,5
2022-02-24 07:09:33,"RT @CelePistillo: Non è questo che dovremmo scrivere nei libri di storia. 
La nostra storia. 
#RussiaUkraineConflict https://t.co/TU3Hgurjes",['CelePistillo'],['RussiaUkraineConflict'], Non è questo che dovremmo scrivere nei libri di storia. La nostra storia. RussiaUkraineConflict,140,96,14
2022-02-24 11:41:18,"RT @arscomunicandi: @Tommasolabate Hai ragione cazzo!
Putin la deve smettere di voler mettere la Russia vicino alle basi americane.
Bravo!…","['arscomunicandi', 'Tommasolabate']",[], Hai ragione cazzo! Putin la deve smettere di voler mettere la Russia vicino alle basi americane. Bravo!…,139,105,17
2022-02-24 08:49:58,@Riccardo_BamBam Tutto può essere... con Crespo successe la stessa identica cosa.,['Riccardo_BamBam'],[],Tutto può essere... con Crespo successe la stessa identica cosa.,81,64,10
2022-02-24 06:47:10,"Non ci posso credere, sto veramente leggendo questa notizia..nel 2022… https://t.co/kKHYzR9rgg",[],[],"Non ci posso credere, sto veramente leggendo questa notizia..nel 2022…",94,70,10
2022-02-23 19:04:51,"Cello Concerto in D G 479 by Luigi Boccherini / Orchestra of the Zurich Collegium Musicum Paul Sacher Mstislav Rostropovich, cello / DG 437952",[],[],"Cello Concerto in D G 479 by Luigi Boccherini / Orchestra of the Zurich Collegium Musicum Paul Sacher Mstislav Rostropovich, cello / DG 437952",142,142,24
2022-02-24 11:39:31,"La polizia conferma che ""l'incidente è ritenuto sospetto e mirato""

https://t.co/utFoYjuhCE

#Mississauga @PeterFonsecaMP @BonnieCrombie @PeelCrimeStopp #Toronto #Ontario #Canada #EmergenciesAct","['PeterFonsecaMP', 'BonnieCrombie', 'PeelCrimeStopp']","['Mississauga', 'Toronto', 'Ontario', 'Canada', 'EmergenciesAct']","La polizia conferma che ""l'incidente è ritenuto sospetto e mirato"" Mississauga Toronto Ontario Canada EmergenciesAct",194,116,15
2022-02-24 05:44:32,"RT @ultimenotizie: #DiMaio ""ha una strana idea di diplomazia. È stata inventata solo per risolvere situazioni di conflitto e alleviare la t…",['ultimenotizie'],['DiMaio']," DiMaio ""ha una strana idea di diplomazia. È stata inventata solo per risolvere situazioni di conflitto e alleviare la t…",140,121,20
2022-02-23 22:25:24,@mrs_winch CHE FAI COME STAI,['mrs_winch'],[],CHE FAI COME STAI,28,17,4
2022-02-24 06:57:32,RT @mixc7: @RadioRadioWeb @AStramezzi Video con il grande Professore Broccolo https://t.co/WZW7kYT8TA,"['mixc7', 'RadioRadioWeb', 'AStramezzi']",[], Video con il grande Professore Broccolo,101,40,6
2022-02-23 20:07:03,dormire con te sul letto di endorfine,[],[],dormire con te sul letto di endorfine,37,37,7
2022-02-25 07:27:42,@AndreaParmeggi4 @JohnTuld1 @giovanni_tam @queequeg1901 È una battuta triste ma in Occidente si appaltano gli assassini. Oppure esternalizza alla magistratura la delegittimazione.,"['AndreaParmeggi4', 'JohnTuld1', 'giovanni_tam', 'queequeg1901']",[],È una battuta triste ma in Occidente si appaltano gli assassini. Oppure esternalizza alla magistratura la delegittimazione.,179,123,17
2022-02-23 23:59:02,@LiaQuartapelle @luigidimaio È inaccettabile che l'Italia abbia come ministro degli esteri Luigi Di Maio,"['LiaQuartapelle', 'luigidimaio']",[],È inaccettabile che l'Italia abbia come ministro degli esteri Luigi Di Maio,104,75,12
2022-02-24 09:43:05,"RT @RobertoRenga: ⁦@EugenioCardi⁩ mi ha portato in un girone infernale di cui ignoravo, l’esistenza. Gli scrittori, quelli che affondano le…","['RobertoRenga', 'EugenioCardi']",[]," ⁦⁩ mi ha portato in un girone infernale di cui ignoravo, l’esistenza. Gli scrittori, quelli che affondano le…",140,110,18
2022-02-24 13:03:13,"RT @confundustria: Ci risiamo ,i nostri fratelli di ConfAlbergatori non trovano stagionali benché venga offerto loro:

⭕600 €
⭕Uno sgabuzzi…",['confundustria'],[]," Ci risiamo ,i nostri fratelli di ConfAlbergatori non trovano stagionali benché venga offerto loro: ⭕600 € ⭕Uno sgabuzzi…",140,121,18
2022-02-25 00:41:42,@22AmandaRibeiro skjsksjsjsjaba vou me cuidar prometo,['22AmandaRibeiro'],[],skjsksjsjsjaba vou me cuidar prometo,53,36,5
2022-02-24 02:37:28,E niente…è una barzelletta 😂#jeru,[],['jeru'],E niente…è una barzelletta 😂jeru,33,32,5
2022-02-24 21:57:56,@FangusAngus Letteralmente il procurement process del Pentagono 😳,['FangusAngus'],[],Letteralmente il procurement process del Pentagono 😳,65,52,7
2022-02-24 20:41:50,@matteosalvinimi Trovo questa cosa un poco ridicola…,['matteosalvinimi'],[],Trovo questa cosa un poco ridicola…,52,35,6
2022-02-24 05:01:00,"RT @SantoDiOggi: Oggi si celebra: Sant' Etelberto https://t.co/YeJ319veQQ
#santodelgiorno #chiesacattolica #santetelberto https://t.co/nsfc…",['SantoDiOggi'],"['santodelgiorno', 'chiesacattolica', 'santetelberto']", Oggi si celebra: Sant' Etelberto santodelgiorno chiesacattolica santetelberto,140,78,8
2022-02-23 21:09:56,RT @CiairoReloaded: @SusannaCeccardi Un consiglio a te e a quel cretino di fianco nella foto https://t.co/CqlUVjDt9N,"['CiairoReloaded', 'SusannaCeccardi']",[], Un consiglio a te e a quel cretino di fianco nella foto,116,56,12
2022-02-24 21:43:17,SEMPRE AVANTI ROSALINDA,[],[],SEMPRE AVANTI ROSALINDA,23,23,3
2022-02-24 01:36:20,@InesPerr_17 Stava già iniziando a dare la colpa a Jessica perché non li ha fatti lei gli hamburger per tutti che tra l'altro neanche mangia,['InesPerr_17'],[],Stava già iniziando a dare la colpa a Jessica perché non li ha fatti lei gli hamburger per tutti che tra l'altro neanche mangia,140,127,24
2022-02-25 06:54:18,RT @mghelz: “drafts”…hahahah….,['mghelz'],[], “drafts”…hahahah….,30,19,1
2022-02-24 11:06:35,Per gli ossessionati: il fatto che gli Stati Uniti siano responsabili di politiche orrende e criminose all’estero non cancella ciò che sta facendo Putin.,[],[],Per gli ossessionati: il fatto che gli Stati Uniti siano responsabili di politiche orrende e criminose all’estero non cancella ciò che sta facendo Putin.,153,153,24
2022-02-24 16:25:37,"“Lo sciacallo e la più perfetta delle preghiere”
Editoriale odierno del Prof. Massimo Viglione.
Buona lettura👇 https://t.co/R8F3cR4Fzd",[],[],“Lo sciacallo e la più perfetta delle preghiere” Editoriale odierno del Prof. Massimo Viglione. Buona lettura👇,134,110,16
2022-02-25 06:53:57,@LucaGoodall Tu angelo della casa😍,['LucaGoodall'],[],Tu angelo della casa😍,34,21,4
2022-02-24 17:29:18,"Polla, malore fatale dopo aver attraversato la strada: perde la vita un anziano https://t.co/rZ9W5G67uA",[],[],"Polla, malore fatale dopo aver attraversato la strada: perde la vita un anziano",103,79,13
2022-02-24 08:10:18,"RT @llmilionario: Ecco, ci pensa Putin a ricordarvi che le violazioni della libertà non sono chiedere il green pass
#guerra",['llmilionario'],['guerra']," Ecco, ci pensa Putin a ricordarvi che le violazioni della libertà non sono chiedere il green pass guerra",123,105,18
2022-02-24 20:18:14,@Cristia49102386 Shii che non se ne accorgono...,['Cristia49102386'],[],Shii che non se ne accorgono...,48,31,6
2022-02-24 20:19:30,@riclorenzini @ildelfinogiulio Puoi pure essere il più competente del mondo ma l'età è quella che è e non mi sembra vi sia giunto con il top della lucidità.,"['riclorenzini', 'ildelfinogiulio']",[],Puoi pure essere il più competente del mondo ma l'età è quella che è e non mi sembra vi sia giunto con il top della lucidità.,156,125,26
2022-02-24 21:02:36,"Guardare certe cose è straziante.
È disumano.
Ma l'Europa porcaccia la puttana, dov'è?!
Dove cazzo è.
#piazzapulita",[],['piazzapulita'],"Guardare certe cose è straziante. È disumano. Ma l'Europa porcaccia la puttana, dov'è?! Dove cazzo è. piazzapulita",115,114,17
2022-02-25 01:46:53,"RT @JacopoVeneziani: Un'opera misteriosa, inquietante e - ahimè - attuale.

Realizzata nel Nord Europa alla fine del Cinquecento, questa ma…",['JacopoVeneziani'],[]," Un'opera misteriosa, inquietante e - ahimè - attuale. Realizzata nel Nord Europa alla fine del Cinquecento, questa ma…",140,119,18
2022-02-24 09:28:43,"RT @AndreaTiberio7: A far ancora più paura, secondo me, sono le parole di Putin.

“Chiunque provi ad interferire o a minacciarci deve saper…",['AndreaTiberio7'],[]," A far ancora più paura, secondo me, sono le parole di Putin. “Chiunque provi ad interferire o a minacciarci deve saper…",140,120,21
2022-02-23 19:05:50,"il NAZISMO sanitario in tutta la sua crudeltà è il vero virus, il peggiore per l'umanità, che causa annichilimento delle coscienze e dei diritti e delle libertà INVIOLABILI
#ViVi 👉https://t.co/Imx7uGvcB1  #novax #GovernoCriminale . #nogreenpassobbligatorio . #Draghistan .",[],"['ViVi', 'novax', 'GovernoCriminale', 'nogreenpassobbligatorio', 'Draghistan']","il NAZISMO sanitario in tutta la sua crudeltà è il vero virus, il peggiore per l'umanità, che causa annichilimento delle coscienze e dei diritti e delle libertà INVIOLABILI ViVi 👉 novax GovernoCriminale . nogreenpassobbligatorio . Draghistan .",272,243,37
2022-02-23 18:24:33,"@CristinaGrandi6 ❤ senza il rispetto non c'è ne amore ne amicizia. 
Noi questo lo abbiamo capito.",['CristinaGrandi6'],[],❤ senza il rispetto non c'è ne amore ne amicizia. Noi questo lo abbiamo capito.,97,79,15
2022-02-24 17:47:06,@hyjnlvrs Sempre,['hyjnlvrs'],[],Sempre,16,6,1
2022-02-23 20:26:31,"RT @Luckyma89652325: Il fatto che si voglia fare la quarta dose nel giro di un anno, dimostra che le prime tre non hanno funzionato, e ades…",['Luckyma89652325'],[]," Il fatto che si voglia fare la quarta dose nel giro di un anno, dimostra che le prime tre non hanno funzionato, e ades…",140,120,24
2022-02-23 21:31:20,"@SirDistruggere Per Greggio & Co, non bastano tutti i santi del paradiso.  Indecenti.",['SirDistruggere'],[],"Per Greggio & Co, non bastano tutti i santi del paradiso. Indecenti.",85,68,12
2022-02-24 13:17:59,@spi4ndo Io ho letto  15 min fa sospesa spero  di nooo.,['spi4ndo'],[],Io ho letto 15 min fa sospesa spero di nooo.,55,44,10
2022-02-24 18:39:39,Sono cresciuta con le storie sulla guerra del 1999 (proprio quando sono nata) e ogni volta è un colpo al cuore sentire i miei famigliari che raccontano l’orrore che c’era e che hanno vissuto in prima persona e non riesco nemmeno ad immaginare cosa provano in Ucraina adesso,[],[],Sono cresciuta con le storie sulla guerra del 1999 (proprio quando sono nata) e ogni volta è un colpo al cuore sentire i miei famigliari che raccontano l’orrore che c’era e che hanno vissuto in prima persona e non riesco nemmeno ad immaginare cosa provano in Ucraina adesso,273,273,48
2022-02-23 22:44:25,Che figuraccia la Berlinguer con la Meloni. Difficile mettere in diffico... https://t.co/m2aRyj7wRP via @YouTube,['YouTube'],[],Che figuraccia la Berlinguer con la Meloni. Difficile mettere in diffico... via,112,79,12
2022-02-24 01:51:11,"RT @callmeguenda: sono veramente sotto le coperte insieme, è tutto vero #jerù https://t.co/ZM5YoozyXk",['callmeguenda'],['jerù']," sono veramente sotto le coperte insieme, è tutto vero jerù",101,59,10
2022-02-24 18:33:00,La Vita allegra nel culo https://t.co/mrvhb7Okt9 #italianhumor,[],['italianhumor'],La Vita allegra nel culo italianhumor,62,37,6
2022-02-23 21:38:21,@Precarioillumi1 Scappata di casa di fretta....visto che è seminuda.....🤭,['Precarioillumi1'],[],Scappata di casa di fretta....visto che è seminuda.....🤭,73,56,8
2022-02-23 16:11:28,"Svezzamento dei gatti: come svezzare un gattino, latte e pappa per gatti - https://t.co/WNL7x3GN6R",[],[],"Svezzamento dei gatti: come svezzare un gattino, latte e pappa per gatti -",98,74,13
2022-02-24 22:40:29,@user38292924782 @Im_Francesca345 Io sento ex 🤣,"['user38292924782', 'Im_Francesca345']",[],Io sento ex 🤣,47,13,4
2022-02-24 08:43:02,"RT @milleuniiversii: 24.02.2022 no, non siamo nel 1939, ma nel 2022 e ancora assistiamo a questo. oggi è iniziata una guerra, ma è finita l…",['milleuniiversii'],[]," 24.02.2022 no, non siamo nel 1939, ma nel 2022 e ancora assistiamo a questo. oggi è iniziata una guerra, ma è finita l…",140,120,23
2022-02-24 11:48:38,"RT @Carmen24583545: Ora ...
#Napoli più azzurra che mai https://t.co/OY7dqst29V",['Carmen24583545'],['Napoli'], Ora ... Napoli più azzurra che mai,79,35,7
2022-02-24 00:20:44,Sicariato en la Cdla. La Fragata https://t.co/Oa9d74pnHe,[],[],Sicariato en la Cdla. La Fragata,56,32,6
2022-02-24 12:21:58,"RT @TUTTOJUVE_COM: UE, al lavoro per sanzioni contro Russia. C'è anche l'UEFA: no alla finale di Champions a San Pietroburgo e risoluzione…",['TUTTOJUVE_COM'],[]," UE, al lavoro per sanzioni contro Russia. C'è anche l'UEFA: no alla finale di Champions a San Pietroburgo e risoluzione…",139,121,20
2022-02-23 21:19:17,"RT @giuslit: Vedo dei puntini così vicini, che non c'è nemmeno bisogno di unirli.",['giuslit'],[]," Vedo dei puntini così vicini, che non c'è nemmeno bisogno di unirli.",81,69,12
2022-02-25 05:44:18,Tutto il mondo deve isolare Putin.Frontiere chiuso per Putin la belva.👹,[],[],Tutto il mondo deve isolare Putin.Frontiere chiuso per Putin la belva.👹,71,71,11
2022-02-25 06:33:26,@MielMielMiel_1 solo uno ?,['MielMielMiel_1'],[],solo uno ?,26,10,3
2022-02-23 22:44:12,I L U S A,[],[],I L U S A,9,9,5
2022-02-24 07:13:30,"RT @EsteriLega: 🇪🇺💰

MES: DELLA VEDOVA, RATIFICA IN INTERESSE ITALIA
https://t.co/kpzytUhFXP

PNRR: FRANCO, 24 MLD DA UE NELLE PROSSIME SET…",['EsteriLega'],[]," 🇪🇺💰 MES: DELLA VEDOVA, RATIFICA IN INTERESSE ITALIA PNRR: FRANCO, 24 MLD DA UE NELLE PROSSIME SET…",140,99,17
2022-02-23 20:45:55,"sono ferma qui scusatemi <3
non potevo non chiedergli di Michele, io DOVEVO chiedergli di Michele
#Amici21 https://t.co/F116BRzXOf",[],['Amici21'],"sono ferma qui scusatemi <3 non potevo non chiedergli di Michele, io DOVEVO chiedergli di Michele Amici21",130,105,17
2022-02-24 14:02:07,@laura_ceruti I discorsi di Conte non si capiscono mai,['laura_ceruti'],[],I discorsi di Conte non si capiscono mai,54,40,8
2022-02-24 21:02:07,"La tranquillità con cui so che tutta la stanza arancione, Barù e Davide si schierano con le M&Ms😍#gfvip #jeru https://t.co/d0fRHeWnNP",[],"['gfvip', 'jeru']","La tranquillità con cui so che tutta la stanza arancione, Barù e Davide si schierano con le M&Ms😍gfvip jeru",133,107,19
2022-02-24 19:13:54,"RT @ASRomaFemminile: 🏆🇮🇹 Empoli-Roma, semifinale di andata della Coppa Italia @socios, si giocherà domenica 13/3 alle 14:30 💪

#ASRomaFemmi…","['ASRomaFemminile', 'socios']",[]," 🏆🇮🇹 Empoli-Roma, semifinale di andata della Coppa Italia , si giocherà domenica 13/3 alle 14:30 💪 ASRomaFemmi…",140,111,17
2022-02-24 05:21:35,"RT @GHERARDIMAURO1: TORTOSA C' ERA ERA PSI SOCIALISTA PURE QUELLO, VISTO DA IVANO SELLI TRASMISSIONE AMMINISTRATORI E CITTADINI",['GHERARDIMAURO1'],[]," TORTOSA C' ERA ERA PSI SOCIALISTA PURE QUELLO, VISTO DA IVANO SELLI TRASMISSIONE AMMINISTRATORI E CITTADINI",127,108,16
2022-02-23 16:27:33,Putin sa fare la guerra: abbatterlo è una pazzia https://t.co/UJlghnmiIR via @fattoquotidiano,['fattoquotidiano'],[],Putin sa fare la guerra: abbatterlo è una pazzia via,93,52,10
2022-02-24 20:28:26,RT @Teso4zampe: Un pensiero al volontario Cisternino e al suo staff da anni in Ucraina - https://t.co/TBQhcWkjyk https://t.co/Gg9ijMbc6c,['Teso4zampe'],[], Un pensiero al volontario Cisternino e al suo staff da anni in Ucraina -,136,73,14
2022-02-24 18:22:08,RT @AmiciDellaPedia: 📌 PAD - PIAZZA (pedagogia a distanza) ideata per permettere ai bambini di continuare a crescere attraverso il gioco -…,['AmiciDellaPedia'],[], 📌 PAD - PIAZZA (pedagogia a distanza) ideata per permettere ai bambini di continuare a crescere attraverso il gioco -…,139,119,20
2022-02-24 14:23:19,@gggiulssss È vero....😪😪,['gggiulssss'],[],È vero....😪😪,24,12,2
2022-02-24 09:56:03,"https://t.co/UloHEIO9SF I Samsung Galaxy S22 infrangono il record dell’S8: 1 milione di preordini, con un modello che si impone https://t.co/IoHgPufwVy",[],[],"I Samsung Galaxy S22 infrangono il record dell’S8: 1 milione di preordini, con un modello che si impone",151,103,18
2022-02-23 22:24:58,RT @wereallm4dehere: mamma mia questa parte di riccardo https://t.co/HE3leWVwL5,['wereallm4dehere'],[], mamma mia questa parte di riccardo,79,35,6
2022-02-23 22:00:45,@idiripitinti @eristicando ma è la sorella di Nathaly?,"['idiripitinti', 'eristicando']",[],ma è la sorella di Nathaly?,54,27,6
2022-02-23 22:05:51,RT @ciaosonoicaro: sinceramente distrutta e mi erano mancati troppo 🤍 https://t.co/ILDbcr4Ypu,['ciaosonoicaro'],[], sinceramente distrutta e mi erano mancati troppo 🤍,93,51,8
2022-02-24 07:46:24,RT @MatteoV__: Il modo in cui questo esame non lo so oggi perché c’è troppa gente https://t.co/CVmHM3iXeD,['MatteoV__'],[], Il modo in cui questo esame non lo so oggi perché c’è troppa gente,105,67,14
2022-02-23 23:14:40,"RT @desinella: Ho un problema con chi, prima di uscire da lavoro, non sistema le sue cose e lascia la scrivania piena di roba sparsa ovunqu…",['desinella'],[]," Ho un problema con chi, prima di uscire da lavoro, non sistema le sue cose e lascia la scrivania piena di roba sparsa ovunqu…",140,126,24
2022-02-24 21:24:08,"RT @twitorino: Questa sera la Mole Antonelliana, per esprimere la solidarietà della Città di Torino a Kiev, si illumina di giallo e azzurro…",['twitorino'],[]," Questa sera la Mole Antonelliana, per esprimere la solidarietà della Città di Torino a Kiev, si illumina di giallo e azzurro…",140,126,21
2022-02-24 19:07:51,RT @BarbaraRaval: E' importante che non vi facciate distrarre dalla guerra in Ucraina. Noi italiani la GUERRA la viviamo già tutti i giorni…,['BarbaraRaval'],[], E' importante che non vi facciate distrarre dalla guerra in Ucraina. Noi italiani la GUERRA la viviamo già tutti i giorni…,140,123,21
2022-02-24 19:38:39,"Doveva finire 7-2 per noi questa partita. Una squadra più sculata del #Porto di questa sera non l'ho mai vista prima d'ora. Assurdo. Bravi ragazzi avete dato tutto ma contro la sfortuna nulla si può. Incredibile.

#LazioPorto",[],"['Porto', 'LazioPorto']",Doveva finire 7-2 per noi questa partita. Una squadra più sculata del Porto di questa sera non l'ho mai vista prima d'ora. Assurdo. Bravi ragazzi avete dato tutto ma contro la sfortuna nulla si può. Incredibile. LazioPorto,225,222,37
2022-02-25 07:25:55,"CONIGLIO AL LARDO DI COLONNATA CON I CARCIOFI STUFATI

Un tripudio di sapori!
Un piacere per il palato!!

#osterialagramola 
#coniglio
#carciofi 
#tradizioni
#gusto @ Gramola - La Tua Osteria In Chianti https://t.co/QW5OYpW7Gv",[],"['osterialagramola', 'coniglio', 'carciofi', 'tradizioni', 'gusto']",CONIGLIO AL LARDO DI COLONNATA CON I CARCIOFI STUFATI Un tripudio di sapori! Un piacere per il palato!! osterialagramola coniglio carciofi tradizioni gusto @ Gramola - La Tua Osteria In Chianti,226,193,31
2022-02-25 07:36:39,@ozzano1971 Buongiorno Deny e buon venerdì con ❤️,['ozzano1971'],[],Buongiorno Deny e buon venerdì con ❤️,49,37,7
2022-02-25 07:21:40,"📸 Louis ieri sera sul palco. #LTWTMinneapolis
© @roadtojiminn https://t.co/llDPBdhk2m",['roadtojiminn'],['LTWTMinneapolis'],📸 Louis ieri sera sul palco. LTWTMinneapolis ©,85,46,8
2022-02-24 09:57:11,"RT @FrancyPiras_: ""Voi che vivete sicuri
  Nelle vostre tiepide case
  Voi che trovate tornando a sera
  Il cibo caldo e visi amici
  Consi…",['FrancyPiras_'],[]," ""Voi che vivete sicuri Nelle vostre tiepide case Voi che trovate tornando a sera Il cibo caldo e visi amici Consi…",140,115,21
2022-02-24 01:31:51,"Lulù c'ha gli schiavi
Si chiamano Jessica e Barù ma è già tanto che gli permette di avere dei nomi #jeru",[],['jeru'],Lulù c'ha gli schiavi Si chiamano Jessica e Barù ma è già tanto che gli permette di avere dei nomi jeru,104,103,21
2022-02-24 14:54:30,"RT @IStandwithTig15: Dopo lunghi mesi di blocchi implacabili del Tigray da parte del governo etiope, il sistema di assistenza sanitaria è c…",['IStandwithTig15'],[]," Dopo lunghi mesi di blocchi implacabili del Tigray da parte del governo etiope, il sistema di assistenza sanitaria è c…",140,120,20
2022-02-24 17:48:04,"Ma qual è il motivo della censura e vietargli la possibilità di poter parlarne? 💀
 #gfvip #jeru",[],"['gfvip', 'jeru']",Ma qual è il motivo della censura e vietargli la possibilità di poter parlarne? 💀 gfvip jeru,95,92,17
2022-02-24 03:33:35,"Noooooo, svegli fin'ora .... Ma sto bacio...😐#jeru",[],['jeru'],"Noooooo, svegli fin'ora .... Ma sto bacio...😐jeru",50,49,7
2022-02-24 13:31:32,"Sin prisa, Sirenita. Sin prisa https://t.co/TebzvVM9dL",[],[],"Sin prisa, Sirenita. Sin prisa",54,30,5
2022-02-23 19:33:51,"Anche.  :,-) https://t.co/CMG7lEmzh1",[],[],"Anche. :,-)",36,11,2
2022-02-24 06:51:57,qualcuno dia un calmante a Putin,[],[],qualcuno dia un calmante a Putin,32,32,6
2022-02-24 21:23:23,"Bon ora parte il piantarello, ma che palle #gfvip",[],['gfvip'],"Bon ora parte il piantarello, ma che palle gfvip",49,48,9
2022-02-25 02:40:06,"RT @sonestanca: La bellezza di queste due 🤰🤰 
#basciagoni #jeru 

#Gfvip https://t.co/nKVASUzMGW",['sonestanca'],"['basciagoni', 'jeru', 'Gfvip']", La bellezza di queste due 🤰🤰 basciagoni jeru Gfvip,96,51,9
2022-02-23 20:22:29,"Un po' di XTC?

https://t.co/847fjUmDBQ",[],[],Un po' di XTC?,39,14,4
2022-02-24 14:24:38,RT @assurdistan: Putin è quell'uomo che uccide la moglie per evitare il divorzio.,['assurdistan'],[], Putin è quell'uomo che uccide la moglie per evitare il divorzio.,81,65,11
2022-02-23 17:34:03,https://t.co/Bkg9ZLchuY siamo su scherzi a parte!,[],[],siamo su scherzi a parte!,49,25,5
2022-02-24 04:58:52,RT @HeyItsPixi: Il vento è un parrucchiere molto creativo.,['HeyItsPixi'],[], Il vento è un parrucchiere molto creativo.,58,43,7
2022-02-24 06:10:27,"RT @MiFingoMorta: L'agenda 2030 e tutti i criminali del World Economic Forum non avevano previsto che #Putin non si sarebbe piegato.
Ora vi…",['MiFingoMorta'],['Putin'], L'agenda 2030 e tutti i criminali del World Economic Forum non avevano previsto che Putin non si sarebbe piegato. Ora vi…,140,122,21
2022-02-24 20:42:15,@kyayamo quindi non trovo proprio il senso di scherzare su questa roba quando sta succedendo una guerra proprio in questo momento,['kyayamo'],[],quindi non trovo proprio il senso di scherzare su questa roba quando sta succedendo una guerra proprio in questo momento,129,120,20
2022-02-24 19:38:03,Abbiamo trovato il primo volontario per il fronte. https://t.co/RCq6YH7wPI,[],[],Abbiamo trovato il primo volontario per il fronte.,74,50,8
2022-02-23 17:43:40,RT @fuoriclassse: che belle le storie in cui g risponde al box delle domande,['fuoriclassse'],[], che belle le storie in cui g risponde al box delle domande,76,59,12
2022-02-25 00:21:28,RT @bearwhite92: Serata tra amici https://t.co/OUmvs7hj9g,['bearwhite92'],[], Serata tra amici,57,17,3
2022-02-24 17:18:46,@cblarmy Disse il poeta 😂,['cblarmy'],[],Disse il poeta 😂,25,16,4
2022-02-23 21:49:30,"Se potete alzare di un pelo la qualità  che sono al 90esimo e devo ancora capire chi è il Manchester e chi l’Atletico grazie. /s
#ATMMUN @PrimeVideoIT https://t.co/yTSqCY4KeO",['PrimeVideoIT'],['ATMMUN'],Se potete alzare di un pelo la qualità che sono al 90esimo e devo ancora capire chi è il Manchester e chi l’Atletico grazie. /s ATMMUN,174,134,26
2022-02-24 21:20:06,"@lana53440443 @leonixyz Eh già. Sono io, mica tu che appoggi i terroristi","['lana53440443', 'leonixyz']",[],"Eh già. Sono io, mica tu che appoggi i terroristi",73,49,10
2022-02-24 08:49:20,"RT @bellalilli161: #GoodNightTwitterWorld

#Buonanotte a tutti! https://t.co/qRQrXIhcE2",['bellalilli161'],"['GoodNightTwitterWorld', 'Buonanotte']", GoodNightTwitterWorld Buonanotte a tutti!,87,42,4
2022-02-23 16:56:11,RT @NebieridzeNazi: In risposta a @El93149958 #ElçinSangu #ElcinSanguSahnede #SehirdenKimseYokken https://t.co/n3cXWFknFx,"['NebieridzeNazi', 'El93149958']","['ElçinSangu', 'ElcinSanguSahnede', 'SehirdenKimseYokken']", In risposta a ElçinSangu ElcinSanguSahnede SehirdenKimseYokken,121,63,6
2022-02-24 18:17:09,"🐿️ Critichiamo tanto i novax che pensano ci siano cose improbabili nei vaccini, ma intanto noi siamo stati i primi a credere che frugare nella cartella mentre il professore sceglieva chi interrogare ci avrebbe resi invisibili.",[],[],"🐿️ Critichiamo tanto i novax che pensano ci siano cose improbabili nei vaccini, ma intanto noi siamo stati i primi a credere che frugare nella cartella mentre il professore sceglieva chi interrogare ci avrebbe resi invisibili.",226,226,36
2022-02-23 17:37:24,@La7tv #Amato - che già non era un Nobel - é invecchiato peggio di Montagnier,['La7tv'],['Amato'],Amato - che già non era un Nobel - é invecchiato peggio di Montagnier,77,69,14
2022-02-23 22:16:57,RT @valponti77: La cosa più brutta di tutta questa situazione del #greenpass in Italia è che hanno ucciso i sogni e la possibilità di progr…,['valponti77'],['greenpass'], La cosa più brutta di tutta questa situazione del greenpass in Italia è che hanno ucciso i sogni e la possibilità di progr…,140,124,23
2022-02-24 19:26:08,@starklcki Quel sorriso,['starklcki'],[],Quel sorriso,23,12,2
2022-02-23 20:33:15,@Fra_Illy Non ricordi la canzoncina? https://t.co/7dmZWM0Q1o,['Fra_Illy'],[],Non ricordi la canzoncina?,60,26,4
2022-02-23 16:47:44,@DarkLadyMouse credevo andasse in gommone...,['DarkLadyMouse'],[],credevo andasse in gommone...,44,29,4
2022-02-24 20:42:09,I RAPPORTI CON GLI ALTRI. Con Fausto Carotenuto e Mirella Restuccia https://t.co/13JCtToVXN via @YouTube,['YouTube'],[],I RAPPORTI CON GLI ALTRI. Con Fausto Carotenuto e Mirella Restuccia via,104,71,12
2022-02-24 13:10:38,RT @napolimagazine: MERCATO - Juventus su Zaniolo in vista della prossima stagione https://t.co/2XPW5JYZyl,['napolimagazine'],[], MERCATO - Juventus su Zaniolo in vista della prossima stagione,106,63,10
2022-02-25 06:27:42,mi hanno cancellato nancy drew sti cessi https://t.co/j6OFM54b1y,[],[],mi hanno cancellato nancy drew sti cessi,64,40,7
2022-02-24 12:01:27,"RT @RHolzeisen: si renderà definitivamente #responsabile, insieme ai membri del Governo, per violazione della normativa regolante la sperim…",['RHolzeisen'],['responsabile']," si renderà definitivamente responsabile, insieme ai membri del Governo, per violazione della normativa regolante la sperim…",140,124,16
2022-02-24 04:32:09,q bonito se escribe tu segundo nombre a mi modo jsjsjsj,[],[],q bonito se escribe tu segundo nombre a mi modo jsjsjsj,55,55,11
2022-02-23 23:09:37,"@viki04_ @Annalis65717565 @cristin07453433 Io lo vedo più come un Eremito, si è visto quando e venuta sua sorella... Zero emozioni... Forse sarà un ascoltatore, ma come persona penso più che e un menofregista.","['viki04_', 'Annalis65717565', 'cristin07453433']",[],"Io lo vedo più come un Eremito, si è visto quando e venuta sua sorella... Zero emozioni... Forse sarà un ascoltatore, ma come persona penso più che e un menofregista.",209,166,30
2022-02-23 19:04:17,@Cl3avy Ma che cazzo te ne frega ahahahah,['Cl3avy'],[],Ma che cazzo te ne frega ahahahah,41,33,7
2022-02-24 12:20:58,RT @ricpuglisi: @armandovito70 Ho pubblicato 5 articoli su riviste con peer review anonima intorno al Covid.,"['ricpuglisi', 'armandovito70']",[], Ho pubblicato 5 articoli su riviste con peer review anonima intorno al Covid.,108,78,13
2022-02-23 19:59:43,comunque fatina amore mio è arrivato il momento che ti fai una barcata di cazzi tua e te lo dico perché quando pensi ai cazzi tuoi voli più in alto #jeru,[],['jeru'],comunque fatina amore mio è arrivato il momento che ti fai una barcata di cazzi tua e te lo dico perché quando pensi ai cazzi tuoi voli più in alto jeru,153,152,31
2022-02-24 13:38:10,Perché non siamo più capaci di ragionare così?,[],[],Perché non siamo più capaci di ragionare così?,46,46,8
2022-02-25 07:45:52,Occidente abandona a Ucrania.,[],[],Occidente abandona a Ucrania.,29,29,4
2022-02-23 21:37:46,"Un libro e una preghiera, non necessariamente in quest'ordine .",[],[],"Un libro e una preghiera, non necessariamente in quest'ordine .",63,63,10
2022-02-24 06:17:11,"UNA DIOSA, UNA LINDA, UNA DIVINA",[],[],"UNA DIOSA, UNA LINDA, UNA DIVINA",32,32,6
2022-02-24 08:23:39,"@Fede_Campa1 L ha presa male secondo me, voleva metterla sul 2 anche lui",['Fede_Campa1'],[],"L ha presa male secondo me, voleva metterla sul 2 anche lui",72,59,12
2022-02-24 10:37:08,"Capisci il controsenso? Un popolo che ha fatto parte della tua federazione per un secolo, che definisci “siamo un solo popolo”, ma che devi soggiogare militarmente. Auguri con la prossima decade di guerriglia e attentati",[],[],"Capisci il controsenso? Un popolo che ha fatto parte della tua federazione per un secolo, che definisci “siamo un solo popolo”, ma che devi soggiogare militarmente. Auguri con la prossima decade di guerriglia e attentati",220,220,35
2022-02-23 16:53:58,qualcuno scambia due biglietti per frah quintale a roma del 23/04 con due del 24/04?,[],[],qualcuno scambia due biglietti per frah quintale a roma del 23/04 con due del 24/04?,84,84,15
2022-02-24 06:00:01,"#Holter monitor del ritmo cardiaco
#Corazón
https://t.co/0bWDeBmOgK https://t.co/cwal2FYpEw",[],"['Holter', 'Corazón']",Holter monitor del ritmo cardiaco Corazón,91,41,6
2022-02-24 11:58:23,"RT @FregaTeresa: Il Buongiorno ve lo do cosi con questa Bellezza unica ⭐❤️

#CanYaman ❤️
#ViolaComeIlMare
#FrancescoDemir
#LuxVide
#Buongio…",['FregaTeresa'],"['CanYaman', 'ViolaComeIlMare', 'FrancescoDemir', 'LuxVide']", Il Buongiorno ve lo do cosi con questa Bellezza unica ⭐❤️ CanYaman ❤️ ViolaComeIlMare FrancescoDemir LuxVide Buongio…,140,118,17
2022-02-23 21:20:18,"RT @G_Lapadula: Dopo un periodo difficile, di nuovo in campo... e 3 punti importanti! 
@bncalcio 
#forzastrega 
#serieb https://t.co/CkCA5s…","['G_Lapadula', 'bncalcio']","['forzastrega', 'serieb']"," Dopo un periodo difficile, di nuovo in campo... e 3 punti importanti! forzastrega serieb",140,89,14
2022-02-24 21:46:31,RT @i28eilish: piango tutte le lacrime che ho in corpo #RussiaUkraineConflict https://t.co/ZIQVa7ZkB0,['i28eilish'],['RussiaUkraineConflict'], piango tutte le lacrime che ho in corpo RussiaUkraineConflict,101,62,9
2022-02-24 12:02:12,"RT @Corvonero75: Siccome l'Ucraina i 50enni devono essere obbligati a vaccinarsi.
Non fa una piega😏",['Corvonero75'],[], Siccome l'Ucraina i 50enni devono essere obbligati a vaccinarsi. Non fa una piega😏,99,83,13
2022-02-24 08:17:54,"Scusate.. Ma solo io ho pensato che avesse preso i crackers senza glutine di Jess per ""sicurezza""?? 😂😂 #jeru",[],['jeru'],"Scusate.. Ma solo io ho pensato che avesse preso i crackers senza glutine di Jess per ""sicurezza""?? 😂😂 jeru",108,107,19
2022-02-24 16:46:24,"@guglielmopicchi Anni buttati alla Bocconi per scrivere sta cosa? Mink allora a quelli con la terza media diamo la laurea e premio Nobel!
Fammi un favore, bloccami.",['guglielmopicchi'],[],"Anni buttati alla Bocconi per scrivere sta cosa? Mink allora a quelli con la terza media diamo la laurea e premio Nobel! Fammi un favore, bloccami.",164,147,26
2022-02-24 15:52:59,@1993cvrt sana all po congrats 😞,['1993cvrt'],[],sana all po congrats 😞,32,22,5
2022-02-24 16:41:47,"RT @confundustria: 24 febbraio 1990

Ci lasciava l'unico Presidente della Repubblica degno di rappresentare il popolo Italiano, da e per se…",['confundustria'],[]," 24 febbraio 1990 Ci lasciava l'unico Presidente della Repubblica degno di rappresentare il popolo Italiano, da e per se…",140,121,19
2022-02-24 12:31:05,"RT @GuglielminaS: .

E poi c’è questo nostro tempo 
in cui di sogni non si vive, 
ma senza si muore. 

./Andrea Ivaz Melis

.

Katia Chaush…",['GuglielminaS'],[]," . E poi c’è questo nostro tempo in cui di sogni non si vive, ma senza si muore. ./Andrea Ivaz Melis . Katia Chaush…",140,116,24
2022-02-24 08:17:30,"E per gli ansiosi,dopo due anni di pandemia la guerra dà il colpo di grazia",[],[],"E per gli ansiosi,dopo due anni di pandemia la guerra dà il colpo di grazia",75,75,15
2022-02-24 16:34:18,@sir_SBerlusfreg Oserei dire Boccaccio visto il dialetto😂,['sir_SBerlusfreg'],[],Oserei dire Boccaccio visto il dialetto😂,57,40,6
2022-02-23 20:03:46,@2drinkamy eeeh boh io non le metto mai le canzoni però aspet vedo se trovo qualcosa,['2drinkamy'],[],eeeh boh io non le metto mai le canzoni però aspet vedo se trovo qualcosa,84,73,15
2022-02-24 14:44:02,"@la_stordita L'unica volta dove #Handanovic non aveva colpa.
Ha accennato pure un movimento con la mano.

#GenoaInter",['la_stordita'],"['Handanovic', 'GenoaInter']",L'unica volta dove Handanovic non aveva colpa. Ha accennato pure un movimento con la mano. GenoaInter,117,101,16
2022-02-23 21:44:59,"RT @RadioRadioWeb: ""Il sistema immunitario è talmente depresso dopo la terza dose e ancora di più dopo la quarta che è come se si fosse pre…",['RadioRadioWeb'],[]," ""Il sistema immunitario è talmente depresso dopo la terza dose e ancora di più dopo la quarta che è come se si fosse pre…",140,122,24
2022-02-24 22:10:54,RT @Marco07267236: 4811.- Putin ha vietato ai Rothschild e alla sua famiglia del cartello bancario NWO di entrare nel territorio russo. htt…,['Marco07267236'],[], 4811.- Putin ha vietato ai Rothschild e alla sua famiglia del cartello bancario NWO di entrare nel territorio russo. htt…,140,122,20
2022-02-24 10:17:01,@juninho_raf @aissaifaire @PatrickAdemo Il troll,"['juninho_raf', 'aissaifaire', 'PatrickAdemo']",[],Il troll,48,8,2
2022-02-24 11:39:38,RT @Crudeli45198835: Torni a casa è la trovi occupata. Cosa fai?,['Crudeli45198835'],[], Torni a casa è la trovi occupata. Cosa fai?,64,44,9
2022-02-23 19:59:37,"RT @ChampionsLeague: Cristiano Ronaldo back in Madrid...

#UCL https://t.co/jsuxpHfp3N",['ChampionsLeague'],['UCL'], Cristiano Ronaldo back in Madrid... UCL,86,40,6
2022-02-23 20:55:33,"ma solo io non vedo sta lontananza??? sono tutti morti oggi, ci sta che siano più spaesati. Però sono tranquilli  #jeru",[],['jeru'],"ma solo io non vedo sta lontananza??? sono tutti morti oggi, ci sta che siano più spaesati. Però sono tranquilli jeru",119,117,21
2022-02-23 22:46:02,@maxvanhorton @rivamatteoriva @ChiaraPiotto Ma cosa c’entra? Qui nessuno ha chiesto anticipo qui per una corsa lunga si doveva pagare in contanti! Assurdo,"['maxvanhorton', 'rivamatteoriva', 'ChiaraPiotto']",[],Ma cosa c’entra? Qui nessuno ha chiesto anticipo qui per una corsa lunga si doveva pagare in contanti! Assurdo,154,110,19
2022-02-23 21:44:35,"@GandolfoDomini1 @FalchieriGian provocazioni che era chiaro e palese avrebbero fatto degenerare la situazione, e basta solo vedere l'impegno dell'amministrazione Biden nel tentare di sabotare ogni tentativo di mediazione con dichiarazioni assurde","['GandolfoDomini1', 'FalchieriGian']",[],"provocazioni che era chiaro e palese avrebbero fatto degenerare la situazione, e basta solo vedere l'impegno dell'amministrazione Biden nel tentare di sabotare ogni tentativo di mediazione con dichiarazioni assurde",246,214,29
2022-02-24 19:01:59,"RT @PolScorr: Cominciano ad essere migliaia le persone che scendono in piazza a protestare contro la #guerra di #Putin in #Ucraina

Si parl…",['PolScorr'],"['guerra', 'Putin', 'Ucraina']", Cominciano ad essere migliaia le persone che scendono in piazza a protestare contro la guerra di Putin in Ucraina Si parl…,140,123,21
2022-02-24 17:08:13,"RT @SwagHrry94: @i95tim SARA SMETTILA DO
METTERMI IN TL QUELLE ROBE","['SwagHrry94', 'i95tim']",[], SARA SMETTILA DO METTERMI IN TL QUELLE ROBE,67,44,8
2022-02-24 18:45:39,Mi fa schiattare che gli altri stanno iniziando a non farci quasi più caso ormai ✈️ #jeru,[],['jeru'],Mi fa schiattare che gli altri stanno iniziando a non farci quasi più caso ormai ✈️ jeru,89,88,17
2022-02-24 16:50:14,@Atypicamente_ Ma quale saggia. 🤦🏻,['Atypicamente_'],[],Ma quale saggia. 🤦🏻,34,19,4
2022-02-24 10:09:31,"RT @AlbertoContri: Chi sta sobillando l’Ucraina a dichiarare ora di voler entrare nella Nato, così da rendere impossibile qualsiasi trattat…",['AlbertoContri'],[]," Chi sta sobillando l’Ucraina a dichiarare ora di voler entrare nella Nato, così da rendere impossibile qualsiasi trattat…",140,122,18
2022-02-24 00:54:10,"RT @AxlGuidato: 🇨🇦 Ottawa - Questi sono i proprietari dell'iconico caffè ""Enrico e Deborah Kuhn"" che durante le proteste hanno aperto il lo…",['AxlGuidato'],[]," 🇨🇦 Ottawa - Questi sono i proprietari dell'iconico caffè ""Enrico e Deborah Kuhn"" che durante le proteste hanno aperto il lo…",140,125,21
2022-02-24 22:45:53,Basci e Sophie ormai inutili #gfvip,[],['gfvip'],Basci e Sophie ormai inutili gfvip,35,34,6
2022-02-23 18:44:47,"Una vergogna continua questo @GrandeFratello 
#GFvip #Jessvip #iostoconjess",['GrandeFratello'],"['GFvip', 'Jessvip', 'iostoconjess']",Una vergogna continua questo GFvip Jessvip iostoconjess,75,55,7
2022-02-23 19:23:38,@veronicaprep voglio 1 spoiler,['veronicaprep'],[],voglio 1 spoiler,30,16,3
2022-02-24 15:02:41,@undoriano E allora di che tessuto sei fatto?,['undoriano'],[],E allora di che tessuto sei fatto?,45,34,7
2022-02-24 12:27:29,il fatto che l’umanità ancora non abbia superato il concetto di guerra è veramente triste,[],[],il fatto che l’umanità ancora non abbia superato il concetto di guerra è veramente triste,89,89,15
2022-02-24 17:17:38,RT @TheNews63724257: la differenza che la lezione non è servita a nulla...#QRcode #italia #greenpass https://t.co/2Njtw8B9eZ,['TheNews63724257'],"['QRcode', 'italia', 'greenpass']", la differenza che la lezione non è servita a nulla...QRcode italia greenpass,124,77,12
2022-02-24 18:41:20,JAJAJAJAJSJJSJA PERO VISTE 😂😂,[],[],JAJAJAJAJSJJSJA PERO VISTE 😂😂,29,29,4
2022-02-24 00:27:37,🔴 Zelensky: quasi 200mila soldati sono al confine con l'Ucraina,[],[],🔴 Zelensky: quasi 200mila soldati sono al confine con l'Ucraina,63,63,10
2022-02-24 23:51:52,RT @sanpietrus: Perché il pubblico sa ✈️ #GFVIP https://t.co/reWGvzrj8a,['sanpietrus'],['GFVIP'], Perché il pubblico sa ✈️ GFVIP,71,31,6
2022-02-24 14:56:56,"80 anni di storia e non capire niente!!
#Peace https://t.co/6rRWJK29WB",[],['Peace'],80 anni di storia e non capire niente!! Peace,70,45,9
2022-02-24 12:11:10,io che tweetto sui jeru mentre fuori c'è il caos #jeru https://t.co/3jlTYCFdU2,[],['jeru'],io che tweetto sui jeru mentre fuori c'è il caos jeru,78,53,11
2022-02-25 07:13:09,"RT @mattizumbis: 1) todaro non lo permetterebbe e solo lui può eliminarlo
2) Marcello non metterebbe mai due latinisti sopra Chri
3) è impo…",['mattizumbis'],[], 1) todaro non lo permetterebbe e solo lui può eliminarlo 2) Marcello non metterebbe mai due latinisti sopra Chri 3) è impo…,140,124,22
2022-02-24 12:46:53,RT @clatorrisi: Oggi più che mai mi sento di condividere un antico adagio: non si deve parlare per forza di qualsiasi argomento.,['clatorrisi'],[], Oggi più che mai mi sento di condividere un antico adagio: non si deve parlare per forza di qualsiasi argomento.,128,113,20
2022-02-24 21:57:09,@itsmeback_ Scommetto che ti senti meglio,['itsmeback_'],[],Scommetto che ti senti meglio,41,29,5
2022-02-25 06:24:52,"RT @RaiNews: Offensiva informatica della rete di hacker, oscurato il sito di Russia Today usato per la propaganda di Mosca #guerra #ucraina…",['RaiNews'],"['guerra', 'ucraina']"," Offensiva informatica della rete di hacker, oscurato il sito di Russia Today usato per la propaganda di Mosca guerra ucraina…",140,126,20
2022-02-23 19:28:03,"6^ R. #SerieB  
Finali gare delle 18.30
3 punti per #Benevento #Brescia #frosinone e #Cittadella
Sconfitto il #Lecce
Pirotecnico pareggio in #CrotoneCosenza 
19 reti, tripletta per Maric (#Crotone), doppiette di Insigne (#Benevento) e Palacio (#Brescia)
https://t.co/RtWiYXp0ge https://t.co/7tVPjXarw0",[],"['SerieB', 'Benevento', 'Brescia', 'frosinone', 'Cittadella', 'Lecce', 'CrotoneCosenza', 'Crotone', 'Benevento', 'Brescia']","6^ R. SerieB Finali gare delle 18.30 3 punti per Benevento Brescia frosinone e Cittadella Sconfitto il Lecce Pirotecnico pareggio in CrotoneCosenza 19 reti, tripletta per Maric (Crotone), doppiette di Insigne (Benevento) e Palacio (Brescia)",301,240,35
2022-02-24 15:39:03,"📌 Sabato 26 febbraio alle ore 16.00 parteciperò al webinar ""Il lavoro nell'età delle transizioni: prospettive per l'Italia e la Calabria"" sulla piattaforma @agora_dem.
Per seguire la diretta su Google Meet
👉 https://t.co/bqQn5ct4Z8 https://t.co/usjPmoJ9t0",['agora_dem'],[],"📌 Sabato 26 febbraio alle ore 16.00 parteciperò al webinar ""Il lavoro nell'età delle transizioni: prospettive per l'Italia e la Calabria"" sulla piattaforma . Per seguire la diretta su Google Meet 👉",255,197,32
2022-02-24 14:51:14,"$NG #NATURALGAS - 15 min.: La tendenza di fondo per NATURAL GAS è rialzista e, sul breve termine, il corso tenta di effettuare una correzione. Al momento, si tratta soltanto di... https://t.co/XkRD2O2NBS",[],['NATURALGAS'],"$NG NATURALGAS - 15 min.: La tendenza di fondo per NATURAL GAS è rialzista e, sul breve termine, il corso tenta di effettuare una correzione. Al momento, si tratta soltanto di...",203,178,31
2022-02-24 06:30:54,RT @parenellatasca: come si chiama quando vuoi andare a dormire perché hai l’urgente bisogno di spegnere i pensieri?,['parenellatasca'],[], come si chiama quando vuoi andare a dormire perché hai l’urgente bisogno di spegnere i pensieri?,116,97,16
2022-02-23 23:27:13,"Bioparco, le attività per il Carnevale - https://t.co/Cx5W69zr3r https://t.co/bT5oCaGN2A",[],[],"Bioparco, le attività per il Carnevale -",88,40,7
2022-02-24 15:25:28,vali più di quello che pensi.,[],[],vali più di quello che pensi.,29,29,6
2022-02-24 19:41:15,@matteosalvinimi Cambiato il copione?,['matteosalvinimi'],[],Cambiato il copione?,37,20,3
2022-02-24 16:59:17,"RT @Agenzia_Ansa: UCRAINA | ""Il Consiglio Supremo di Difesa esprime ferma condanna per l'ingiustificabile aggressione militare lanciata dal…",['Agenzia_Ansa'],[]," UCRAINA | ""Il Consiglio Supremo di Difesa esprime ferma condanna per l'ingiustificabile aggressione militare lanciata dal…",140,123,16
2022-02-23 21:56:31,Sabato avrei le prove con la band ma è una settimana che non ho voce that's very fun! Haha!,[],[],Sabato avrei le prove con la band ma è una settimana che non ho voce that's very fun! Haha!,91,91,19
2022-02-24 12:55:03,"RT @mariamacina: #FQ È un giornale eversivo e #Travaglio è un vergognoso che non conosce etica. Lo manderei a fare una vacanza in Turchia,…",['mariamacina'],"['FQ', 'Travaglio']"," FQ È un giornale eversivo e Travaglio è un vergognoso che non conosce etica. Lo manderei a fare una vacanza in Turchia,…",139,121,22
2022-02-23 21:18:25,"RT @BrendaCY19: Vorrei darti tutto quello che non hai mai avuto 
#CanYamanLoveYou",['BrendaCY19'],['CanYamanLoveYou'], Vorrei darti tutto quello che non hai mai avuto CanYamanLoveYou,81,64,10
2022-02-24 17:20:02,RT @about_raffaela: eravamo felici e non lo sapevamo #Amici21 https://t.co/5DETDi1v0o,['about_raffaela'],['Amici21'], eravamo felici e non lo sapevamo Amici21,85,41,7
2022-02-23 21:56:25,Per diverse ore ci sono stati problemi di connessione a Internet con la linea fissa di Vodafone https://t.co/1WPfVf272l via: @ilpost,['ilpost'],[],Per diverse ore ci sono stati problemi di connessione a Internet con la linea fissa di Vodafone via:,132,100,18
2022-02-23 17:34:59,"quando esce il cast di percy jackson non riesco più ad aspettare 

 https://t.co/rENabQtd6y",[],[],quando esce il cast di percy jackson non riesco più ad aspettare,91,64,12
2022-02-24 18:46:20,"@ildelfinogiulio Dicci la verità, il tuo portinaio è Renzi...",['ildelfinogiulio'],[],"Dicci la verità, il tuo portinaio è Renzi...",61,44,8
2022-02-24 05:47:37,RT @Iosonolagomma: A Vanity Fair hanno assunto una che sta più arrapata di noi. https://t.co/0PMBS7Gqqw,['Iosonolagomma'],[], A Vanity Fair hanno assunto una che sta più arrapata di noi.,103,61,12
2022-02-24 21:54:18,"#Roma, piazza di Tor Margana  e un tradizionale premio letterario.

(febbraio, 022)",[],['Roma'],"Roma, piazza di Tor Margana e un tradizionale premio letterario. (febbraio, 022)",83,80,12
2022-02-24 19:31:32,secondo lei dovrei offendermi ascolti villaba zia stai zitta nn mi importa 1 fico secco,[],[],secondo lei dovrei offendermi ascolti villaba zia stai zitta nn mi importa 1 fico secco,87,87,15
2022-02-24 18:34:23,"@sbonaccini .@sbonaccini  SEI UN IGNOBILE BUGIARDO NAZISTA SENZA VERGOGNA. 
AVETE L'ARROGANZA DI VOLERE IMPORRE SUI NOSTRI CORPI TERAPIE PER DI PIÙ INUTILI E NOCIVE. 
#ViVi #novax .","['sbonaccini', 'sbonaccini']","['ViVi', 'novax']",. SEI UN IGNOBILE BUGIARDO NAZISTA SENZA VERGOGNA. AVETE L'ARROGANZA DI VOLERE IMPORRE SUI NOSTRI CORPI TERAPIE PER DI PIÙ INUTILI E NOCIVE. ViVi novax .,181,153,26
2022-02-24 19:54:54,Paremi,[],[],Paremi,6,6,1
2022-02-23 16:46:31,RT @unagiaslifes: Amore per Jess: “ci saranno due cavalieri” #jerù https://t.co/9alMwsYyi2,['unagiaslifes'],['jerù'], Amore per Jess: “ci saranno due cavalieri” jerù,90,48,8
2022-02-24 23:03:28,RT @dealfonsina1: Ma cosa ci si può aspettare da un essere del genere #gfvip #jerù https://t.co/P3HWt3hxSv,['dealfonsina1'],"['gfvip', 'jerù']", Ma cosa ci si può aspettare da un essere del genere gfvip jerù,106,63,13
2022-02-24 19:25:47,"24/feb/2022: Salute, Amore & Denaro => Per saperne di più: https://t.co/TfN2evr8nX #Bilancia #Oroscopo https://t.co/YtOAH6HuWs",[],"['Bilancia', 'Oroscopo']","24/feb/2022: Salute, Amore & Denaro => Per saperne di più: Bilancia Oroscopo",126,76,12
2022-02-24 03:14:49,RT @Miachan_kitty: Retwitta se ti piace💋 https://t.co/rmTA8onRoY,['Miachan_kitty'],[], Retwitta se ti piace💋,64,22,4
2022-02-25 07:05:49,"RT @elevisconti: Molti ritengono che la colpa di tutto sia “l’espansione della Nato” negli anni. 
Ma gli stati entrati dopo il crollo dell’…",['elevisconti'],[], Molti ritengono che la colpa di tutto sia “l’espansione della Nato” negli anni. Ma gli stati entrati dopo il crollo dell’…,140,123,21
2022-02-23 21:36:51,"@marilovesgr33n Traffico, tornanti, camion: un disastro.",['marilovesgr33n'],[],"Traffico, tornanti, camion: un disastro.",56,40,5
2022-02-23 19:00:45,@imseungmin_ SEI UN CANE.,['imseungmin_'],[],SEI UN CANE.,25,12,3
2022-02-24 16:34:30,@AntalJonathan 12 euro per mangiare e bere?,['AntalJonathan'],[],12 euro per mangiare e bere?,43,28,6
2022-02-24 18:38:42,RT @pdouist91: .@LiamPayne problematica sarai tu a buttare merda su certe persone nascondendoti dietro un profilo twitter,"['pdouist91', 'LiamPayne']",[], . problematica sarai tu a buttare merda su certe persone nascondendoti dietro un profilo twitter,121,97,15
2022-02-24 18:15:26,"è tutto il giorno che cerco di distrarmi, ma il pensiero va sempre lì.. due anni fa la mia nonnina volava in cielo 💔",[],[],"è tutto il giorno che cerco di distrarmi, ma il pensiero va sempre lì.. due anni fa la mia nonnina volava in cielo 💔",116,116,24
2022-02-24 21:27:52,Ma #Insigne deve restare in campo fino a fine contratto o non sarebbe meglio se si avviasse verso Toronto? Perché non #Mertens in campo? #NapoliBarcellona,[],"['Insigne', 'Mertens', 'NapoliBarcellona']",Ma Insigne deve restare in campo fino a fine contratto o non sarebbe meglio se si avviasse verso Toronto? Perché non Mertens in campo? NapoliBarcellona,154,151,25
2022-02-24 06:56:55,"RT @fanpage: #RussiaUkraineConflict

La Russia invade l’Ucraina. Putin ha dato l’ordine d’attacco, missili su Kiev. Scoppia la #Guerra http…",['fanpage'],"['RussiaUkraineConflict', 'Guerra']"," RussiaUkraineConflict La Russia invade l’Ucraina. Putin ha dato l’ordine d’attacco, missili su Kiev. Scoppia la Guerra http…",140,125,17
2022-02-25 07:56:51,"RT @Soleilandia: Sonia: ""Miriana non ti mettere a piagnucolare perché mi dai fastidio.
Hai una voce piagnucolosa terribile""

SONIA IO TI AM…",['Soleilandia'],[]," Sonia: ""Miriana non ti mettere a piagnucolare perché mi dai fastidio. Hai una voce piagnucolosa terribile"" SONIA IO TI AM…",140,123,20
2022-02-24 17:22:50,"RT @Epnoveotto: “Se proveranno a portarci via il nostro paese, la nostra libertà, le nostre vite, le vite dei nostri figli, noi ci difender…",['Epnoveotto'],[]," “Se proveranno a portarci via il nostro paese, la nostra libertà, le nostre vite, le vite dei nostri figli, noi ci difender…",140,125,22
2022-02-23 22:59:25,"Mezzana contro Schilirò: ""Lei doveva far rispettare le regole, mi ha creato sfiducia nelle ... https://t.co/pufspl9KAZ",[],[],"Mezzana contro Schilirò: ""Lei doveva far rispettare le regole, mi ha creato sfiducia nelle ...",118,94,15
2022-02-23 21:56:31,"@NinaStratulat @LucianoCesarett ""La misto"" non è proprio ""di cortesia"" Direi proprio ""falso"" 😉 Orcum Becali stie bine ce sa intempla in lume","['NinaStratulat', 'LucianoCesarett']",[],"""La misto"" non è proprio ""di cortesia"" Direi proprio ""falso"" 😉 Orcum Becali stie bine ce sa intempla in lume",140,108,20
2022-02-23 19:00:47,@alessiomagno1 @gattopardopievi Pare il film di De Crescenzo 😂😂,"['alessiomagno1', 'gattopardopievi']",[],Pare il film di De Crescenzo 😂😂,63,31,7
2022-02-24 07:55:22,@repubblica Il calcio è di Doveri e Banti al VAR.......,['repubblica'],[],Il calcio è di Doveri e Banti al VAR.......,55,43,9
2022-02-24 00:37:34,"RT @elisaareb: Chanel                        già lo sapete
#amici21 https://t.co/zISLh7IXnI",['elisaareb'],['amici21'], Chanel già lo sapete amici21,91,29,5
2022-02-24 20:31:02,"Giulia, Angela e Gianluca",[],[],"Giulia, Angela e Gianluca",25,25,4
2022-02-23 16:30:01,"@Radio1Rai Magari invade anche l’Italia, sperare non costa nulla.",['Radio1Rai'],[],"Magari invade anche l’Italia, sperare non costa nulla.",65,54,8
2022-02-24 13:28:52,non per dire ma l’esercito russo sta prendendo calci in culo,[],[],non per dire ma l’esercito russo sta prendendo calci in culo,60,60,11
2022-02-24 17:07:35,@Berze38237686 Zoccoleil dorme quasi tutto il giorno perché è bullimica...se non dorme mangia in continuazione e vomita come prima..Sappiamo che senza distruggere non può stare...con Ale non può fare la cretina perché´ancora le fa male il calcio che Ale le diede...per cui ci prova con B @gfvip,"['Berze38237686', 'Gfvip']",[],Zoccoleil dorme quasi tutto il giorno perché è bullimica...se non dorme mangia in continuazione e vomita come prima..Sappiamo che senza distruggere non può stare...con Ale non può fare la cretina perché´ancora le fa male il calcio che Ale le diede...per cui ci prova con B,294,272,45
2022-02-24 18:09:38,Non iniziate pure voi a reggiadicasertare che ha smesso di fare ridere tre mesi fa,[],[],Non iniziate pure voi a reggiadicasertare che ha smesso di fare ridere tre mesi fa,82,82,15
2022-02-24 06:18:29,"RT @Duchessaclaris1: #Guerra
#Putin
#PutinsWar
#RussiaUcraina
Passare dalla mascherina chirurgica a quella antigas è stato un attimo https:…",['Duchessaclaris1'],"['Guerra', 'Putin', 'PutinsWar', 'RussiaUcraina']", Guerra Putin PutinsWar RussiaUcraina Passare dalla mascherina chirurgica a quella antigas è stato un attimo https:…,140,116,16
2022-02-24 11:08:11,"RT @siamonoitv2000: #RussiaUcraina speciale #SiamoNoi 
#24febbraio alle 15.15 in diretta su @TV2000it #canale28 digitale terrestre e 157 Sk…","['siamonoitv2000', 'TV2000it']","['RussiaUcraina', 'SiamoNoi', '24febbraio', 'canale28']", RussiaUcraina speciale SiamoNoi 24febbraio alle 15.15 in diretta su canale28 digitale terrestre e 157 Sk…,140,106,15
2022-02-23 21:19:11,"RT @MariannaCardini: Facciamogli sentire il nostro affetto 

#CanYamanLoveYou",['MariannaCardini'],['CanYamanLoveYou'], Facciamogli sentire il nostro affetto CanYamanLoveYou,77,54,6
2022-02-24 22:54:57,@fabius10scudi @philo_renzo @sregolatore @vacca_fra Perché chiede di pregare per qualcosa che non si capisce cosa sia,"['fabius10scudi', 'philo_renzo', 'sregolatore', 'vacca_fra']",[],Perché chiede di pregare per qualcosa che non si capisce cosa sia,117,65,12
2022-02-24 23:35:17,cos’ha detto quell’incompetente,[],[],cos’ha detto quell’incompetente,31,31,3
2022-02-25 00:25:17,"RT @MauroGiubileo: Sarò brutale fino al dolore. È bruttissimo da dire, ma continuare a buttare polvere su polvere sotto al tappeto porterà…",['MauroGiubileo'],[]," Sarò brutale fino al dolore. È bruttissimo da dire, ma continuare a buttare polvere su polvere sotto al tappeto porterà…",139,121,20
2022-02-23 16:30:55,@ScuderiaFerrari @Carlossainz55 OKOK mi sto iniziando a gasare molto… forse troppo! Devo stare CALMA 😂❤️‍🔥,"['ScuderiaFerrari', 'Carlossainz55']",[],OKOK mi sto iniziando a gasare molto… forse troppo! Devo stare CALMA 😂❤️‍🔥,106,74,13
2022-02-24 20:11:34,"RT @isentinelli: ""Sono scioccato e molto triste per quello che sta accadendo in Ucraina. Per questo ho deciso che non parteciperò al prossi…",['isentinelli'],[]," ""Sono scioccato e molto triste per quello che sta accadendo in Ucraina. Per questo ho deciso che non parteciperò al prossi…",140,124,21
2022-02-24 17:12:42,"@MenegazziMarina @AleksL74 Si sbaglia a pensare che dietro ci siano gli USA. I complimenti hanno già parlato sulla cosa e sembrerebbe che i fatti seguano,per ora, le loro previsioni.","['MenegazziMarina', 'AleksL74']",[],"Si sbaglia a pensare che dietro ci siano gli USA. I complimenti hanno già parlato sulla cosa e sembrerebbe che i fatti seguano,per ora, le loro previsioni.",182,155,27
2022-02-24 18:33:43,Cara Giorgia... Informati bene prima di parlare...,[],[],Cara Giorgia... Informati bene prima di parlare...,50,50,7
2022-02-23 17:56:45,#gfvip come mai la grande amica non si è presa Katia con lei alla radio e non mandarla con miriana con cui non ha rapporto. A questa non frega un cazzo di nessuna perché le persone le usa e basta.,[],['gfvip'],gfvip come mai la grande amica non si è presa Katia con lei alla radio e non mandarla con miriana con cui non ha rapporto. A questa non frega un cazzo di nessuna perché le persone le usa e basta.,196,195,40
2022-02-25 03:46:21,RT @RosalbaGullott1: Siamo stati noi a non volerti anzi sei stata già tanto perché eri sempre immune grazie al contratto stipulato serpe #G…,['RosalbaGullott1'],[], Siamo stati noi a non volerti anzi sei stata già tanto perché eri sempre immune grazie al contratto stipulato serpe G…,140,119,21
2022-02-23 20:20:24,Passo sempre io per la stronza senza sentimenti,[],[],Passo sempre io per la stronza senza sentimenti,47,47,8
2022-02-24 22:24:04,"RT @parallelecinico: Quando, da eroe, esci a giocare con -15, ma il destino si accanisce contro di te.

https://t.co/duJZiSItCz",['parallelecinico'],[]," Quando, da eroe, esci a giocare con -15, ma il destino si accanisce contro di te.",127,82,16
2022-02-24 21:57:24,"@Ciroesp87727084 @AnnaMariaDeFalc E che la Nato non vada a minacciare nessuno. Non ha ragione di esistere, oppure torni ad essere un sistema difensivo in caso di minacce nemiche. https://t.co/FjX6GW7RgR","['Ciroesp87727084', 'AnnaMariaDeFalc']",[],"E che la Nato non vada a minacciare nessuno. Non ha ragione di esistere, oppure torni ad essere un sistema difensivo in caso di minacce nemiche.",202,144,26
2022-02-24 21:46:37,"@Drittorovescio_ BUGIARDI, BUGIARDI, BUGIARDI!!! A questi qui...VOI LI PAGATE per far dire ste caxxate!

In Ukraina stanno in guerra da OTTO ANNI, dal GENOCIDIO DI ODESSA!

BUGIARDI!!!

Putin li sta LIBERANDO!

FATE VEDERE LA VERITÀ!

VOI NON SIETE GIORNALISTI, SIETE SERVI AL SOLDO DEL POTERE!",['Drittorovescio_'],[],"BUGIARDI, BUGIARDI, BUGIARDI!!! A questi qui...VOI LI PAGATE per far dire ste caxxate! In Ukraina stanno in guerra da OTTO ANNI, dal GENOCIDIO DI ODESSA! BUGIARDI!!! Putin li sta LIBERANDO! FATE VEDERE LA VERITÀ! VOI NON SIETE GIORNALISTI, SIETE SERVI AL SOLDO DEL POTERE!",294,272,44
2022-02-24 14:19:20,"RT @lucianocapone: “Quando la crisi ucraina è esplosa, abbiamo capito che era stata indotta da Ue e Usa. A Kiev c'è stato un golpe per port…",['lucianocapone'],[]," “Quando la crisi ucraina è esplosa, abbiamo capito che era stata indotta da Ue e Usa. A Kiev c'è stato un golpe per port…",140,122,24
2022-02-23 22:50:34,ditto,[],[],ditto,5,5,1
2022-02-23 22:05:38,@_getting_older_ Anch'io,['_getting_older_'],[],Anch'io,24,7,1
2022-02-23 18:42:57,"RT @Cartabellotta: 50 mila nuovi casi al giorno, tasso positività tamponi al 10% e quasi 1,3 milioni di casi attualmente positivi.
Guardare…",['Cartabellotta'],[]," 50 mila nuovi casi al giorno, tasso positività tamponi al 10% e quasi 1,3 milioni di casi attualmente positivi. Guardare…",140,122,20
2022-02-24 14:30:33,RT @OndeFunky: In queste giornate ho sempre pensieri di gratitudine per i colleghi dell'intrattenimento che ci aiutano a spostare lo sguard…,['OndeFunky'],[], In queste giornate ho sempre pensieri di gratitudine per i colleghi dell'intrattenimento che ci aiutano a spostare lo sguard…,140,126,19
2022-02-24 06:38:19,"RT @Pontifex_it: I giovani devono dialogare con gli anziani, e gli #anziani con i giovani. E questo ponte sarà la trasmissione della saggez…",['Pontifex_it'],['anziani']," I giovani devono dialogare con gli anziani, e gli anziani con i giovani. E questo ponte sarà la trasmissione della saggez…",140,123,21
2022-02-24 19:36:41,"RT @Ecatetriformis: Non avete NESSUNA credibilità
Avete chiuso gli occhi su 14mila morti ucraini ma russofoni nel #Donbass per 8 anni. OTTO…",['Ecatetriformis'],['Donbass'], Non avete NESSUNA credibilità Avete chiuso gli occhi su 14mila morti ucraini ma russofoni nel Donbass per 8 anni. OTTO…,140,120,20
2022-02-23 23:10:02,@mariafalsetta Non credo che succederà tutto ciò. Poi 12 punti da azzeccare manco Nostradamus😂,['mariafalsetta'],[],Non credo che succederà tutto ciò. Poi 12 punti da azzeccare manco Nostradamus😂,94,79,13
2022-02-23 20:15:42,Vorrei essere un grillo. Per poter  girare indisturbato in Ucraina e Russia. Di questi tempi ci sono in quel paese il più alto numero di spie e controspie del mondo. Di tutti gli stati. In associazione con tutte le mafie del mondo. Ognuno che vigilia i propri interessi. Che,[],[],Vorrei essere un grillo. Per poter girare indisturbato in Ucraina e Russia. Di questi tempi ci sono in quel paese il più alto numero di spie e controspie del mondo. Di tutti gli stati. In associazione con tutte le mafie del mondo. Ognuno che vigilia i propri interessi. Che,274,273,49
2022-02-25 00:15:39,Ma cazzo è sto fuori 😂 ho taggato il Grande Fratello al posto di Red Bull 😂,[],[],Ma cazzo è sto fuori 😂 ho taggato il Grande Fratello al posto di Red Bull 😂,75,75,17
2022-02-23 20:06:13,@manchesenzoscus @dirlba STA PER FARLO,"['manchesenzoscus', 'dirlba']",[],STA PER FARLO,38,13,3
2022-02-25 01:32:31,RT @_comethru__: a me fa morire il modo in cui Barù e Dave sanno il devasto che può scatenare Jess se si incazza sul serio e quindi cercano…,['_comethru__'],[], a me fa morire il modo in cui Barù e Dave sanno il devasto che può scatenare Jess se si incazza sul serio e quindi cercano…,140,124,26
2022-02-23 19:44:18,"RT @ivanka_Mra: Io vedo che Jes ci sta credendo molto a sta cosa di stanotte del dormire insieme...
Speriamo in nessuna freddura 🧿🧿🧿🧿 #jerù",['ivanka_Mra'],['jerù'], Io vedo che Jes ci sta credendo molto a sta cosa di stanotte del dormire insieme... Speriamo in nessuna freddura 🧿🧿🧿🧿 jerù,139,123,22
2022-02-23 20:37:10,IoMeChiaMoRomArTuNo xd,[],[],IoMeChiaMoRomArTuNo xd,22,22,2
2022-02-24 03:14:06,04:09 #A3 Traffico da Barriera Di Napoli Sud-Barra a Ponticelli.Velocità:11Km/h,[],['A3'],04:09 A3 Traffico da Barriera Di Napoli Sud-Barra a Ponticelli.Velocità:11Km/h,79,78,10
2022-02-24 21:52:40,"@stefaniaconti @FranceskoNew Dai, bacino cinquanta di consolazione 🤭😁 https://t.co/Z0WBnun0Ps","['stefaniaconti', 'FranceskoNew']",[],"Dai, bacino cinquanta di consolazione 🤭😁",93,40,6
2022-02-24 04:02:32,@Octa336699 dale que so vo💪🏽💪🏽,['Octa336699'],[],dale que so vo💪🏽💪🏽,30,18,4
2022-02-24 18:34:03,"Non avete alcuna speranza di vincere. Risparmiate il popolo ed i civili da un massacro. Siete stati ingannati. Servite un traditore a sua insaputa, nemmeno è cosciente di quello che fa. Totalmente inesperto vi indirizzerà verso un massacro.",[],[],"Non avete alcuna speranza di vincere. Risparmiate il popolo ed i civili da un massacro. Siete stati ingannati. Servite un traditore a sua insaputa, nemmeno è cosciente di quello che fa. Totalmente inesperto vi indirizzerà verso un massacro.",240,240,38
2022-02-24 06:55:53,@0NL1THEBRAVE @_fuckinavocados il bello di vivere un Sardegna,"['0NL1THEBRAVE', '_fuckinavocados']",[],il bello di vivere un Sardegna,61,30,6
2022-02-24 21:45:27,RT @afcnaju: ARSENAL. ISSO É ARSENAL,['afcnaju'],[], ARSENAL. ISSO É ARSENAL,36,24,4
2022-02-23 20:48:01,"RT @stardmgvnm: Ci rendiamo conto che abbiamo sentito interagire nicolà e damiano QUI su twitter, in uno spazio, con le loro voci no perche…",['stardmgvnm'],[]," Ci rendiamo conto che abbiamo sentito interagire nicolà e damiano QUI su twitter, in uno spazio, con le loro voci no perche…",140,125,22
2022-02-24 11:23:29,"@Michela29569388 Eh si adesso ce l’hanno tutti nel mirino. Per proteggere la povera Jess e la coppia fake.
Ma lo schifo più grande é il voltafaccia di Miriana.",['Michela29569388'],[],Eh si adesso ce l’hanno tutti nel mirino. Per proteggere la povera Jess e la coppia fake. Ma lo schifo più grande é il voltafaccia di Miriana.,159,142,27
2022-02-25 06:36:51,"@Corriere Alla Russia vendiamo il lusso, il made in Italy, la meccanica di precisione, il biomedicale. Cinesi?",['Corriere'],[],"Alla Russia vendiamo il lusso, il made in Italy, la meccanica di precisione, il biomedicale. Cinesi?",110,100,16
2022-02-24 08:52:34,"@redazioneiene forse se andate fuori dal Senato per raccontare le porcate che stanno facendo sarebbe meglio
Ma meglio preoccuparsi dei morti",['redazioneiene'],[],forse se andate fuori dal Senato per raccontare le porcate che stanno facendo sarebbe meglio Ma meglio preoccuparsi dei morti,140,125,20
2022-02-24 14:18:37,"RT @RaffaelePizzati: Roma 23 Febbraio 2022.
Grande lezione di dignità non solo politica, da parte dei 2 consiglieri comunali di @ItaliaViva…",['RaffaelePizzati'],[]," Roma 23 Febbraio 2022. Grande lezione di dignità non solo politica, da parte dei 2 consiglieri comunali di …",140,109,19
2022-02-24 13:57:32,RT @MauricioRicardo: Hahahahaha. Recebi no WhatsApp. Manda pra sua tia. https://t.co/sPKCtQGX4e,['MauricioRicardo'],[], Hahahahaha. Recebi no WhatsApp. Manda pra sua tia.,95,51,8
2022-02-24 09:13:12,mano,[],[],mano,4,4,1
2022-02-24 23:36:58,RT @velisaaaav: ricordiamo che nancy è una bimba di mattia. #AMICI21 https://t.co/A6LaXVJIG8,['velisaaaav'],['AMICI21'], ricordiamo che nancy è una bimba di mattia. AMICI21,92,52,9
2022-02-24 10:38:16,@TareqMelouD3 @MartiniLuca3 @simona07436969 @ketty25299 @EuropaLeague @FCPorto @OfficialSSLazio La partita è alle 18:45,"['TareqMelouD3', 'MartiniLuca3', 'simona07436969', 'ketty25299', 'EuropaLeague', 'FCPorto', 'OfficialSSLazio']",[],La partita è alle 18:45,119,23,5
2022-02-25 01:56:00,RT @unagiaslifes: E LA SECONDA CONFERMA? QUESTO NON LO MOSTRERETE? #gfvip #jeru @GrandeFratello https://t.co/PUol8sSAh0,"['unagiaslifes', 'GrandeFratello']","['gfvip', 'jeru']", E LA SECONDA CONFERMA? QUESTO NON LO MOSTRERETE? gfvip jeru,119,60,10
2022-02-24 12:04:12,"Oggi ho una sensazione di tristezza mista a malinconia, con una forte presa di coscienza. Siamo così in bilico, così caduchi, tanto da avere sempre più voglia di tenere stretto chi conta ed eliminare tutto ciò che è superfluo... perché la vita scivola dalle mani velocemente.",[],[],"Oggi ho una sensazione di tristezza mista a malinconia, con una forte presa di coscienza. Siamo così in bilico, così caduchi, tanto da avere sempre più voglia di tenere stretto chi conta ed eliminare tutto ciò che è superfluo... perché la vita scivola dalle mani velocemente.",275,275,46
2022-02-23 19:01:41,"RT @bitchinerica: normalizziamo piangere per la rabbia, grazie",['bitchinerica'],[]," normalizziamo piangere per la rabbia, grazie",62,45,6
2022-02-23 21:55:12,"RT @thecraz26294298: Ti mandero un bacio con il vento e so che lo sentirai ti volterai senza vedermi ma io saro li 
#CanYamanLoveYou",['thecraz26294298'],['CanYamanLoveYou'], Ti mandero un bacio con il vento e so che lo sentirai ti volterai senza vedermi ma io saro li CanYamanLoveYou,132,110,21
2022-02-24 13:39:05,"RT @dariofrance: Questa sera il #Colosseo sarà illuminato di giallo a blu, i colori della bandiera dell’#Ucraina. https://t.co/WCeyVSp8HO",['dariofrance'],"['Colosseo', 'Ucraina']"," Questa sera il Colosseo sarà illuminato di giallo a blu, i colori della bandiera dell’Ucraina.",137,95,15
2022-02-24 20:22:43,@Aurora52521462 quando vuoi chiacchierare ci sono🥺🖤,['Aurora52521462'],[],quando vuoi chiacchierare ci sono🥺🖤,51,35,5
2022-02-24 11:40:49,@misuzu_fushi Avessi i soldi te la prenderei io direttamente 😂,['misuzu_fushi'],[],Avessi i soldi te la prenderei io direttamente 😂,62,48,9
2022-02-23 20:32:00,mi sento il terzo incomodo https://t.co/Ek0EMck7G8,[],[],mi sento il terzo incomodo,50,26,5
2022-02-23 18:26:03,"@straneuropa @LaStampa il DDL Zan non è passato, puo' anche levare la terza è inutile come è giusto che sia","['straneuropa', 'LaStampa']",[],"il DDL Zan non è passato, puo' anche levare la terza è inutile come è giusto che sia",107,84,18
2022-02-25 00:02:19,"RT @ppiersante: Ci pensate se Salvini-Savoini avessero quagliato i 60 mln di € all’Hotel Metropole a Mosca? Ci mancò un pelo.
Visto il volt…",['ppiersante'],[], Ci pensate se Salvini-Savoini avessero quagliato i 60 mln di € all’Hotel Metropole a Mosca? Ci mancò un pelo. Visto il volt…,140,125,22
2022-02-24 19:31:27,@ManekiStra Perlomeno i coatti sono nostrani,['ManekiStra'],[],Perlomeno i coatti sono nostrani,44,32,5
2022-02-23 21:20:01,Torino-Savona chiusa per un incendio all’altezza di Ceva https://t.co/bwPgnj2cSJ https://t.co/QcaUmeal7Y,[],[],Torino-Savona chiusa per un incendio all’altezza di Ceva,104,56,8
2022-02-24 16:55:32,"@stebaraz @ciorancore Aspetta che la gente legge il testo di ""Tropicana yeah""","['stebaraz', 'ciorancore']",[],"Aspetta che la gente legge il testo di ""Tropicana yeah""",77,55,10
2022-02-24 16:59:07,@FangusAngus Ottimo. Tra non molto mi sparo il lesso con lingua e cotechino e per stare leggero insalatina.,['FangusAngus'],[],Ottimo. Tra non molto mi sparo il lesso con lingua e cotechino e per stare leggero insalatina.,107,94,17
2022-02-25 07:57:56,@RoshRodri_ Ormai mettono bocca tutti.. e gli viene data risonanza inutile.,['RoshRodri_'],[],Ormai mettono bocca tutti.. e gli viene data risonanza inutile.,75,63,10
2022-02-24 03:33:32,E agora giovani,[],[],E agora giovani,15,15,3
2022-02-24 18:52:20,WTF HAHAHAHAHHAAHAHAHAHAHHAHAHA,[],[],WTF HAHAHAHAHHAAHAHAHAHAHHAHAHA,31,31,2
2022-02-24 18:44:24,"hai, evanna!",[],[],"hai, evanna!",12,12,2
2022-02-24 17:27:34,"@flayawa E' il vaccino che serve a far accettare agli inoculati tutto quello che accadrà. Chi non ha accettato di sottomettersi al vaccino e farsi imbrigliare e calvalcare come un animale, non potrà mai accettare quello che accadrà. Mi dispiace solo per quelli che sono stati costretti.",['flayawa'],[],"E' il vaccino che serve a far accettare agli inoculati tutto quello che accadrà. Chi non ha accettato di sottomettersi al vaccino e farsi imbrigliare e calvalcare come un animale, non potrà mai accettare quello che accadrà. Mi dispiace solo per quelli che sono stati costretti.",286,277,46
2022-02-24 17:47:21,"189 voti favorevoli, 44 contrari. Sì dell'Aula alle misure urgenti per fronteggiare l'emergenza #Covid19, in particolare nei luoghi di #lavoro, nelle #scuole e negli istituti della #formazione superiore. Il decreto prevede l'obbligo vaccinale per gli over 50 #OpenCamera https://t.co/CeyyduuvYf",[],"['Covid19', 'lavoro', 'scuole', 'formazione', 'OpenCamera']","189 voti favorevoli, 44 contrari. Sì dell'Aula alle misure urgenti per fronteggiare l'emergenza Covid19, in particolare nei luoghi di lavoro, nelle scuole e negli istituti della formazione superiore. Il decreto prevede l'obbligo vaccinale per gli over 50 OpenCamera",294,265,38
2022-02-24 19:33:18,RT @lisa__lisah: @interxlauti Non arrivi all’1.50,"['lisa__lisah', 'interxlauti']",[], Non arrivi all’1.50,49,20,3
2022-02-24 16:14:20,@teumechan hai beh,['teumechan'],[],hai beh,18,7,2
2022-02-23 17:02:25,ma perché la bresaola al sud costa così tanto,[],[],ma perché la bresaola al sud costa così tanto,45,45,9
2022-02-24 12:04:51,"RT @alessiaienco76: Il settore turistico italiano del #lusso risentirà dell'assenza dei russi con le tasche piene...
#lariachetira",['alessiaienco76'],"['lusso', 'lariachetira']", Il settore turistico italiano del lusso risentirà dell'assenza dei russi con le tasche piene... lariachetira,130,109,15
2022-02-24 08:33:34,"@FrcCrivelli @SMaurizi @cepa @jacopo_iacoboni Vedo giornali che prendono finanziamenti per l'editoria che denunciano un ""prestito"" che Seif dovrà ripagare.","['FrcCrivelli', 'SMaurizi', 'cepa', 'jacopo_iacoboni']",[],"Vedo giornali che prendono finanziamenti per l'editoria che denunciano un ""prestito"" che Seif dovrà ripagare.",155,109,15
2022-02-25 00:05:40,@pluviophiille A jersey escrito giovanna é linda em,['pluviophiille'],[],A jersey escrito giovanna é linda em,51,36,7
2022-02-23 20:27:46,"RT @_dani_ta_6: #CanYamanLoveYou
So solo che non potrà mai finire
Mai, ovunque tu sarai
Ovunque io sarò
Non smetteremo mai
Se questo è amor…",['_dani_ta_6'],['CanYamanLoveYou']," CanYamanLoveYou So solo che non potrà mai finire Mai, ovunque tu sarai Ovunque io sarò Non smetteremo mai Se questo è amor…",140,124,22
2022-02-24 23:35:03,@rsievlgs @v3ntiladores do inferno ne,"['rsievlgs', 'v3ntiladores']",[],do inferno ne,37,13,3
2022-02-24 20:33:43,"@lxcreziaa hai parlato di vivere una gioventù normale e penso che l'unica cosa (per ora) che influisca negativamente su questo è il covid.
Se poi ti crea ansia pensare che tra 263 anni Venezia andrà sott'acqua o gli orsi polari andranno estinti non so cosa farci",['lxcreziaa'],[],hai parlato di vivere una gioventù normale e penso che l'unica cosa (per ora) che influisca negativamente su questo è il covid. Se poi ti crea ansia pensare che tra 263 anni Venezia andrà sott'acqua o gli orsi polari andranno estinti non so cosa farci,262,251,45
2022-02-24 14:26:54,@mkkprinceharry In sostanza le opzioni sono: cercare di fermarlo e beccarsi delle bombe nucleari oppure fargli fare quello che vuole e vederlo conquistare mezzo mondo,['mkkprinceharry'],[],In sostanza le opzioni sono: cercare di fermarlo e beccarsi delle bombe nucleari oppure fargli fare quello che vuole e vederlo conquistare mezzo mondo,166,150,24
2022-02-24 12:16:35,"@boni_castellane Orlando, 16/9/21: 

“…ci fermiamo prima dell’obbligo sapendo che comporterebbe una vera polarizzazione delle forze in campo” 

“La sospensione non deve pregiudicare il posto di lavoro e quando sarà finita l’emergenza si azzererà questo meccanismo”.. https://t.co/0RdX8hKL1c",['boni_castellane'],[],"Orlando, 16/9/21: “…ci fermiamo prima dell’obbligo sapendo che comporterebbe una vera polarizzazione delle forze in campo” “La sospensione non deve pregiudicare il posto di lavoro e quando sarà finita l’emergenza si azzererà questo meccanismo”..",290,245,34
2022-02-24 16:04:03,"@UfficioStampaBI Ue irresponsabile incapace di diplomazia!

https://t.co/ImmLARmi1Z",['UfficioStampaBI'],[],Ue irresponsabile incapace di diplomazia!,83,41,5
2022-02-24 07:13:16,"RT @lorenzolume: l'anziana ha sporcato il pannolone. Chiama l'infermiera e questa dice ""ma non è l'orario per cambiare i pannaloni!"".
Mia m…",['lorenzolume'],[]," l'anziana ha sporcato il pannolone. Chiama l'infermiera e questa dice ""ma non è l'orario per cambiare i pannaloni!"". Mia m…",140,124,20
2022-02-24 12:49:52,"ACE2ACE Togli Peli Animali Rullo Spazzola per Cani e Gatti, Animali Domestici peli Rimozione, Lint Rullo Riutilizzabile Spazzola, Rimuovi la Pelliccia su Cuccia, Tappeti, Vestiti e Divani (Rosso) 💰 7,99€ anziché 15,98€
✂️ Codice sconto: 3RVI7CJ6 https://t.co/CTOkhLxQlk",[],[],"ACE2ACE Togli Peli Animali Rullo Spazzola per Cani e Gatti, Animali Domestici peli Rimozione, Lint Rullo Riutilizzabile Spazzola, Rimuovi la Pelliccia su Cuccia, Tappeti, Vestiti e Divani (Rosso) 💰 7,99€ anziché 15,98€ ✂️ Codice sconto: 3RVI7CJ6",269,245,36
2022-02-23 22:02:30,"Domani poi ci ritroveremo sul sito del GF una loro foto in cui sono vicinissimi.

IO GIÀ LO SO
#jessvip #jerú",[],"['jessvip', 'jerú']",Domani poi ci ritroveremo sul sito del GF una loro foto in cui sono vicinissimi. IO GIÀ LO SO jessvip jerú,109,106,21
2022-02-23 23:16:02,RT @Puupi200000: Non ne posso più degli obblighi e dei divieti di questi criminali e dei loro buffoni.,['Puupi200000'],[], Non ne posso più degli obblighi e dei divieti di questi criminali e dei loro buffoni.,102,86,16
2022-02-24 21:14:58,RT @occhigreen99: “Il tuo atteggiamento è quello di sparlare” ma parlano proprio ☀️ e baby k che stamattina sparlavano mentre Miriana e Jes…,['occhigreen99'],[], “Il tuo atteggiamento è quello di sparlare” ma parlano proprio ☀️ e baby k che stamattina sparlavano mentre Miriana e Jes…,140,123,21
2022-02-24 21:35:57,"@gloquenzi peccato che alla domanda sul se le sanzioni varranno pure per i paradisi fiscali riconducibili a Uk ( Jersey,Cayman island etc) abbia glissato...",['gloquenzi'],[],"peccato che alla domanda sul se le sanzioni varranno pure per i paradisi fiscali riconducibili a Uk ( Jersey,Cayman island etc) abbia glissato...",156,145,23
2022-02-24 07:01:08,"Panini semidolci arancia e cioccolato.  Cliccate qui sotto per vedere la ricetta.
https://t.co/e3226YRBjA https://t.co/tHRC06gN0s",[],[],Panini semidolci arancia e cioccolato. Cliccate qui sotto per vedere la ricetta.,129,80,12
2022-02-25 06:25:45,"RT @BILLLIEFILES: #Billlie: Visual Fantasy

#TSUKI Solo https://t.co/DUqnmlStn8",['BILLLIEFILES'],"['Billlie', 'TSUKI']", Billlie: Visual Fantasy TSUKI Solo,79,35,5
2022-02-24 13:19:59,"RT @Palazzo_Chigi: #Ucraina, Draghi: Quanto succede in Ucraina riguarda tutti noi, il nostro vivere da liberi, le nostre democrazie",['Palazzo_Chigi'],['Ucraina']," Ucraina, Draghi: Quanto succede in Ucraina riguarda tutti noi, il nostro vivere da liberi, le nostre democrazie",131,112,17
2022-02-24 08:26:35,...situazione è chiara!!!NATO si compra politici Ucraina per farla entrare nella sua orbita senza consenso maggior parte del popolo e per piazzare missili su uscio della Russia...Putin non può accettarlo e si tutela prendendosi Ucraina...se NATO non d'accordo conquisti Russia?!🤣,[],[],...situazione è chiara!!!NATO si compra politici Ucraina per farla entrare nella sua orbita senza consenso maggior parte del popolo e per piazzare missili su uscio della Russia...Putin non può accettarlo e si tutela prendendosi Ucraina...se NATO non d'accordo conquisti Russia?!🤣,279,279,40
2022-02-23 20:57:01,RT @bohariet: Cioè ma Jessica in pigiama e Barù vestito bene ma in che senso #jerù,['bohariet'],['jerù'], Cioè ma Jessica in pigiama e Barù vestito bene ma in che senso jerù,82,68,14
2022-02-24 21:27:29,"RT @TheNews63724257: Questo lavoro è stato finanziato dalla Bill and Melinda #Gates #Foundation , dal governo dell'Estonia, dalla Fondation…",['TheNews63724257'],"['Gates', 'Foundation']"," Questo lavoro è stato finanziato dalla Bill and Melinda Gates Foundation , dal governo dell'Estonia, dalla Fondation…",140,118,17
2022-02-23 16:13:36,"RT @fattoquotidiano: “Referendum bocciati su cannabis e fine vita?"" Amato spiega le ragioni della bocciatura in tv [VIDEO]  https://t.co/TM…",['fattoquotidiano'],[]," “Referendum bocciati su cannabis e fine vita?"" Amato spiega le ragioni della bocciatura in tv [VIDEO]",140,102,16
2022-02-23 23:39:45,"@karamaz40068346 @zicolo66 Di te sappiamo bene che sei un coglione e un deficiente, torna nelle fogne nerdina","['karamaz40068346', 'zicolo66']",[],"Di te sappiamo bene che sei un coglione e un deficiente, torna nelle fogne nerdina",109,82,15
2022-02-23 18:04:26,"RT @sonocalmaa: perché a lei di cognati al di fuori di Luigi purtroppo…
#caroligi https://t.co/QjRs8uaxuY",['sonocalmaa'],['caroligi'], perché a lei di cognati al di fuori di Luigi purtroppo… caroligi,105,65,12
2022-02-24 15:30:33,RT @PBerizzi: Adesso forse vi è chiaro. Il sovranismo fascistoide di Putin e Trump e dei loro amici europei gonfi di ipocrisia era ed è un…,['PBerizzi'],[], Adesso forse vi è chiaro. Il sovranismo fascistoide di Putin e Trump e dei loro amici europei gonfi di ipocrisia era ed è un…,139,126,24
2022-02-24 22:44:00,RT @cazznesoio: Io per lei 0 dignità https://t.co/75TaoBRRZI,['cazznesoio'],[], Io per lei 0 dignità,60,21,5
2022-02-24 16:24:40,@KTGs_lilcart cdm po,['KTGs_lilcart'],[],cdm po,20,6,2
2022-02-24 23:39:31,RT @F4RFALL3: madame ha il potere di entrare in punta di piedi in qualsiasi brano e comunque riesce a travolgerti sempre tantissimo una don…,['F4RFALL3'],[], madame ha il potere di entrare in punta di piedi in qualsiasi brano e comunque riesce a travolgerti sempre tantissimo una don…,140,127,22
2022-02-24 10:52:40,@Monica09058845 Bellissimo questo😉,['Monica09058845'],[],Bellissimo questo😉,34,18,2
2022-02-23 18:03:13,@ulisesleyvazo Ver mi serie favorita #5GEnTelcel,['ulisesleyvazo'],['5GEnTelcel'],Ver mi serie favorita 5GEnTelcel,48,32,5
2022-02-24 19:23:55,"RT @paolettatrash: lulù:""io lo avevo capito già quando andava via biagio che ti diceva di crederci di più nella storia tra te e biagio,che…",['paolettatrash'],[]," lulù:""io lo avevo capito già quando andava via biagio che ti diceva di crederci di più nella storia tra te e biagio,che…",139,121,22
2022-02-24 12:45:48,RT @ilariainstabile: il problema è che io adesso vorrei un servizio su Giulia ogni settimana,['ilariainstabile'],[], il problema è che io adesso vorrei un servizio su Giulia ogni settimana,92,72,13
2022-02-24 23:10:51,@ciao1414 colpa vostra in realtà perché entro in tl e mi ritrovo i vostri tweet ahahah,['ciao1414'],[],colpa vostra in realtà perché entro in tl e mi ritrovo i vostri tweet ahahah,86,76,15
2022-02-24 13:40:47,"RT @GiovaQuez: La Slovacchia dispiega esercito al confine con Ucraina.
Intanto combattimenti a 30 km dalla capitale Kiev #RussiaUcraina",['GiovaQuez'],['RussiaUcraina'], La Slovacchia dispiega esercito al confine con Ucraina. Intanto combattimenti a 30 km dalla capitale Kiev RussiaUcraina,135,120,17
2022-02-24 08:06:03,"RT @0nlysil: imbarazzante il fatto che nel 2022 una persona possa essere così spaventata per i propri familiari, che schifo 🙏

 #RussiaUkra…",['0nlysil'],[]," imbarazzante il fatto che nel 2022 una persona possa essere così spaventata per i propri familiari, che schifo 🙏 RussiaUkra…",140,125,20
2022-02-25 07:49:07,RT @LUCA030580: C'è #unaVoce dentro che grida sempre #FinoAllaFine.,['LUCA030580'],"['unaVoce', 'FinoAllaFine']", C'è unaVoce dentro che grida sempre FinoAllaFine.,67,50,7
2022-02-24 19:05:01,@pierspollon nemmeno noi Pier 💔,['pierspollon'],[],nemmeno noi Pier 💔,31,18,4
2022-02-23 20:17:21,"RT @vocidistratte: ma il modo in cui l’ha presa 🚶🏻‍♀️

#solphie #gfvip https://t.co/9rqYXdFpSA",['vocidistratte'],"['solphie', 'gfvip']", ma il modo in cui l’ha presa 🚶🏻‍♀️ solphie gfvip,94,49,10
2022-02-24 22:01:47,"Dietro le frasi di finto perbenismo di Signorini si nasconde una piccola Ricciarelli che ""canticchia"" solo cattiverie.

#GFVip",[],['GFVip'],"Dietro le frasi di finto perbenismo di Signorini si nasconde una piccola Ricciarelli che ""canticchia"" solo cattiverie. GFVip",126,124,18
2022-02-24 22:23:20,"RT @marymonella1: Stanno cercando di nascondere una MOSTRUOSA protesta degli autotrasportatori, che sta fermando l’intero sud Italia.

Il #…",['marymonella1'],[]," Stanno cercando di nascondere una MOSTRUOSA protesta degli autotrasportatori, che sta fermando l’intero sud Italia. Il #…",140,122,17
2022-02-23 19:03:53,RT @gatosdofut11: E essa perna do Pablo Mari? 🤤 https://t.co/IkbM6FF4bN,['gatosdofut11'],[], E essa perna do Pablo Mari? 🤤,71,30,7
2022-02-24 16:20:26,"In verde i tre punti dove entrano i grandi gasdotti

Chart tks @agambella https://t.co/NkV1RmHnEq",['agambella'],[],In verde i tre punti dove entrano i grandi gasdotti Chart tks,97,61,12
2022-02-25 04:06:32,E quando lei lo aprirà e ci sarà scritto “ti vuoi mettere con me? SI SÌ o SI?  Then what?! 😂😂😂#jeru,[],['jeru'],E quando lei lo aprirà e ci sarà scritto “ti vuoi mettere con me? SI SÌ o SI? Then what?! 😂😂😂jeru,99,97,21
2022-02-24 21:01:14,@swaggysunwo no ma il danno è fatto,['swaggysunwo'],[],no ma il danno è fatto,35,22,6
2022-02-24 10:32:23,traditori e collaborazionisti,[],[],traditori e collaborazionisti,29,29,3
2022-02-23 20:40:21,RT @xattorneyx: Damiano che minaccia Nicolas di entrare nello space #gavetta https://t.co/Shrf6CIHtD,['xattorneyx'],['gavetta'], Damiano che minaccia Nicolas di entrare nello space gavetta,100,60,9
2022-02-24 20:00:13,"Curiosissima di scoprire chi è che, stasera da Amadeus, fa podcast di letteratura, non ho visto l'inizio quindi non saprei riconoscere nessun*. Magari è la ragazza di Terracina.",[],[],"Curiosissima di scoprire chi è che, stasera da Amadeus, fa podcast di letteratura, non ho visto l'inizio quindi non saprei riconoscere nessun*. Magari è la ragazza di Terracina.",177,177,28
2022-02-24 16:20:13,RT @539th: Le diagnosi sono circa 2200 meno dell'atteso e penso che si arriverà non oltre 45mila https://t.co/nBGDGdlo6Y,['539th'],[], Le diagnosi sono circa 2200 meno dell'atteso e penso che si arriverà non oltre 45mila,120,86,15
2022-02-24 19:54:50,"Mi auguro che questa guerra finisca quanto prima
Non vorrei facesse la fine del Covid ,doveva essere per qualche mese e invece sono passati 2 anni...
#guerra",[],['guerra'],"Mi auguro che questa guerra finisca quanto prima Non vorrei facesse la fine del Covid ,doveva essere per qualche mese e invece sono passati 2 anni... guerra",157,156,27
2022-02-24 17:09:37,ADORAZIONE EUCARISTICA PER LA PACE IN UCRAINA - STASERA in ogni Parrocchia si celebri la Santa Messa usando il formulario “per la pace” - https://t.co/tb2Iu6tKs1 https://t.co/2Ka4qLbhrD,[],[],ADORAZIONE EUCARISTICA PER LA PACE IN UCRAINA - STASERA in ogni Parrocchia si celebri la Santa Messa usando il formulario “per la pace” -,185,137,24
2022-02-23 23:06:23,"@redazioneiene @a_monteleone @marcoocchipintj Un ❤️ per tutti i ""fratm ingiustamente carcierati""!","['redazioneiene', 'a_monteleone', 'marcoocchipintj']",[],"Un ❤️ per tutti i ""fratm ingiustamente carcierati""!",97,51,8
2022-02-24 20:20:55,RT @ItalianPolitics: Aggiornamento #Ucraina/5. Poco fa fonti militari riferiscono che truppe ucraine lealiste avrebbero riconquistato l'imp…,['ItalianPolitics'],['Ucraina'], Aggiornamento Ucraina/5. Poco fa fonti militari riferiscono che truppe ucraine lealiste avrebbero riconquistato l'imp…,140,119,14
2022-02-24 22:44:26,"La casa più spiata d'Italia 😂😂😂
#jeru #GFvip #jessvip https://t.co/Pb2iSXxfL9",[],"['jeru', 'GFvip', 'jessvip']",La casa più spiata d'Italia 😂😂😂 jeru GFvip jessvip,77,50,9
2022-02-24 22:52:06,Il mio gatto è il mio soulmate https://t.co/U46QcjLI4F,[],[],Il mio gatto è il mio soulmate,54,30,7
2022-02-24 10:39:58,"Ucraina: generale Tricarico, situazione è sfuggita di mano https://t.co/PCTAycjZSM",[],[],"Ucraina: generale Tricarico, situazione è sfuggita di mano",82,58,8
2022-02-24 11:52:50,@nevrastenicagds a me mette ansia perché mi sembrano sempre arrabbiati quando lo usano per intero ( anche qui quando dite ‘hecate’ . ),['nevrastenicagds'],[],a me mette ansia perché mi sembrano sempre arrabbiati quando lo usano per intero ( anche qui quando dite ‘hecate’ . ),134,117,22
2022-02-25 00:52:10,@sxjeru Chi l ha detto,['sxjeru'],[],Chi l ha detto,22,14,4
2022-02-24 23:43:13,ano ni.. uhhh simp era,[],[],ano ni.. uhhh simp era,22,22,5
2022-02-23 21:52:25,@JacquesD10_ @OhhMyreal @__pierpbusio__ @emahincredibile @chichigalIon @ACMelio ci ha giocato il miglior esterno della storia francese rovinato dal suo club attuale,"['JacquesD10_', 'OhhMyreal', '__pierpbusio__', 'emahincredibile', 'chichigalIon', 'ACMelio']",[],ci ha giocato il miglior esterno della storia francese rovinato dal suo club attuale,164,84,14
2022-02-23 17:25:13,"Un giornalista non si valuta per il numero di lingue parlate, altrimenti sarebbe solo un interprete.",[],[],"Un giornalista non si valuta per il numero di lingue parlate, altrimenti sarebbe solo un interprete.",100,100,16
2022-02-24 23:18:50,"@13taylor_aswift @1ST0LKS uhulll, te amoooo","['13taylor_aswift', '1ST0LKS']",[],"uhulll, te amoooo",43,17,3
2022-02-24 22:14:32,@AndreaLompio53 Che uomo orribile.,['AndreaLompio53'],[],Che uomo orribile.,34,18,3
2022-02-23 22:00:38,Hahai!,[],[],Hahai!,6,6,1
2022-02-24 05:14:18,"RT @StefaniaGerini: Sto aspettando perennemente e per sempre una rinascita di meraviglia.

Lawrence Ferlinghetti",['StefaniaGerini'],[], Sto aspettando perennemente e per sempre una rinascita di meraviglia. Lawrence Ferlinghetti,112,92,12
2022-02-24 06:24:19,RT @niccerr: @ornella_minafra Anche a te carissima Ornella,"['niccerr', 'ornella_minafra']",[], Anche a te carissima Ornella,58,29,5
2022-02-23 17:10:51,@zorzandooo ♥️♥️ Forza gente. Insieme ce la possiamo fare a salvare Nathaly. #GFvip,['zorzandooo'],['GFvip'],♥️♥️ Forza gente. Insieme ce la possiamo fare a salvare Nathaly. GFvip,83,70,12
2022-02-23 16:33:24,"RT @evap0ra: ""delia e nathaly non me ne frega nulla"" ME LA STO FACENDO SOTTOOOOO #jeru https://t.co/5BwFU3uXHn",['evap0ra'],['jeru']," ""delia e nathaly non me ne frega nulla"" ME LA STO FACENDO SOTTOOOOO jeru",110,73,14
2022-02-24 09:11:16,"RT @lmisculin: Proprio non ce la fa a parlare male, esplicitamente, di Putin o della Russia. È più forte di lui",['lmisculin'],[]," Proprio non ce la fa a parlare male, esplicitamente, di Putin o della Russia. È più forte di lui",111,97,19
2022-02-24 09:08:08,Quando lo voterete - perché oh si che lo farete - ricordatevi chi sono i suoi amici e cosa hanno fatto.,[],[],Quando lo voterete - perché oh si che lo farete - ricordatevi chi sono i suoi amici e cosa hanno fatto.,103,103,21
2022-02-23 20:30:28,SPOSTATEVI TUTTI. GRAZIE. https://t.co/kxBZpztiCD,[],[],SPOSTATEVI TUTTI. GRAZIE.,49,25,3
2022-02-24 15:42:10,"L'unica motivazione di questa sfida è eliminare qualcuno di scomodo, quindi scommetto Crytical e Leonardo #Amici21",[],['Amici21'],"L'unica motivazione di questa sfida è eliminare qualcuno di scomodo, quindi scommetto Crytical e Leonardo Amici21",114,113,16
2022-02-24 14:30:19,RT @AlessioNiosi: Il canale telegram #Nexta ha pubblicato un video che mostra l'uso da parte delle forze 🇺🇦 dei droni made in #Turkey #Bayr…,['AlessioNiosi'],"['Nexta', 'Turkey']", Il canale telegram Nexta ha pubblicato un video che mostra l'uso da parte delle forze 🇺🇦 dei droni made in Turkey Bayr…,140,120,22
2022-02-24 16:53:52,"@SlaveforRob Mado me lo chiedo da anni 😭😭 Ci snobba, quanto l’avranno traumatizzato le riprese di New moon in Italia?!",['SlaveforRob'],[],"Mado me lo chiedo da anni 😭😭 Ci snobba, quanto l’avranno traumatizzato le riprese di New moon in Italia?!",118,105,19
2022-02-25 07:23:46,"Sconfitta a parte, non c'è stato un solo calciatore in campo che abbia alzato la testa, abbia preso la squadra per mano scuotendola. La rassegnazione è stata peggio dei goal subiti. Ho rivisto le facce di quel giorno a Roma: impotenti. Spero di essere smentito domenica. #Napoli",[],['Napoli'],"Sconfitta a parte, non c'è stato un solo calciatore in campo che abbia alzato la testa, abbia preso la squadra per mano scuotendola. La rassegnazione è stata peggio dei goal subiti. Ho rivisto le facce di quel giorno a Roma: impotenti. Spero di essere smentito domenica. Napoli",278,277,47
2022-02-24 10:30:52,RT @galeazzobignami: Dicevano che #Trump era un pazzo che ci avrebbe portato in guerra. Ma non è accaduto. Ora che @JoeBiden in guerra ci h…,"['galeazzobignami', 'JoeBiden']",['Trump'], Dicevano che Trump era un pazzo che ci avrebbe portato in guerra. Ma non è accaduto. Ora che in guerra ci h…,140,109,22
2022-02-23 21:55:03,"RT @unagiaslifes: Perchè a me, di quello che dice Natalina, purtroppo… #jeru https://t.co/AnhuZQPNAv",['unagiaslifes'],['jeru']," Perchè a me, di quello che dice Natalina, purtroppo… jeru",100,58,10
2022-02-24 06:02:29,"@macfaddish @enzoben43 Capisco tutto, ma capisci che quando lo inserisci nel “governo dei migliori” c’è qualcosa che  non torna. Se mi dici “è il governo dei migliori che ho trovato” posso capirlo!","['macfaddish', 'enzoben43']",[],"Capisco tutto, ma capisci che quando lo inserisci nel “governo dei migliori” c’è qualcosa che non torna. Se mi dici “è il governo dei migliori che ho trovato” posso capirlo!",197,173,30
2022-02-24 10:51:42,"Tutte e tutti in piazza davanti all'ambasciata russa, al fianco del segretario @EnricoLetta, per esprimere la nostra ferma condanna all’invasione russa dell’Ucraina.  

Appuntamento alle 16 a Viale Castro Pretorio 118, angolo Via Gaeta.

#StopInvasioneRussa #UcrainaLibera",['EnricoLetta'],"['StopInvasioneRussa', 'UcrainaLibera']","Tutte e tutti in piazza davanti all'ambasciata russa, al fianco del segretario , per esprimere la nostra ferma condanna all’invasione russa dell’Ucraina. Appuntamento alle 16 a Viale Castro Pretorio 118, angolo Via Gaeta. StopInvasioneRussa UcrainaLibera",272,254,35
2022-02-23 17:37:35,"@kravotz @SimoneMaloni @F1N1no Sarà un errore, che ne sanno i tedeschi di quel che fanno in Spagna","['kravotz', 'SimoneMaloni', 'F1N1no']",[],"Sarà un errore, che ne sanno i tedeschi di quel che fanno in Spagna",98,67,14
2022-02-24 15:29:43,A Serena Bortone complimenti per il suo programma,[],[],A Serena Bortone complimenti per il suo programma,49,49,8
2022-02-24 17:05:05,@IamFrankyDuks Adesso sto leggendo un altro libro anche questo molto interessante ed inquitante di Adam Kandom Il Diario di Adam Kandom anche io ti consiglio questo. Appena finito leggero volentieri il libro consigliato. Grazie caro Franky,['IamFrankyDuks'],[],Adesso sto leggendo un altro libro anche questo molto interessante ed inquitante di Adam Kandom Il Diario di Adam Kandom anche io ti consiglio questo. Appena finito leggero volentieri il libro consigliato. Grazie caro Franky,239,224,35
2022-02-24 13:45:15,@Palazzo_Chigi Quanta ipocrisia.. ma chi li scrive i discorsi così privi di contenuto e informazioni?,['Palazzo_Chigi'],[],Quanta ipocrisia.. ma chi li scrive i discorsi così privi di contenuto e informazioni?,101,86,14
2022-02-23 21:48:22,"31 gennaio:
giorno in cui è nato il meme di focaccina💕💝💓💖💞💗
#jeru",[],['jeru'],31 gennaio: giorno in cui è nato il meme di focaccina💕💝💓💖💞💗 jeru,65,64,12
2022-02-24 16:58:31,"@jhxday .    teamo                      teamo
teamoteamo        teamoteamo
teamoteamoteamoteamoteamo
  teamoteamoteamoteammoo
   teamoteamoteamoteammo
       teamoteammoteammo
           teamoteamoteamo
               teamoteammo
                 teamoteamo
                      te amo",['jhxday'],[],. teamo teamo teamoteamo teamoteamo teamoteamoteamoteamoteamo teamoteamoteamoteammoo teamoteamoteamoteammo teamoteammoteammo teamoteamoteamo teamoteammo teamoteamo te amo,286,170,14
2022-02-24 19:57:59,"@gloryerim biblioteconomia aniz, me formo esse ano",['gloryerim'],[],"biblioteconomia aniz, me formo esse ano",50,39,6
2022-02-24 08:18:59,buongiorno oggi dolce risveglio con daniela che decide di hittare una combo di tweet da spari alla croce rossa che in confronto il soldato ryan non aveva proprio necessità di essere salvato anzi diceva raga salvate lei o per gli internazionali freedaniela https://t.co/Oy4gHtsM00,[],[],buongiorno oggi dolce risveglio con daniela che decide di hittare una combo di tweet da spari alla croce rossa che in confronto il soldato ryan non aveva proprio necessità di essere salvato anzi diceva raga salvate lei o per gli internazionali freedaniela,279,255,42
2022-02-24 12:49:05,"@2002MMAD0691 @DiegoFusaro Se la fisiognomica è una scenza esatta con la faccia che ti ritrovi non dovresti avere la presunzione di insegnare la storia o altro, la questione del gas non dovrebbe essere un pretesto per lasciar invadere e far guerra a un territorio sovrano","['2002MMAD0691', 'DiegoFusaro']",[],"Se la fisiognomica è una scenza esatta con la faccia che ti ritrovi non dovresti avere la presunzione di insegnare la storia o altro, la questione del gas non dovrebbe essere un pretesto per lasciar invadere e far guerra a un territorio sovrano",271,244,43
2022-02-23 17:31:23,gli uomini ew,[],[],gli uomini ew,13,13,3
2022-02-23 21:05:28,RT @Dida_ti: La vertigine potremmo anche chiamarla ebbrezza della debolezza. Ci si rende conto della propria debolezza e invece di resister…,['Dida_ti'],[], La vertigine potremmo anche chiamarla ebbrezza della debolezza. Ci si rende conto della propria debolezza e invece di resister…,140,128,19
2022-02-23 20:34:14,@starkerwiitch mini lui 🥺,['starkerwiitch'],[],mini lui 🥺,25,10,3
2022-02-24 13:16:37,RT @KINGVZAYN: questa foto mette una tristezza assurda. Due fidanzati si salutano alla stazione di Kiev e non sanno se si rivedranno più 💔…,['KINGVZAYN'],[], questa foto mette una tristezza assurda. Due fidanzati si salutano alla stazione di Kiev e non sanno se si rivedranno più 💔…,139,125,22
2022-02-24 05:02:39,@icedcaffemisto Bener2 EU in inferno,['icedcaffemisto'],[],Bener2 EU in inferno,36,20,4
2022-02-25 00:07:33,ANCHE NOI DIAMO IL PESO ALLE PAROLE ALFONSO SANTISSIMO CIELO MI VERGOGNO PER VOI @GrandeFratello #JERU,['GrandeFratello'],['JERU'],ANCHE NOI DIAMO IL PESO ALLE PAROLE ALFONSO SANTISSIMO CIELO MI VERGOGNO PER VOI JERU,102,85,15
2022-02-24 12:48:54,RT @hazsmyall: non siete obbligati a dire la vostra sulla situazione russia ucraina vi prego se non avete nulla di intelligente da dire non…,['hazsmyall'],[], non siete obbligati a dire la vostra sulla situazione russia ucraina vi prego se non avete nulla di intelligente da dire non…,140,126,22
2022-02-24 18:31:33,"@Link4Universe Terrorismo psicologico, la zona è  sicura come lo è stata per decenni. 
Per maggiori informazioni @AvvocatoAtomico","['Link4Universe', 'AvvocatoAtomico']",[],"Terrorismo psicologico, la zona è sicura come lo è stata per decenni. Per maggiori informazioni",129,95,15
2022-02-23 16:55:42,"RT @vitalbaa: Draghi dice che lo stato di emergenza non sarà prorogato dopo il 31 marzo, e a quella data cesseranno zone a colori, quarante…",['vitalbaa'],[]," Draghi dice che lo stato di emergenza non sarà prorogato dopo il 31 marzo, e a quella data cesseranno zone a colori, quarante…",140,127,23
2022-02-24 13:14:39,"I convocati per #LazioPorto 

https://t.co/HvivE8xiEf",[],['LazioPorto'],I convocati per LazioPorto,53,26,4
2022-02-23 19:50:17,@1TSV1OLA per buttarmi sempre pronta,['1TSV1OLA'],[],per buttarmi sempre pronta,36,26,4
2022-02-25 00:55:11,"RT @ilCoperchio: Draghi:
 ""Quanto succede in Ucraina riguarda tutti noi, il nostro vivere da liberi, le nostre democrazie.""

Già, ""vivere d…",['ilCoperchio'],[]," Draghi: ""Quanto succede in Ucraina riguarda tutti noi, il nostro vivere da liberi, le nostre democrazie."" Già, ""vivere d…",140,122,19
2022-02-23 18:00:55,@Heavenisaplace7 Mi puoi dire esattamente da dove esce?,['Heavenisaplace7'],[],Mi puoi dire esattamente da dove esce?,55,38,7
2022-02-24 13:51:07,@Palazzo_Chigi Liberi di stare in casa e morire di stenti. Correct.,['Palazzo_Chigi'],[],Liberi di stare in casa e morire di stenti. Correct.,67,52,10
2022-02-23 18:50:43,RT @massimovespia: Ieri abbiamo rinnovato il #contratto del personale dei #Vigilidelfuoco. Ci abbiamo messo passione e coraggio per soddisf…,['massimovespia'],"['contratto', 'Vigilidelfuoco']", Ieri abbiamo rinnovato il contratto del personale dei Vigilidelfuoco. Ci abbiamo messo passione e coraggio per soddisf…,140,120,17
2022-02-24 17:07:32,@elpatron0_ Ahahahahahahah lo vedo super sereno,['elpatron0_'],[],Ahahahahahahah lo vedo super sereno,47,35,5
2022-02-23 17:01:37,"@gingerale2k22 Ho sentito che Bash ha detto ""non vedo l'ora che sia mezzanotte"" LE MIE ASPETTATIVE COME IL COSIMO DI BARU MENTRE JESS ERA IN DOCCIA... si alzannooooo",['gingerale2k22'],[],"Ho sentito che Bash ha detto ""non vedo l'ora che sia mezzanotte"" LE MIE ASPETTATIVE COME IL COSIMO DI BARU MENTRE JESS ERA IN DOCCIA... si alzannooooo",165,150,27
2022-02-24 18:09:52,@Amaccagno66Anna @jacopo_iacoboni @nexta_tv No. Di eroico non c è niente in questo conflitto.,"['Amaccagno66Anna', 'jacopo_iacoboni', 'nexta_tv']",[],No. Di eroico non c è niente in questo conflitto.,93,49,10
2022-02-24 23:47:12,"RT @__babycat__: Il percorso bellissimo della vecchia
#fairylu #gfvip https://t.co/RTS9Z03hir",['__babycat__'],"['fairylu', 'gfvip']", Il percorso bellissimo della vecchia fairylu gfvip,93,51,7
2022-02-24 09:02:56,RT @chiptizenerased: fino ad un certo punto posso anche capire la necessità di fare ironia sulla situazione per sfogare una preoccupazione…,['chiptizenerased'],[], fino ad un certo punto posso anche capire la necessità di fare ironia sulla situazione per sfogare una preoccupazione…,139,119,19
2022-02-23 19:25:45,"@777teav si, te lo consiglio",['777teav'],[],"si, te lo consiglio",28,19,4
2022-02-25 07:28:04,"RT @Capezzone: Sentite le vocine sotto…(“cameriere, badanti, amanti”): il disprezzo della sinistra (fuori onda) per quelli che dice di dife…",['Capezzone'],[]," Sentite le vocine sotto…(“cameriere, badanti, amanti”): il disprezzo della sinistra (fuori onda) per quelli che dice di dife…",140,126,18
2022-02-24 06:40:13,RT @MetalHe69092042: La faccia di Lavrov 😂😂😂 https://t.co/UcQoe73avN,['MetalHe69092042'],[], La faccia di Lavrov 😂😂😂,68,24,5
2022-02-23 21:23:23,@ciliegineeee Ma come… ma sai una roba,['ciliegineeee'],[],Ma come… ma sai una roba,38,24,6
2022-02-24 21:23:48,"RT @fratotolo2: Gli italiani sono così…
Tutti fascisti fino al 25 luglio 1943, poi tutti partigiani.
Tutti guerrafondai in Jugoslavia nel 1…",['fratotolo2'],[]," Gli italiani sono così… Tutti fascisti fino al 25 luglio 1943, poi tutti partigiani. Tutti guerrafondai in Jugoslavia nel 1…",140,125,20
2022-02-24 09:52:25,FRATI CAPPUCCINI DI ASSISI https://t.co/AZ5S2j78rL,[],[],FRATI CAPPUCCINI DI ASSISI,50,26,4
2022-02-24 15:42:45,"RT @TiniSIt: ""Fantasi"" ingresa al Top 10 de Spotify Argentina con 211,194 streams https://t.co/vCH4JkR0pY",['TiniSIt'],[]," ""Fantasi"" ingresa al Top 10 de Spotify Argentina con 211,194 streams",105,69,11
2022-02-23 18:48:03,"RT @teamsoleilsorge: L'abbraccio delle #solphie
Alfonso, loro sono la mia vita...♥️
#gfvip #solearmy https://t.co/4pcNohbNyx",['teamsoleilsorge'],"['solphie', 'gfvip', 'solearmy']"," L'abbraccio delle solphie Alfonso, loro sono la mia vita...♥️ gfvip solearmy",124,77,11
2022-02-23 21:25:02,In verità è che ci sono persone che senza una giusta motivazione ti eccitano da impazzire... e altre che pur impegnandosi neanche ti stimolano ❤️,[],[],In verità è che ci sono persone che senza una giusta motivazione ti eccitano da impazzire... e altre che pur impegnandosi neanche ti stimolano ❤️,145,145,25
2022-02-24 10:52:25,RT @MediasetTgcom24: Mattarella convoca consiglio supremo difesa  #russia #guerra #ucraina #putin #usa #kiev #missili #RussiaUkraineConflic…,['MediasetTgcom24'],"['russia', 'guerra', 'ucraina', 'putin', 'usa', 'kiev', 'missili']", Mattarella convoca consiglio supremo difesa russia guerra ucraina putin usa kiev missili RussiaUkraineConflic…,140,111,13
2022-02-24 17:38:24,"RT @Ilconservator: 1) La  Russia  si  prende  l’Ucraina
2) La  Cina  si  prende  Taiwan
3) L'€uropa  se  la  prende  nel  culo",['Ilconservator'],[], 1) La Russia si prende l’Ucraina 2) La Cina si prende Taiwan 3) L'€uropa se la prende nel culo,126,95,19
2022-02-23 20:30:50,"@0NLYROSS Va bene, mi dai il tuo numero?",['0NLYROSS'],[],"Va bene, mi dai il tuo numero?",40,30,7
2022-02-23 19:47:52,"@matteosalvinimi Salvini,ringrazia il presidente Draghi x aver mantenuto il geenpass e l'obligo vacc.x i50 enni,a tempo debito ringrazieremo anche voi politici,di sicuro nn mancherà l'occasione di farlo,nn potete tenerci a vita senza votare.",['matteosalvinimi'],[],"Salvini,ringrazia il presidente Draghi x aver mantenuto il geenpass e l'obligo vacc.x i50 enni,a tempo debito ringrazieremo anche voi politici,di sicuro nn mancherà l'occasione di farlo,nn potete tenerci a vita senza votare.",241,224,32
2022-02-24 18:58:45,@Marcoleeeno @simosku Non ho le ascelle,"['Marcoleeeno', 'simosku']",[],Non ho le ascelle,39,17,4
2022-02-24 11:54:28,comunque letteralmente ieri tutta la mia tl convintissima che vinello oggi sarebbe partito per Napoli and HERE WE ARE quello che mi chiedo è chissà se ha riavuto la sua chitarra dal francese,[],[],comunque letteralmente ieri tutta la mia tl convintissima che vinello oggi sarebbe partito per Napoli and HERE WE ARE quello che mi chiedo è chissà se ha riavuto la sua chitarra dal francese,190,190,33
2022-02-24 08:43:47,@matteosalvinimi Questo fatto la dice lunga su quanto conti la NATO e l’ONU e su quanto aiutino gli Stati in difficoltà socio politico !! 🤷‍♂️🤷‍♂️🤷‍♂️,['matteosalvinimi'],[],Questo fatto la dice lunga su quanto conti la NATO e l’ONU e su quanto aiutino gli Stati in difficoltà socio politico !! 🤷‍♂️🤷‍♂️🤷‍♂️,150,133,24
2022-02-25 03:47:16,no because it’s so pretty HSKGKFKSJ https://t.co/fJsPaYHbJ6,[],[],no because it’s so pretty HSKGKFKSJ,59,35,6
2022-02-24 23:38:10,Ma vogliamo parlare del terrore negli occhi di Baru ✈️ #jeru,[],['jeru'],Ma vogliamo parlare del terrore negli occhi di Baru ✈️ jeru,60,59,11
2022-02-24 16:51:27,"RT @Frances53524532: @ImolaOggi Non gli piace più la Russia, andava bene fino a quando ha arricchito il PCI e molti esponenti che continuan…","['Frances53524532', 'ImolaOggi']",[]," Non gli piace più la Russia, andava bene fino a quando ha arricchito il PCI e molti esponenti che continuan…",140,109,20
2022-02-24 13:33:31,"RT @Adnkronos: Vicepresidente: ""Nei prossimi 2 giorni le dosi lasceranno i magazzini in Olanda per raggiungere l'Italia"". #Novavax https://…",['Adnkronos'],['Novavax']," Vicepresidente: ""Nei prossimi 2 giorni le dosi lasceranno i magazzini in Olanda per raggiungere l'Italia"". Novavax",140,115,16
2022-02-23 23:12:59,Quindi ?disamina perfetta direi...,[],[],Quindi ?disamina perfetta direi...,34,34,4
2022-02-23 16:16:40,RT @petergomezblog: Intervento in Aula sul caso “Open”  di Piero Grasso. Personalmente condivido al 100 per 100 https://t.co/Il7tohnybD via…,['petergomezblog'],[], Intervento in Aula sul caso “Open” di Piero Grasso. Personalmente condivido al 100 per 100 via…,140,96,16
2022-02-24 15:26:55,"@swnutopia same con tedesco , dovrei sapere un bel po di roba su sophie scholl per la verifica di domani ma non so una mazza",['swnutopia'],[],"same con tedesco , dovrei sapere un bel po di roba su sophie scholl per la verifica di domani ma non so una mazza",124,113,24
2022-02-25 07:17:21,"RT @durezzadelviver: Flusso di gas dalla Russia verso l'Europa via Ucraina in aumento, stamattina (+40 GWh/d).",['durezzadelviver'],[]," Flusso di gas dalla Russia verso l'Europa via Ucraina in aumento, stamattina (+40 GWh/d).",110,90,14
2022-02-24 22:35:24,perché Greyback ha questo aspetto lupesco anche senza la luna piena non ci dormo la notte,[],[],perché Greyback ha questo aspetto lupesco anche senza la luna piena non ci dormo la notte,89,89,16
2022-02-24 22:34:11,Un altro palo veramente.. ma chi se ne frega dell’amore libero!,[],[],Un altro palo veramente.. ma chi se ne frega dell’amore libero!,63,63,11
2022-02-24 03:58:05,"RT @niceugeexiste: Era forse doveroso e necessario farlo 🍿 🟡

#jerù https://t.co/QgTnZKzJHQ",['niceugeexiste'],['jerù'], Era forse doveroso e necessario farlo 🍿 🟡 jerù,91,47,9
2022-02-24 13:21:55,"@laBellabrigata @InVeritatetweet @OlafScholz @ZelenskyyUa In particolare pure noi.
Da oggi iniziano i blackout alla cubana
@GiorgiaMeloni @Palazzo_Chigi","['laBellabrigata', 'InVeritatetweet', 'OlafScholz', 'ZelenskyyUa', 'GiorgiaMeloni', 'Palazzo_Chigi']",[],In particolare pure noi. Da oggi iniziano i blackout alla cubana,152,64,11
2022-02-24 14:35:55,"@Vale_ofblades Comunque ti capisco benissimo perché anche io prima mi sono data ad un pianto liberatorio, al pensiero di tutto quello che sta accadendo a quegli innocenti. Ora sto facendo un detox di notizie perché sennò non riesco a uscire da questa giornata...",['Vale_ofblades'],[],"Comunque ti capisco benissimo perché anche io prima mi sono data ad un pianto liberatorio, al pensiero di tutto quello che sta accadendo a quegli innocenti. Ora sto facendo un detox di notizie perché sennò non riesco a uscire da questa giornata...",262,247,42
2022-02-23 19:35:48,@GuidoDeMartini @GuidoDeMartini @GuidoDeMartini I SANITARI GUARUTI DEVONO TORNARE A LAVKRO PERCHÉ non CI SI PUÒ FARE  UN VACCINO DUE GIORNI DOPO ESSERE GUARUTI! POSSIBILE CHE NON TOLGANO QUESTA COSA?? Ma@come@cazzo si fa!,"['GuidoDeMartini', 'GuidoDeMartini', 'GuidoDeMartini']",[],I SANITARI GUARUTI DEVONO TORNARE A LAVKRO PERCHÉ non CI SI PUÒ FARE UN VACCINO DUE GIORNI DOPO ESSERE GUARUTI! POSSIBILE CHE NON TOLGANO QUESTA COSA?? Ma si fa!,221,161,29
2022-02-23 16:16:27,"@unissonss Ho appena letto l'epilogo, grazie per questa storia stupenda. Mi mancherà aspettare ogni giorno la notifica🥺❤",['unissonss'],[],"Ho appena letto l'epilogo, grazie per questa storia stupenda. Mi mancherà aspettare ogni giorno la notifica🥺❤",120,109,16
2022-02-23 21:21:02,RT @fdragoni: Liberali per il #greenpass  che pensano che il comunista sia #Putin che invece  a mettere questa merda non ci ha mai pensato…,['fdragoni'],"['greenpass', 'Putin']", Liberali per il greenpass che pensano che il comunista sia Putin che invece a mettere questa merda non ci ha mai pensato…,139,122,22
2022-02-24 18:46:19,"RT @odietamomalik: Comunque, per la scienza, questo rimarrà l'error 404 più bello della loro storia ciao
#caroligi https://t.co/HzyLeQBoxQ",['odietamomalik'],['caroligi']," Comunque, per la scienza, questo rimarrà l'error 404 più bello della loro storia ciao caroligi",138,95,15
2022-02-24 09:45:51,"RT @AnDyllinger: 🔴+++ BRIKING NEWS +++🔴
Con questo video la #NATO annuncia di essere pronta a mettere in campo tutto il suo Esercito contro…",['AnDyllinger'],['NATO'], 🔴+++ BRIKING NEWS +++🔴 Con questo video la NATO annuncia di essere pronta a mettere in campo tutto il suo Esercito contro…,140,123,22
2022-02-24 10:09:31,"La legge del pendolo sarebbe
""N capocchiate × scopata"" https://t.co/L9kLE8I0QJ",[],[],"La legge del pendolo sarebbe ""N capocchiate × scopata""",78,54,9
2022-02-24 20:51:08,"@nenano78 Non para, nemmeno ci prova",['nenano78'],[],"Non para, nemmeno ci prova",36,26,5
2022-02-24 11:47:05,"RT @FpCgilNazionale: ☮️ 𝗥𝗜𝗙𝗜𝗨𝗧𝗜𝗔𝗠𝗢 𝗟𝗔 𝗚𝗨𝗘𝗥𝗥𝗔, 𝗦𝗜𝗔𝗠𝗢 𝗙𝗨𝗡𝗭𝗜𝗢𝗡𝗘 𝗣𝗔𝗖𝗜𝗙𝗜𝗦𝗧𝗔
Saremo nelle piazze del Paese e al presidio unitario in programma sa…",['FpCgilNazionale'],[]," ☮️ 𝗥𝗜𝗙𝗜𝗨𝗧𝗜𝗔𝗠𝗢 𝗟𝗔 𝗚𝗨𝗘𝗥𝗥𝗔, 𝗦𝗜𝗔𝗠𝗢 𝗙𝗨𝗡𝗭𝗜𝗢𝗡𝗘 𝗣𝗔𝗖𝗜𝗙𝗜𝗦𝗧𝗔 Saremo nelle piazze del Paese e al presidio unitario in programma sa…",140,120,19
2022-02-24 22:56:32,"LA MIA FINALE
#jeru",[],['jeru'],LA MIA FINALE jeru,19,18,4
2022-02-25 01:03:57,"RT @nessunomicaga_: Ma se non le hai dette perché hai così paura della squalifica nat ?  

I VIDEO DEVONO GIRARE TUTTI #jeru",['nessunomicaga_'],['jeru'], Ma se non le hai dette perché hai così paura della squalifica nat ? I VIDEO DEVONO GIRARE TUTTI jeru,124,101,20
2022-02-24 11:45:17,"@greygooseonice Visitato anche io!
È qualcosa di angosciante",['greygooseonice'],[],Visitato anche io! È qualcosa di angosciante,60,44,7
2022-02-25 02:32:20,RT @SimplyBenny: Miri e Barù ON FIRE #teambarù #miriangels #jerù https://t.co/wRwIRpx4zA,['SimplyBenny'],"['teambarù', 'miriangels', 'jerù']", Miri e Barù ON FIRE teambarù miriangels jerù,88,45,8
2022-02-24 21:25:28,@mmax_g Non ha un cazzo da fare,['mmax_g'],[],Non ha un cazzo da fare,31,23,6
2022-02-25 07:45:57,Ah quindi che #LuciaAnnunziata fosse una persona spregevole lo avete scoperto solo ieri? Caspita,[],['LuciaAnnunziata'],Ah quindi che LuciaAnnunziata fosse una persona spregevole lo avete scoperto solo ieri? Caspita,96,95,14
2022-02-24 13:49:59,@ArcHeisenberg @dorinileonardo imparagonabile con Salvini che trema al pensiero di nominare Russia e Putin e ritrovarsi il polonio nello spritz. Qui Meloni altro livello.,"['ArcHeisenberg', 'dorinileonardo']",[],imparagonabile con Salvini che trema al pensiero di nominare Russia e Putin e ritrovarsi il polonio nello spritz. Qui Meloni altro livello.,170,139,22
2022-02-24 17:56:03,"@canislupus80 @GiorgiaMeloni C'è chi lo mostra come una medaglia, sostenuto pure da cosiddetti giornalisti, che si scompisciano, o fingono di scompisciarsi, per la felicità di averlo.","['canislupus80', 'GiorgiaMeloni']",[],"C'è chi lo mostra come una medaglia, sostenuto pure da cosiddetti giornalisti, che si scompisciano, o fingono di scompisciarsi, per la felicità di averlo.",183,154,24
2022-02-24 06:02:44,"RT @sono_selvatica: Se ti sembra solo un cono caduto su un libro di cavalli, non potrai mai entrare nella mia vita... https://t.co/0rWQRkL1…",['sono_selvatica'],[]," Se ti sembra solo un cono caduto su un libro di cavalli, non potrai mai entrare nella mia vita...",140,98,19
2022-02-24 16:18:27,"RT @TurismoVeneto: Le case di Burano sono delle vere pennellate di gioia! Sapevi che quest'isola è tra i luoghi più colorati al mondo? 

🌈h…",['TurismoVeneto'],[], Le case di Burano sono delle vere pennellate di gioia! Sapevi che quest'isola è tra i luoghi più colorati al mondo? 🌈h…,140,120,22
2022-02-24 12:27:09,@assssoreta …potrei essere io se vivessi li…,['assssoreta'],[],…potrei essere io se vivessi li…,44,32,6
2022-02-23 19:20:32,Boh anxhela io non so che problemi tu abbia ma di comprensione sicuro,[],[],Boh anxhela io non so che problemi tu abbia ma di comprensione sicuro,69,69,13
2022-02-23 22:31:16,"Questa guerra sta creando brutte situazioni. Aziende che rischiano di chiudere, gli autotrasportatori che iniziano con i blocchi stradali.  I lavoratori e famiglie che ridurranno altri consumi e che fanno fatica. Mi pare che siamo in una brutta situazione.",[],[],"Questa guerra sta creando brutte situazioni. Aziende che rischiano di chiudere, gli autotrasportatori che iniziano con i blocchi stradali. I lavoratori e famiglie che ridurranno altri consumi e che fanno fatica. Mi pare che siamo in una brutta situazione.",256,255,39
2022-02-24 22:08:55,@elevisconti È sentimento comune antioccidentale e antidemocratico,['elevisconti'],[],È sentimento comune antioccidentale e antidemocratico,66,53,6
2022-02-24 18:22:40,"RT @Avvenire_Nei: I cattolici. L'arcivescovo di Kiev, nel bunker della Cattedrale, chiede preghiere https://t.co/fkzrG0iVgK",['Avvenire_Nei'],[]," I cattolici. L'arcivescovo di Kiev, nel bunker della Cattedrale, chiede preghiere",123,82,11
2022-02-23 16:42:05,te amo dave franco,[],[],te amo dave franco,18,18,4
2022-02-24 19:25:25,RT @hsxxtpwk: l’immagine parla da sola  #RussiaUkraineConflict https://t.co/vF3B81Tauy,['hsxxtpwk'],['RussiaUkraineConflict'], l’immagine parla da sola RussiaUkraineConflict,86,47,5
2022-02-24 23:57:00,Invasione Ucraina: Russia alle porte di Kiev e Odessa. Battaglia per Mariupol. Zelensky firma mobilitazione generale -  #Invasione #Ucraina: #Russia #porte  https://t.co/9NzMCOTE7m,[],"['Invasione', 'Ucraina', 'Russia', 'porte']",Invasione Ucraina: Russia alle porte di Kiev e Odessa. Battaglia per Mariupol. Zelensky firma mobilitazione generale - Invasione Ucraina: Russia porte,180,150,21
2022-02-23 17:34:30,RT @deviLiv3d: Ho letto questa proposta in giro e sto ridendo da mezz'ora ⚰ #jeru https://t.co/OGUIaLO76Y,['deviLiv3d'],['jeru'], Ho letto questa proposta in giro e sto ridendo da mezz'ora ⚰ jeru,105,66,13
2022-02-23 17:16:48,"RT @Azione_it: 🔵🟢 Benvenuto al Senatore @grimani72 che oggi entra ufficialmente in #Azione!

Iscriviti anche tu: https://t.co/J60IrgNf3K ht…","['Azione_it', 'grimani72']",['Azione'], 🔵🟢 Benvenuto al Senatore che oggi entra ufficialmente in Azione! Iscriviti anche tu: ht…,140,89,14
2022-02-25 07:41:53,@Amarizona17 Mi viene da ridere😀😀😀😀😀,['Amarizona17'],[],Mi viene da ridere😀😀😀😀😀,36,23,4
2022-02-24 20:01:25,"@DslLorenzo A me Draghi, il suo governo e il suo modo di governare non sono piaciuti e non piacciono tutt'ora.
Ma la posizione sullo Swift è logica e scontata.
I maggiori propositori sono USA e UK, i 2 paesi che risentirebbero meno del blocco. Di contro, i paesi che si oppongono sono quelli",['DslLorenzo'],[],"A me Draghi, il suo governo e il suo modo di governare non sono piaciuti e non piacciono tutt'ora. Ma la posizione sullo Swift è logica e scontata. I maggiori propositori sono USA e UK, i 2 paesi che risentirebbero meno del blocco. Di contro, i paesi che si oppongono sono quelli",291,279,52
2022-02-24 08:22:20,"@Vatenerazzurro1 È ora di cambiare pagina, con tutto il bene che posso volergli",['Vatenerazzurro1'],[],"È ora di cambiare pagina, con tutto il bene che posso volergli",79,62,12
2022-02-23 22:51:27,"I Tazenda e gli anni Novanta, senza merkel, covid e influencer della minchia  #chilhavisto",[],['chilhavisto'],"I Tazenda e gli anni Novanta, senza merkel, covid e influencer della minchia chilhavisto",90,88,14
2022-02-24 07:02:18,"RT @aurora6335: Immagina di essere nel 2022 e dover scappare dal proprio paese, dalla propria terra, lasciare tutto, perché un pazzo ha dec…",['aurora6335'],[]," Immagina di essere nel 2022 e dover scappare dal proprio paese, dalla propria terra, lasciare tutto, perché un pazzo ha dec…",140,125,21
2022-02-23 21:41:30,@vanabeau Ma siamo sicuri che questa storia sia reale ?!?,['vanabeau'],[],Ma siamo sicuri che questa storia sia reale ?!?,57,47,9
2022-02-25 06:17:38,@DarioBallini Sei un finito Dario ballini,['DarioBallini'],[],Sei un finito Dario ballini,41,27,5
2022-02-24 10:37:03,amore mio,[],[],amore mio,9,9,2
2022-02-24 02:27:52,"@CarlaKaky @SergioSierra67 Risultato prevedibile. La colpa non è del giovanotto, ma di chi gli ha conferito una carica così importante.","['CarlaKaky', 'SergioSierra67']",[],"Risultato prevedibile. La colpa non è del giovanotto, ma di chi gli ha conferito una carica così importante.",135,108,18
2022-02-24 20:23:48,Promettetemi che non entreremo in Guerra,[],[],Promettetemi che non entreremo in Guerra,40,40,6
2022-02-23 20:36:09,@occammamt @ricky_pru @Terra2itter Di quale ideologia?,"['occammamt', 'ricky_pru', 'Terra2itter']",[],Di quale ideologia?,54,19,3
2022-02-24 15:53:15,"RT @noemiofficial: Siamo tutti figli della stessa terra e siamo in guerra…💔
Amen 🙏🏻
#RussiaUkraineConflict",['noemiofficial'],['RussiaUkraineConflict'], Siamo tutti figli della stessa terra e siamo in guerra…💔 Amen 🙏🏻 RussiaUkraineConflict,106,87,13
2022-02-24 12:56:40,@Famscko Ahahah ma parole,['Famscko'],[],Ahahah ma parole,25,16,3
2022-02-24 15:11:51,"la mia parrucchiera mi ha tagliato i capelli storti…di nuovo 
è giunto il momento di cambiare parrucchiera",[],[],la mia parrucchiera mi ha tagliato i capelli storti…di nuovo è giunto il momento di cambiare parrucchiera,106,105,17
2022-02-23 17:03:58,"@itsmeback_ Il PD è l'operatore ecologico dell'Italia! 
Il problema però non è il partito ma i coglioni che lo votano!",['itsmeback_'],[],Il PD è l'operatore ecologico dell'Italia! Il problema però non è il partito ma i coglioni che lo votano!,118,105,19
2022-02-23 22:36:00,"@GioGuidiJazz @mannocchia @maurobiani @La7tv @andreapurgatori #Mariupol adesso 23 febbraio 2022
https://t.co/Qm5Q2naHII","['GioGuidiJazz', 'mannocchia', 'maurobiani', 'La7tv', 'andreapurgatori']",['Mariupol'],Mariupol adesso 23 febbraio 2022,119,32,5
2022-02-24 11:31:26,RT @DiInterista: Il pompinatoio è un rifugio sicuro per vecchi e bambini,['DiInterista'],[], Il pompinatoio è un rifugio sicuro per vecchi e bambini,72,56,10
2022-02-24 20:39:38,"Sinceramente mi sembra l’ennesima scusa per eliminare qualcosa così a caso, random, poi fate voi.
#Amici21",[],['Amici21'],"Sinceramente mi sembra l’ennesima scusa per eliminare qualcosa così a caso, random, poi fate voi. Amici21",106,105,16
2022-02-23 18:02:43,"@ArielDiVero @GianniMagini Sarà perché i lanciatori di bombe democratiche non l' hanno mai voluta riconoscere? Chissà perché alla Croazia degli Ustascia hanno fatto così veloce a riconoscerla durante la guerra di Jugoslavia? Eppure si sono permessi di entrare in uno Stato sovrano,loro possono.Putin no.","['ArielDiVero', 'GianniMagini']",[],"Sarà perché i lanciatori di bombe democratiche non l' hanno mai voluta riconoscere? Chissà perché alla Croazia degli Ustascia hanno fatto così veloce a riconoscerla durante la guerra di Jugoslavia? Eppure si sono permessi di entrare in uno Stato sovrano,loro possono.Putin no.",303,276,42
2022-02-24 19:33:23,@misterf_tweets @IntornoTv @napoliforever89 @enrick81 @MiChiamoFranco @Tvottiano @Federic01996 @carlo234556 @AgoCannella @CIAfra73 @LAlimini76 @Ninanina1215 @Peppe_FN @MaielloInside @Ilfanaleof @Cherish1972 @fabriziomico @e_inveceno_ @lorenzop861 @alessio_gaudino @MikyS03 @DarioL46 @micene_return @Matt85Mortal @ZeusMega @AlexWolf131199 @argento_tw @Aladino_Rm @WhyckieQueenie @regole_senza @secondarepubbl1 @Massimi35284923 @pazzipergerry @queenmarii1993 @borraccino_ @Gif_di_Tina @tvblogit @EnfantProdige @MediasetPlay @francifialdini @VanityFairIt @RaiUno @RaiDue @RaiTre @CorneliaHale94 @_Alessio_88 E chi è una cantante swing americana 😆,"['misterf_tweets', 'IntornoTv', 'napoliforever89', 'enrick81', 'MiChiamoFranco', 'Tvottiano', 'Federic01996', 'carlo234556', 'AgoCannella', 'CIAfra73', 'LAlimini76', 'Ninanina1215', 'Peppe_FN', 'MaielloInside', 'Ilfanaleof', 'Cherish1972', 'fabriziomico', 'e_inveceno_', 'lorenzop861', 'alessio_gaudino', 'MikyS03', 'DarioL46', 'micene_return', 'Matt85Mortal', 'ZeusMega', 'AlexWolf131199', 'argento_tw', 'Aladino_Rm', 'WhyckieQueenie', 'regole_senza', 'secondarepubbl1', 'Massimi35284923', 'pazzipergerry', 'queenmarii1993', 'borraccino_', 'Gif_di_Tina', 'tvblogit', 'EnfantProdige', 'MediasetPlay', 'francifialdini', 'VanityFairIt', 'RaiUno', 'RaiDue', 'RaiTre', 'CorneliaHale94', '_Alessio_88']",[],E chi è una cantante swing americana 😆,643,38,8
2022-02-24 10:01:51,@OliDeliber Tamadre Oli la mufaste u_u,['OliDeliber'],[],Tamadre Oli la mufaste u_u,38,26,5
2022-02-24 12:16:10,"@Moussolinho Cerca a Bovalino Marina, sempre se laggiù esiste internet",['Moussolinho'],[],"Cerca a Bovalino Marina, sempre se laggiù esiste internet",70,57,9
2022-02-24 22:07:21,"@GanzoSwan @Marco_1_Med Beh, se è psicosi, allora il mio benzinaio l'ha alimentata.
Non stanno arrivando rifornimenti e sono finiti sia gasolio che benzina.
Io sono tranquillo per ora perché ho l'auto a gpl, ma chi viaggia ogni giorno, consegna merce ecc. come fa?","['GanzoSwan', 'Marco_1_Med']",[],"Beh, se è psicosi, allora il mio benzinaio l'ha alimentata. Non stanno arrivando rifornimenti e sono finiti sia gasolio che benzina. Io sono tranquillo per ora perché ho l'auto a gpl, ma chi viaggia ogni giorno, consegna merce ecc. come fa?",264,240,41
2022-02-24 12:10:59,"@ricristiano1 @BeppeGiulietti la PRIMA cosa che la Russia deve fare è tagliare tutte le risorse a Roma, capitale di uno stato malefico, e a tutti gli altri regimi UE","['ricristiano1', 'BeppeGiulietti']",[],"la PRIMA cosa che la Russia deve fare è tagliare tutte le risorse a Roma, capitale di uno stato malefico, e a tutti gli altri regimi UE",165,135,27
2022-02-23 20:03:15,@alessiomagno1 Siamo simpatici proprio x i nostri errori.. 😍😍😍,['alessiomagno1'],[],Siamo simpatici proprio x i nostri errori.. 😍😍😍,62,47,8
2022-02-23 17:58:46,RT @JamesLucasIT: il cartellone pubblicitario più incredibile che abbia mai visto https://t.co/e8XcilsXjJ,['JamesLucasIT'],[], il cartellone pubblicitario più incredibile che abbia mai visto,105,64,9
2022-02-24 19:21:59,ASI DE FACIL ME ILUSIONO,[],[],ASI DE FACIL ME ILUSIONO,24,24,5
2022-02-23 22:48:14,@silvia92745700 Alla faccia loro! Abbruttiti che non sono altro 🤗,['silvia92745700'],[],Alla faccia loro! Abbruttiti che non sono altro 🤗,65,49,9
2022-02-23 17:12:08,"RT @AlexBazzaro: Quando arrivi a togliere le misure ai turisti (per salvare un comparto al collasso) e a mantenerle agli italiani, ammetti…",['AlexBazzaro'],[]," Quando arrivi a togliere le misure ai turisti (per salvare un comparto al collasso) e a mantenerle agli italiani, ammetti…",139,123,20
2022-02-25 04:48:43,RT @Sheisvonne_: Mi mamon favorito 😂❤️😂❤️ #JuevesDeExatlón https://t.co/E4uabZRg6Y,['Sheisvonne_'],['JuevesDeExatlón'], Mi mamon favorito 😂❤️😂❤️ JuevesDeExatlón,82,41,5
2022-02-24 18:40:41,"@Tullio_M7 Bravo, vedo che hai imparato dal tuo maestro Fusaro nell'uso delle parole, tante, ricercate e fini a se stesse, forse qui non sono io quello senza argomentazioni.",['Tullio_M7'],[],"Bravo, vedo che hai imparato dal tuo maestro Fusaro nell'uso delle parole, tante, ricercate e fini a se stesse, forse qui non sono io quello senza argomentazioni.",173,162,27
2022-02-23 17:00:02,"🎙️ 𝗦𝟬𝟭𝗘𝟬𝟭𝟴 - 𝗟𝗮 𝗙𝗼𝗿𝘁𝘂𝗻𝗮 𝗲̀   𝗫𝗵𝗮𝗸𝗮
🗣️ @MartiGunner & @Fedenwski 

Una bella vittoria alle spalle e una sfida caldissima davanti
La trasferta di Liverpool per l'Arsenal Women

..e molto altro ancora!

#Arsenal #PremierLeague #AWFC

https://t.co/465b09mdr2","['MartiGunner', 'Fedenwski']","['Arsenal', 'PremierLeague', 'AWFC']",🎙️ 𝗦𝟬𝟭𝗘𝟬𝟭𝟴 - 𝗟𝗮 𝗙𝗼𝗿𝘁𝘂𝗻𝗮 𝗲̀ 𝗫𝗵𝗮𝗸𝗮 🗣️ & Una bella vittoria alle spalle e una sfida caldissima davanti La trasferta di Liverpool per l'Arsenal Women ..e molto altro ancora! Arsenal PremierLeague AWFC,254,196,33
2022-02-25 01:11:02,"RT @unagiaslifes: ADESSO DITEMI CHE NON È TUTELATA.
Se pensi alla squalifica SAI di aver detto determinate cose. #jeru https://t.co/roiSl6k…",['unagiaslifes'],['jeru'], ADESSO DITEMI CHE NON È TUTELATA. Se pensi alla squalifica SAI di aver detto determinate cose. jeru,140,100,17
2022-02-24 06:01:15,@BlondePorchetta Siamo tutti stupidi ed egoisti ma cazzo come mi uccide pensare di non poter davvero fare nulla,['BlondePorchetta'],[],Siamo tutti stupidi ed egoisti ma cazzo come mi uccide pensare di non poter davvero fare nulla,111,94,17
2022-02-24 11:59:49,"Uccise l'ex moglie, chiesti 30 anni per guardia giurata. Il delitto lo scorso maggio a Torino. Legale figli contrario #ANSA https://t.co/s2BkabZak8",[],['ANSA'],"Uccise l'ex moglie, chiesti 30 anni per guardia giurata. Il delitto lo scorso maggio a Torino. Legale figli contrario ANSA",147,122,20
2022-02-24 23:46:11,"RT @Chiara_Bonati: Qualcuno avvisi Katia che no, il pubblico non ha voluto esaudire il SUO desiderio… ha finalmente messo in atto il propri…",['Chiara_Bonati'],[]," Qualcuno avvisi Katia che no, il pubblico non ha voluto esaudire il SUO desiderio… ha finalmente messo in atto il propri…",140,122,21
2022-02-24 09:34:34,sto facebook oloi lene gia kreatofagies,[],[],sto facebook oloi lene gia kreatofagies,39,39,6
2022-02-25 06:08:11,"RT @mWrezXvRl8NKmbv: 【IT】La donna incatenata di Xuzhou evidenzia il problema della tratta di esseri umani in Cina  
https://t.co/awcX1mts3t",['mWrezXvRl8NKmbv'],[], 【IT】La donna incatenata di Xuzhou evidenzia il problema della tratta di esseri umani in Cina,139,93,15
2022-02-24 01:05:00,RT @popupcomunica: Digital Trasformation in Italia: il reparto #Marketing il più interessato dalla rivoluzione digitale. Info nel post a cu…,['popupcomunica'],['Marketing'], Digital Trasformation in Italia: il reparto Marketing il più interessato dalla rivoluzione digitale. Info nel post a cu…,140,121,18
2022-02-23 21:12:07,@Agenzia_Ansa Che schifo,['Agenzia_Ansa'],[],Che schifo,24,10,2
2022-02-23 22:48:19,RT @admvjuan: e dai mores @centraldoluan,"['admvjuan', 'centraldoluan']",[], e dai mores,40,12,3
2022-02-23 19:03:10,@Ingestibile79 Piuttosto il formaggino chimico,['Ingestibile79'],[],Piuttosto il formaggino chimico,46,31,4
2022-02-24 21:01:35,io il mio corpo non lo capisco,[],[],io il mio corpo non lo capisco,30,30,7
2022-02-24 10:02:28,"@pietrocnf La gente non ragiona o non vuole ragionare, che tristezza",['pietrocnf'],[],"La gente non ragiona o non vuole ragionare, che tristezza",68,57,10
2022-02-24 16:39:15,"@paolodune @fbozza @PieroNanni2 @borghi_claudio @AlmostReal3675 I beni acquistabili finiscono?
Per arrivare a un tale limite dovresti prima ridurre a zero la disoccupazione e al momento siam lontani anni luce da un tale limite.
Ma sarebbe anche quello un limite politico e non tecnico.
Tecnicamente il denaro che una BC può creare è illimitato!","['paolodune', 'fbozza', 'PieroNanni2', 'borghi_claudio', 'AlmostReal3675']",[],I beni acquistabili finiscono? Per arrivare a un tale limite dovresti prima ridurre a zero la disoccupazione e al momento siam lontani anni luce da un tale limite. Ma sarebbe anche quello un limite politico e non tecnico. Tecnicamente il denaro che una BC può creare è illimitato!,344,280,48
2022-02-24 11:32:04,voglio ascoltare mia playlist durante queste due ore di viaggio ma mocc a sort non ho spotify premium cm fo ora,[],[],voglio ascoltare mia playlist durante queste due ore di viaggio ma mocc a sort non ho spotify premium cm fo ora,111,111,21
2022-02-23 20:38:21,"RT @adelestancati: Qualche volta la vedo, e mi vive dinanzi
definita, immutabile, come un ricordo.

#LavorareStanca Cesare Pavese 

#DalCat…",['adelestancati'],['LavorareStanca']," Qualche volta la vedo, e mi vive dinanzi definita, immutabile, come un ricordo. LavorareStanca Cesare Pavese DalCat…",140,117,17
2022-02-24 23:05:44,RT @vale_ntina_93: Alfonso signorini è il peggiore conduttore che esiste in tutta la faccia della terra! #jeru #gfvip,['vale_ntina_93'],"['jeru', 'gfvip']", Alfonso signorini è il peggiore conduttore che esiste in tutta la faccia della terra! jeru gfvip,117,97,16
2022-02-24 09:09:29,"""lui non la bacia è tutta strategia""
forse nat non riesce a capire che a baru baciare jess solo per il gioco non interessa anzi, lui sta cercando di salvaguardare sempre di più la loro intimità perché ci tiene a proteggere cosa stanno costruendo
#jeru https://t.co/Ac5PbRAgDC",[],['jeru'],"""lui non la bacia è tutta strategia"" forse nat non riesce a capire che a baru baciare jess solo per il gioco non interessa anzi, lui sta cercando di salvaguardare sempre di più la loro intimità perché ci tiene a proteggere cosa stanno costruendo jeru",275,250,45
2022-02-23 18:15:54,@MauroLeonardi3 Per mia madre e per mia sorella 🙏,['MauroLeonardi3'],[],Per mia madre e per mia sorella 🙏,49,33,8
2022-02-24 03:49:03,"RT @unagiaslifes: QUEL BACIO VOLANTE SAI DOVE GLIELO DOVEVI DARE?? ECCO, NON TE LO DICO GUARDA😂💀 #jeru https://t.co/jiUJlLGxyX",['unagiaslifes'],['jeru']," QUEL BACIO VOLANTE SAI DOVE GLIELO DOVEVI DARE?? ECCO, NON TE LO DICO GUARDA😂💀 jeru",126,84,15
2022-02-24 23:00:19,sun nessuno ti trattiene fuori fila a fare da badante a katiuscia 😔✋🏼,[],[],sun nessuno ti trattiene fuori fila a fare da badante a katiuscia 😔✋🏼,69,69,13
2022-02-24 12:15:17,"RT @_ELiEclipse: Occhio non vede, vede comunque.",['_ELiEclipse'],[]," Occhio non vede, vede comunque.",48,32,5
2022-02-25 06:18:01,@giuseppefalaga1 Anche a te ☺☕⚘,['giuseppefalaga1'],[],Anche a te ☺☕⚘,31,14,4
2022-02-25 00:06:53,"RT @GiovaQuez: Johnson (UK): ""Gli oligarchi russi anche a Londra non troveranno un posto dove potersi nascondere""",['GiovaQuez'],[]," Johnson (UK): ""Gli oligarchi russi anche a Londra non troveranno un posto dove potersi nascondere""",113,99,15
2022-02-25 01:54:09,"RT @ciclocinico: Mi avete chiesto il braccio e non ve l'ho dato, me lo avete messo nel culo e ho stretto i denti, mi avete chiesto pure il…",['ciclocinico'],[]," Mi avete chiesto il braccio e non ve l'ho dato, me lo avete messo nel culo e ho stretto i denti, mi avete chiesto pure il…",139,123,26
2022-02-24 19:39:02,@wonhosimpp no dai fratellone,['wonhosimpp'],[],no dai fratellone,29,17,3
2022-02-25 04:58:13,"I just posted ""HEARN, oltre essere una Criptovaluta deflazionistica, nasce come piattaforma che permette di bloccare i tuoi BUSD (criptovaluta ancorata al dollaro di Binance) e guadagnare un interesse annuo"" on Reddit

https://t.co/IFQLL6VJoa",[],[],"I just posted ""HEARN, oltre essere una Criptovaluta deflazionistica, nasce come piattaforma che permette di bloccare i tuoi BUSD (criptovaluta ancorata al dollaro di Binance) e guadagnare un interesse annuo"" on Reddit",242,217,32
2022-02-24 18:38:14,"RT @davidallegranti: A San Pietroburgo, in piazza russi contrari all’invasione https://t.co/oeS2V7zJ3o",['davidallegranti'],[]," A San Pietroburgo, in piazza russi contrari all’invasione",102,58,8
2022-02-23 19:34:50,"RT @Esticai1: J: Ogni volta che fa punto si gira verso di me ⚰️⚰️
#jeru",['Esticai1'],['jeru'], J: Ogni volta che fa punto si gira verso di me ⚰️⚰️ jeru,71,57,13
2022-02-23 16:54:42,è inutile il dislike se non so neanche quando me lo mettono,[],[],è inutile il dislike se non so neanche quando me lo mettono,59,59,12
2022-02-23 19:41:39,Silenzi per cena.,[],[],Silenzi per cena.,17,17,3
2022-02-24 06:46:44,@FloraDeli2 Sono curioso di vedere che uso ne fai dell'oggetto che tieni tra i piedi? 😜😜🔥🔥🔥🔥💋,['FloraDeli2'],[],Sono curioso di vedere che uso ne fai dell'oggetto che tieni tra i piedi? 😜😜🔥🔥🔥🔥💋,93,81,15
2022-02-24 21:52:46,#gfvip  KATIA PORCA MISERIA hai detto che Lulu sta xla gambe aperte ma smettetela con gli applausi pilotati...che schifo,[],['gfvip'],gfvip KATIA PORCA MISERIA hai detto che Lulu sta xla gambe aperte ma smettetela con gli applausi pilotati...che schifo,120,118,19
2022-02-23 21:00:37,"@Spartaculo1 @ivanscalfarotto @luigidimaio non potevo dirlo meglio, perfetto :)","['Spartaculo1', 'ivanscalfarotto', 'luigidimaio']",[],"non potevo dirlo meglio, perfetto :)",79,36,6
2022-02-23 18:33:58,RT @Lorenzo62752880: Togliere il green pass rafforzato all'aperto dal 1 aprile con gli altri Paesi già in piena normalità  sarebbe riaprire…,['Lorenzo62752880'],[], Togliere il green pass rafforzato all'aperto dal 1 aprile con gli altri Paesi già in piena normalità sarebbe riaprire…,140,119,19
2022-02-23 23:35:26,"ECCOLO.
99% DEI TWEET COSÌ",[],[],ECCOLO. 99% DEI TWEET COSÌ,26,26,5
2022-02-24 09:40:29,"RT @Gigadesires: Da Spadolini e Fanfani a Di Maio e Guerini.

Cosa può andare storto?",['Gigadesires'],[], Da Spadolini e Fanfani a Di Maio e Guerini. Cosa può andare storto?,85,68,13
2022-02-24 16:34:19,aaaaaaaaaaaaaaaaaaaaaaaaaaaaaaaaaaaaaah boooooeeeeenoooo,[],[],aaaaaaaaaaaaaaaaaaaaaaaaaaaaaaaaaaaaaah boooooeeeeenoooo,56,56,2
2022-02-25 06:03:58,"RT @pasqualevatino: Il mare della vita spinge forte,non fatevi contagiare dai cattivi pensieri che si insinuano infidamente...
#Buongiorno…",['pasqualevatino'],['Buongiorno']," Il mare della vita spinge forte,non fatevi contagiare dai cattivi pensieri che si insinuano infidamente... Buongiorno…",139,119,16
2022-02-23 16:28:45,@D3FENCVLESS da me stanno facendo la fashion week ma io ho il covid🕺,['D3FENCVLESS'],[],da me stanno facendo la fashion week ma io ho il covid🕺,68,55,12
2022-02-24 17:58:12,RT @hazsmyall: non siete obbligati a dire la vostra sulla situazione russia ucraina vi prego se non avete nulla di intelligente da dire non…,['hazsmyall'],[], non siete obbligati a dire la vostra sulla situazione russia ucraina vi prego se non avete nulla di intelligente da dire non…,140,126,22
2022-02-24 15:25:27,La quantità di puttanate che mi toccherà leggere in questi giorni...,[],[],La quantità di puttanate che mi toccherà leggere in questi giorni...,68,68,11
2022-02-25 03:52:34,@JoyMaiaL Esse é do DG menina,['JoyMaiaL'],[],Esse é do DG menina,29,19,5
2022-02-24 17:34:57,@GiovanniToti Un ligure partigiano e socialista.,['GiovanniToti'],[],Un ligure partigiano e socialista.,48,34,5
2022-02-23 18:06:59,"RT @Sun_shineBeauty: Letture di febbraio ☺️

#Reading #Shadowhunters https://t.co/XqMYq6lNq8",['Sun_shineBeauty'],"['Reading', 'Shadowhunters']", Letture di febbraio ☺️ Reading Shadowhunters,92,45,6
2022-02-24 21:47:13,"@info_zampa Mah, non mi sembravano molto convinti i capitani d'industria, leggasi oligarchi, a cui Putin cercava di spiegare oggi ""sì, avremo qualche sanzione, ma non vi rompo il giochino.""... Gli interessi imperialistici delle elites americane e russe non sono così patriottiche o diverse.",['info_zampa'],[],"Mah, non mi sembravano molto convinti i capitani d'industria, leggasi oligarchi, a cui Putin cercava di spiegare oggi ""sì, avremo qualche sanzione, ma non vi rompo il giochino.""... Gli interessi imperialistici delle elites americane e russe non sono così patriottiche o diverse.",290,278,42
2022-02-23 19:30:20,@Frances59466006 lo fa per minimizzare ma sa benissimo che quello che le ha detto lulu è una vittoria al gf che potrebbe sfumare è grave raga ovunque su internet lulu è passata malissimo,['Frances59466006'],[],lo fa per minimizzare ma sa benissimo che quello che le ha detto lulu è una vittoria al gf che potrebbe sfumare è grave raga ovunque su internet lulu è passata malissimo,186,169,32
2022-02-24 17:56:18,"RT @Atrebor78: “Fate le fusa, non fate la guerra!” #JunoTheCat per la pace 🙏🏻🤞🏻❤️ https://t.co/fGNKrlhant",['Atrebor78'],['JunoTheCat']," “Fate le fusa, non fate la guerra!” JunoTheCat per la pace 🙏🏻🤞🏻❤️",105,66,12
2022-02-24 13:28:20,RT @soansiosaa: Sono a pezzi in tutti in sensi oggi..🙏🏼 https://t.co/29IeDjIyKz,['soansiosaa'],[], Sono a pezzi in tutti in sensi oggi..🙏🏼,79,40,8
2022-02-24 01:37:49,Se ci sta quanto J in confessionale siamo fritti  #jeru,[],['jeru'],Se ci sta quanto J in confessionale siamo fritti jeru,55,53,10
2022-02-24 10:50:04,@boccadivelluto Tutta la mano basterebbe?,['boccadivelluto'],[],Tutta la mano basterebbe?,41,25,4
2022-02-23 20:05:17,"Giulia, per una volta. Fatti li caxxi tua!!! #upas",[],['upas'],"Giulia, per una volta. Fatti li caxxi tua!!! upas",50,49,9
2022-02-23 20:06:25,RT @GassmanGassmann: Troppo forti!!👍 https://t.co/xr4hfgvkt0,['GassmanGassmann'],[], Troppo forti!!👍,60,16,2
2022-02-23 17:21:01,@catiuz92 Io sto morendo 😂😂😂😂,['catiuz92'],[],Io sto morendo 😂😂😂😂,29,19,4
2022-02-24 22:19:52,Baru ha sentito quello che ha detto Katia su Jessica riguardo la dignità è PER QUESTO CHE È NERO #jeru,[],['jeru'],Baru ha sentito quello che ha detto Katia su Jessica riguardo la dignità è PER QUESTO CHE È NERO jeru,102,101,20
2022-02-24 19:30:51,RT @martinaFirenze: Aspettando la nostra Queen Giulia Salemi #GFVIPPARTY #prelemi https://t.co/cOdTe0daUc,['martinaFirenze'],"['GFVIPPARTY', 'prelemi']", Aspettando la nostra Queen Giulia Salemi GFVIPPARTY prelemi,105,60,8
2022-02-23 16:17:13,@Alenize82 @GeorgeSpalluto Però effettivamente sembra out,"['Alenize82', 'GeorgeSpalluto']",[],Però effettivamente sembra out,57,30,4
2022-02-23 17:59:04,"poi ho notato pure che non necessito di avere una lettura dei tarocchi ogni giorno, bo lo capisco da solo quando dovrei averne bisogno .. e proprio lì non ne sbagliano neanche una",[],[],"poi ho notato pure che non necessito di avere una lettura dei tarocchi ogni giorno, bo lo capisco da solo quando dovrei averne bisogno .. e proprio lì non ne sbagliano neanche una",179,179,33
2022-02-23 16:26:10,"RT @orsobaru: Vi prego adesso non vi impallate su questo aereo perché, per come sono cotti e per come stanno gestendo il pressing della cas…",['orsobaru'],[]," Vi prego adesso non vi impallate su questo aereo perché, per come sono cotti e per come stanno gestendo il pressing della cas…",140,127,23
2022-02-23 19:18:00,@SaCharlieFlo Cosa togliere allora!!?? 🤣Ecco sono in crisi 😂😂😂,['SaCharlieFlo'],[],Cosa togliere allora!!?? 🤣Ecco sono in crisi 😂😂😂,62,48,8
2022-02-23 17:31:08,RT @H4BITTT: damiano a te stava sul cazzo qualcuno in particolare nel cast??? #gavetta,['H4BITTT'],['gavetta'], damiano a te stava sul cazzo qualcuno in particolare nel cast??? gavetta,86,73,12
2022-02-24 02:19:05,RT @Cactusjvck___: « Fato » https://t.co/mRuOp88a2h,['Cactusjvck___'],[], « Fato »,51,9,3
2022-02-23 17:28:24,@Franca84366210 Anche a te Franca 😊,['Franca84366210'],[],Anche a te Franca 😊,35,19,5
2022-02-24 00:38:27,Comunque io da bimba mi sono seduta in braccio a BabyK . Lo confesso. #jeru,[],['jeru'],Comunque io da bimba mi sono seduta in braccio a BabyK . Lo confesso. jeru,75,74,15
2022-02-23 19:14:04,RT @Th_BigTune: Unapostia nani pombe ya mia tatu😂🚮,['Th_BigTune'],[], Unapostia nani pombe ya mia tatu😂🚮,50,35,6
2022-02-24 18:32:24,"@lula_aseu Ti ringrazio Vilma, un abbraccio e una carezze per la tua cara Lola 🐾🐾😘",['lula_aseu'],[],"Ti ringrazio Vilma, un abbraccio e una carezze per la tua cara Lola 🐾🐾😘",82,71,14
2022-02-23 18:11:28,Sono a casa finalmente,[],[],Sono a casa finalmente,22,22,4
2022-02-25 07:14:53,VOTIAMO VOTIAMO VOTIAMO #MirianaTrevisan #miriangeles #miriagio #jessivip #JERU #LuluSelassie #lulumanuel #fairylulu #GFvip,[],"['MirianaTrevisan', 'miriangeles', 'miriagio', 'jessivip', 'JERU', 'LuluSelassie', 'lulumanuel', 'fairylulu', 'GFvip']",VOTIAMO VOTIAMO VOTIAMO MirianaTrevisan miriangeles miriagio jessivip JERU LuluSelassie lulumanuel fairylulu GFvip,123,114,12
2022-02-24 20:18:10,@Abby_Someone Scusa alloraa 😂😂😂 comunque il nome è geniale ✈️✈️,['Abby_Someone'],[],Scusa alloraa 😂😂😂 comunque il nome è geniale ✈️✈️,63,49,9
2022-02-24 19:38:58,"RT @sscnapoli: I giocatori della SSC Napoli e del @FCBarcelona, prima dell’inizio della partita, mostreranno uno striscione con il messaggi…","['sscnapoli', 'FCBarcelona']",[]," I giocatori della SSC Napoli e del , prima dell’inizio della partita, mostreranno uno striscione con il messaggi…",140,114,18
2022-02-24 15:36:58,RT @Emilystellaemi2: NON COMPRIAMO COSMETICI TESTATI SU ANIMALI. 🙏🙏🙏🙏🙏🙏 https://t.co/qwxtuUsZKb,['Emilystellaemi2'],[], NON COMPRIAMO COSMETICI TESTATI SU ANIMALI. 🙏🙏🙏🙏🙏🙏,95,51,7
2022-02-24 15:19:05,"Muore a 27 anni, choc e lacrime per Gabriele https://t.co/2jyfAWdCKP",[],[],"Muore a 27 anni, choc e lacrime per Gabriele",68,44,9
2022-02-24 20:02:51,sjskksdjjffjjjj el nivel de TUITAZO,[],[],sjskksdjjffjjjj el nivel de TUITAZO,35,35,5
2022-02-24 08:27:13,@21ciggs Un timidone ti prego io li amo da morire come si superano,['21ciggs'],[],Un timidone ti prego io li amo da morire come si superano,66,57,12
2022-02-24 08:20:45,"🔴LOTTIAMO INSIEME PER LIBERTÀ E DIRITTI🔴
Senza minacce, violenza e prevaricazione
La Verità la urliamo in faccia ai nazisti bugiardi con un linguaggio duro che non ha nulla di illegale
#ViVi 👉https://t.co/WMayj5dcS1

#ilvaccinouccide #novax #Norimberga2 #quartadose #Belve .",[],"['ViVi', 'ilvaccinouccide', 'novax', 'Norimberga2', 'quartadose', 'Belve']","🔴LOTTIAMO INSIEME PER LIBERTÀ E DIRITTI🔴 Senza minacce, violenza e prevaricazione La Verità la urliamo in faccia ai nazisti bugiardi con un linguaggio duro che non ha nulla di illegale ViVi 👉 ilvaccinouccide novax Norimberga2 quartadose Belve .",274,244,38
2022-02-23 18:07:04,Con un mio commento selle contromisure delle cancellerie occidentali minori all'escalation di tensione fra #Russia 🇷🇺 e #Ucraina 🇺🇦,[],"['Russia', 'Ucraina']",Con un mio commento selle contromisure delle cancellerie occidentali minori all'escalation di tensione fra Russia 🇷🇺 e Ucraina 🇺🇦,131,129,19
2022-02-24 00:21:34,Cruzzi❤️❤️❤️❤️,[],[],Cruzzi❤️❤️❤️❤️,14,14,1
2022-02-23 16:23:32,RT @giadasmars: Ho sentito Draghi parlare di un’inaccettabile violazione della sovranità democratica ahahahahahahahah,['giadasmars'],[], Ho sentito Draghi parlare di un’inaccettabile violazione della sovranità democratica ahahahahahahahah,117,102,11
2022-02-24 08:47:38,L'europa sanziona putin  e lui minaccia con la bomba atomica si vede che noi non abbiamo capito una beata minchia,[],[],L'europa sanziona putin e lui minaccia con la bomba atomica si vede che noi non abbiamo capito una beata minchia,113,112,20
2022-02-24 11:21:53,quella sensazione di quando ti arriva un messaggio inaspettato da una persona che non senti da una vita e ti lascia comunque contenta,[],[],quella sensazione di quando ti arriva un messaggio inaspettato da una persona che non senti da una vita e ti lascia comunque contenta,133,133,23
2022-02-24 19:54:24,NON IL MERDOLINO A LOL,[],[],NON IL MERDOLINO A LOL,22,22,5
2022-02-24 09:10:32,"@matteosalvinimi Ciao Matteo Salvini, nel tuo tweet manca il nome dell’aggressore. Merdaaaaaa",['matteosalvinimi'],[],"Ciao Matteo Salvini, nel tuo tweet manca il nome dell’aggressore. Merdaaaaaa",93,76,11
2022-02-24 10:26:41,"@gggiusiii Ma può essere grave come dici tu anche se parla della redazione e dice cose che per contratto non si possono dire !!! Alessandro basciano rideva con lei sulla questione , lulu era impassibile per come è fatta lei se avesse toccato la famiglia come dicono avrebbe sbraitato",['gggiusiii'],[],"Ma può essere grave come dici tu anche se parla della redazione e dice cose che per contratto non si possono dire !!! Alessandro basciano rideva con lei sulla questione , lulu era impassibile per come è fatta lei se avesse toccato la famiglia come dicono avrebbe sbraitato",283,272,48
2022-02-24 22:01:03,"RT @Ilconservator: 1) La  Russia  si  prende  l’Ucraina
2) La  Cina  si  prende  Taiwan
3) L'€uropa  se  la  prende  nel  culo",['Ilconservator'],[], 1) La Russia si prende l’Ucraina 2) La Cina si prende Taiwan 3) L'€uropa se la prende nel culo,126,95,19
2022-02-24 22:23:09,RT @fendente1: Condividere spesso salva una vita🙏🙏❤🐾🍀 https://t.co/KgPSazM4fU,['fendente1'],[], Condividere spesso salva una vita🙏🙏❤🐾🍀,77,39,5
2022-02-23 18:07:29,non posso smettere di ascoltare lui che dice il suo nome in francese aiuto,[],[],non posso smettere di ascoltare lui che dice il suo nome in francese aiuto,74,74,14
2022-02-24 11:13:43,"RT @arkanl_neriman: Giuseppe Verdi
La Traviata -Maria Callas ❤️❤️ https://t.co/W5NOmwNAaD",['arkanl_neriman'],[], Giuseppe Verdi La Traviata -Maria Callas ❤️❤️,89,46,7
2022-02-23 16:51:04,"io invece penso il contrario ok la lontananza è pesante ma spesso può essere un modo per capire di più, vedi quanti passi ha fatto alessandro da quando è uscita + ci sono anche i presupposti per una bella storia fuori, poi tutto può accadere ma a quel punto chi mi riprenderà? https://t.co/zV0E9nou7p",[],[],"io invece penso il contrario ok la lontananza è pesante ma spesso può essere un modo per capire di più, vedi quanti passi ha fatto alessandro da quando è uscita + ci sono anche i presupposti per una bella storia fuori, poi tutto può accadere ma a quel punto chi mi riprenderà?",300,276,52
2022-02-24 09:57:16,"RT @VeronicaGianno2: Ennesima posizione di #fiducia del #Governo. Ennesimo #NO.
Questo Governo non è degno della mia fiducia.
#NoGreeenPass…",['VeronicaGianno2'],"['fiducia', 'Governo', 'NO', 'NoGreeenPass']", Ennesima posizione di fiducia del Governo. Ennesimo NO. Questo Governo non è degno della mia fiducia. NoGreeenPass…,140,116,17
2022-02-24 21:07:08,@LuxuryGirl_XXX Complimenti. Siamo tutti umani. Non dobbiamo ripetere gli errori del passato. Se sei russa non vuol dire che sei a favore della guerra. Tutti noi vogliamo vivere in pace e speriamo di farlo #StopWar,['LuxuryGirl_XXX'],['StopWar'],Complimenti. Siamo tutti umani. Non dobbiamo ripetere gli errori del passato. Se sei russa non vuol dire che sei a favore della guerra. Tutti noi vogliamo vivere in pace e speriamo di farlo StopWar,214,197,34
2022-02-24 23:40:46,@nnastyxmir Fatte della stessa pasta,['nnastyxmir'],[],Fatte della stessa pasta,36,24,4
2022-02-24 19:38:53,"RT @Comewhatmaay: “caso mai devo esprimere i miei sentimenti” 

MA DIMMI DI PIÙ BARULINO 

#jeru https://t.co/0QBmtQAZPE",['Comewhatmaay'],['jeru'], “caso mai devo esprimere i miei sentimenti” MA DIMMI DI PIÙ BARULINO jeru,120,74,13
2022-02-23 18:57:38,RT @SanticoliPiera: @priscilla628900 Onore a questo grande scienziato.🙏🌻,"['SanticoliPiera', 'priscilla628900']",[], Onore a questo grande scienziato.🙏🌻,72,36,5
2022-02-24 10:23:36,"RT @NicolaPorro: 🔴Ultima ora 🔴 ""Abbiamo abbattuto sei caccia russi"". #Putin attacca, in #Ucraina è guerra (IL VIDEO) 👇
https://t.co/D0JjJcL…",['NicolaPorro'],"['Putin', 'Ucraina']"," 🔴Ultima ora 🔴 ""Abbiamo abbattuto sei caccia russi"". Putin attacca, in Ucraina è guerra (IL VIDEO) 👇",140,100,17
2022-02-23 22:56:20,"@federicofubini Ucraina occasione per i morti in piedi:
1. Biden, leader disastroso. A USA dà fastidio aumento dipendenza Europa gas russo 
2. NATO, organizzazione nata per combattere Russia. Peccato che il nemico unico sia la Cina.
3. UE, 20 anni di disastri ma continua a volersi espandere",['federicofubini'],[],"Ucraina occasione per i morti in piedi: 1. Biden, leader disastroso. A USA dà fastidio aumento dipendenza Europa gas russo 2. NATO, organizzazione nata per combattere Russia. Peccato che il nemico unico sia la Cina. 3. UE, 20 anni di disastri ma continua a volersi espandere",291,274,46
2022-02-23 21:38:42,"RT @Isabella00089: @alessan02865224 Grazie caro Alessandro😊
Ti auguro una dolcissima notte🌟💫😘😘🌹 https://t.co/8GDVypEHt4","['Isabella00089', 'alessan02865224']",[], Grazie caro Alessandro😊 Ti auguro una dolcissima notte🌟💫😘😘🌹,119,60,8
2022-02-24 09:44:56,"RT @66thand2nd: Amici milanisti (e non) è in libreria ""Il Milan col sole in tasca. Gli anni 1986-1994"" di @gippu1. 🎉

L’avventura del Milan…","['66thand2nd', 'gippu1']",[]," Amici milanisti (e non) è in libreria ""Il Milan col sole in tasca. Gli anni 1986-1994"" di . 🎉 L’avventura del Milan…",140,117,22
2022-02-24 19:34:24,@v_molapisi @Bubbles_0289 Vero. Hare ha gona banna,"['v_molapisi', 'Bubbles_0289']",[],Vero. Hare ha gona banna,50,24,5
2022-02-24 22:57:51,"IL PRESIDENTE UCRAINO POI DOVREBBE STARE PIU' VICINO ALLA GENTE, DOVREBBE SCENDERE IN PIAZZA E' RISOLVERE TUTTI I PROBLEMI DELLE FAMIGLIE. E' UNA PERSONA SICURAMENTE 
MOLTO INTELLIGENTE MA ANCHE MOLTO ASSENTE.",[],[],"IL PRESIDENTE UCRAINO POI DOVREBBE STARE PIU' VICINO ALLA GENTE, DOVREBBE SCENDERE IN PIAZZA E' RISOLVERE TUTTI I PROBLEMI DELLE FAMIGLIE. E' UNA PERSONA SICURAMENTE MOLTO INTELLIGENTE MA ANCHE MOLTO ASSENTE.",209,208,31
2022-02-24 22:03:12,@GrandeFratello spero che l'anno prossimo non ci sia signorini è veramente di parte... Katia si sente Pavarotti ma se non la sposava Pippo Baudo chi la conosceva... È cattiva proprio dall'alto della sua età dovrebbe essere un esempio invece è pessima...,['GrandeFratello'],[],spero che l'anno prossimo non ci sia signorini è veramente di parte... Katia si sente Pavarotti ma se non la sposava Pippo Baudo chi la conosceva... È cattiva proprio dall'alto della sua età dovrebbe essere un esempio invece è pessima...,253,237,40
2022-02-24 10:20:54,@michelericcia16 Purtroppo nn vi era spazio alla diplomazia...sono anni che Putin voleva invaderci,['michelericcia16'],[],Purtroppo nn vi era spazio alla diplomazia...sono anni che Putin voleva invaderci,98,81,12
2022-02-24 22:58:17,"RT @_amantedelcine_: ""Non sono le nostre capacità che determinano chi siamo davvero, sono le nostre scelte.”
#HarryPotter https://t.co/IwbM…",['_amantedelcine_'],['HarryPotter']," ""Non sono le nostre capacità che determinano chi siamo davvero, sono le nostre scelte.” HarryPotter",140,100,15
2022-02-24 21:58:10,@Chiara_0341 Meglio così ahahah,['Chiara_0341'],[],Meglio così ahahah,31,18,3
2022-02-23 18:35:03,"IL MITTELEUROPEO: Il ministro degli Esteri russo Lavrov : "" Di Maio ... https://t.co/eDwWsTjOLV",[],[],"IL MITTELEUROPEO: Il ministro degli Esteri russo Lavrov : "" Di Maio ...",95,71,13
2022-02-24 15:20:42,@FullMetalGlicoz beh nel caso se faccio strike passo in vantaggio alle bocce,['FullMetalGlicoz'],[],beh nel caso se faccio strike passo in vantaggio alle bocce,76,59,11
2022-02-24 17:43:37,"Kharaz gravemente ferito, ha perso conoscenza ed entrambi sono rimasti intrappolati nell'auto.
Suo figlio Muhammad è stato salvato da un palestinese di passaggio. Alcuni minuti dopo sono arrivate diverse jeep militari israeliane e un'ambulanza. ⬇14 https://t.co/t7jQUlRBhp",[],[],"Kharaz gravemente ferito, ha perso conoscenza ed entrambi sono rimasti intrappolati nell'auto. Suo figlio Muhammad è stato salvato da un palestinese di passaggio. Alcuni minuti dopo sono arrivate diverse jeep militari israeliane e un'ambulanza. ⬇14",272,248,35
2022-02-24 00:14:08,l'ho detto e immagino fosse lx sux amikettx perché fa non credo sia un problema ce l'abbiamo fatta fino ad adesso amœ hai portato yae pure lei buildata di merda io non parlerei considerato che abbiamo finito il domain grazie a me e all'altro giocatore,[],[],l'ho detto e immagino fosse lx sux amikettx perché fa non credo sia un problema ce l'abbiamo fatta fino ad adesso amœ hai portato yae pure lei buildata di merda io non parlerei considerato che abbiamo finito il domain grazie a me e all'altro giocatore,251,251,45
2022-02-24 21:07:43,@poorlostchihiro curiosità: come mai hai cambiato? ti sei trovata male?,['poorlostchihiro'],[],curiosità: come mai hai cambiato? ti sei trovata male?,71,54,9
2022-02-24 15:03:49,"RT @MarcoBellinazzo: Mi aspetto che la Uefa cambi le sedi della Finale Champions 2022 a San Pietroburgo e della Supercoppa 2023 a Kazan, ri…",['MarcoBellinazzo'],[]," Mi aspetto che la Uefa cambi le sedi della Finale Champions 2022 a San Pietroburgo e della Supercoppa 2023 a Kazan, ri…",140,120,22
2022-02-24 19:01:28,@AiRaLi_Aries Zitti zitti..... Speriamo che sia molto impegnato nelle sue cose,['AiRaLi_Aries'],[],Zitti zitti..... Speriamo che sia molto impegnato nelle sue cose,78,64,10
2022-02-24 14:01:41,RT @grzripigliati: la grande soprano uscita da lì non potrà vedere come si evolverà la storia tra i beliebers perché sarà troppo impegnata…,['grzripigliati'],[], la grande soprano uscita da lì non potrà vedere come si evolverà la storia tra i beliebers perché sarà troppo impegnata…,139,121,21
2022-02-24 23:22:44,RT @ChiaraBovagnet: Ma basta BASTA ma vi rendete conto che è il terzo blocco su uno che nemmeno in studio? @GrandeFratello boh sono le 00.1…,"['ChiaraBovagnet', 'GrandeFratello']",[], Ma basta BASTA ma vi rendete conto che è il terzo blocco su uno che nemmeno in studio? boh sono le 00.1…,140,105,22
2022-02-24 13:34:19,@MichelaMeloni1 Al nero preferisco il 'fumo di Londra'!,['MichelaMeloni1'],[],Al nero preferisco il 'fumo di Londra'!,55,39,7
2022-02-24 23:26:15,"#GFvip prestata, seeeee. Pecunia non olet.",[],['GFvip'],"GFvip prestata, seeeee. Pecunia non olet.",42,41,6
2022-02-24 14:41:29,"@AXBproduction Ma vergognati a fare ste buffonate pure oggi 
Non ti considera nessuno 
Ti sei arricchito con uno show per cui se fossi stato a teatro sarebbero usciti tutti",['AXBproduction'],[],Ma vergognati a fare ste buffonate pure oggi Non ti considera nessuno Ti sei arricchito con uno show per cui se fossi stato a teatro sarebbero usciti tutti,172,155,28
2022-02-24 17:35:46,RT @intuslegens: #Crisanti spiega: se aboliamo tutte le restrizioni ora che la quasi totalità delle persone è protetta e il virus è innocuo…,['intuslegens'],['Crisanti'], Crisanti spiega: se aboliamo tutte le restrizioni ora che la quasi totalità delle persone è protetta e il virus è innocuo…,140,123,21
2022-02-24 09:04:06,"RT @RadioRadioWeb: ""Il sistema immunitario è talmente depresso dopo la terza dose e ancora di più dopo la quarta che è come se si fosse pre…",['RadioRadioWeb'],[]," ""Il sistema immunitario è talmente depresso dopo la terza dose e ancora di più dopo la quarta che è come se si fosse pre…",140,122,24
2022-02-24 17:47:04,RT @PpBombardieri: Condanniamo l’aggressione militare russa al territorio ucraino. In queste ore drammatiche la nostra solidarietà va al po…,['PpBombardieri'],[], Condanniamo l’aggressione militare russa al territorio ucraino. In queste ore drammatiche la nostra solidarietà va al po…,140,122,17
2022-02-24 18:03:59,"Oggi è una giornata triste e buia e non avevo condiviso nulla perché in questi casi mi isolo e mi chiudo in me stessa...
Ora questa pubblicità e il suo sorriso così dolce mi hanno donato una piccola carezza 🥺❤️
#NesrinCavadzade ✨🤍",[],['NesrinCavadzade'],Oggi è una giornata triste e buia e non avevo condiviso nulla perché in questi casi mi isolo e mi chiudo in me stessa... Ora questa pubblicità e il suo sorriso così dolce mi hanno donato una piccola carezza 🥺❤️ NesrinCavadzade ✨🤍,230,229,42
2022-02-24 12:22:46,stiamo guardando il tg da questa mattina,[],[],stiamo guardando il tg da questa mattina,40,40,7
2022-02-24 12:30:58,RT @sofianazzii: il livello di imbarazzo ogni volta che posto una mia foto è inspiegabile,['sofianazzii'],[], il livello di imbarazzo ogni volta che posto una mia foto è inspiegabile,89,73,13
2022-02-24 11:46:00,RT @OrtigiaP: IMPERDIBILE ANALISI SULLA SITUAZIONE RUSSIA UCRAINA In Ucraina Putin si avvicina alla vittoria e controlla la catena di appro…,['OrtigiaP'],[], IMPERDIBILE ANALISI SULLA SITUAZIONE RUSSIA UCRAINA In Ucraina Putin si avvicina alla vittoria e controlla la catena di appro…,140,127,19
2022-02-24 04:44:41,RT @TuMejorCita2022: Una foto de mi ano https://t.co/1ZrnCKIZjb,['TuMejorCita2022'],[], Una foto de mi ano,63,19,5
2022-02-25 00:14:58,"MADRE MIA ZAUDITÙ QUANTO CAZZO MI FAI ORGASMAREEEEEEEEEEEEEEEEEE🔥🔥🔥🔥🔥🔥🔥🔥🔥🔥🔥🔥🔥🔥🔥🔥🔥

#jeru",[],['jeru'],MADRE MIA ZAUDITÙ QUANTO CAZZO MI FAI ORGASMAREEEEEEEEEEEEEEEEEE🔥🔥🔥🔥🔥🔥🔥🔥🔥🔥🔥🔥🔥🔥🔥🔥🔥 jeru,88,86,9
2022-02-23 17:40:37,"@elio_vito @Cittadinanza_21 Eh intanto è no, però!","['elio_vito', 'Cittadinanza_21']",[],"Eh intanto è no, però!",50,22,5
2022-02-24 10:32:36,Eco qua. Volevamo l’asteroide e invece è arrivato lui.,[],[],Eco qua. Volevamo l’asteroide e invece è arrivato lui.,54,54,9
2022-02-23 20:51:01,@GiorgiaMeloni Mah chi è sto tizio che non si è mai sporcato le mani lavorando ?  Giorgè dove vai pescare sta gentaglia ?,['GiorgiaMeloni'],[],Mah chi è sto tizio che non si è mai sporcato le mani lavorando ? Giorgè dove vai pescare sta gentaglia ?,121,105,22
2022-02-24 15:00:07,"@nclpcn “Un sogno, forse una favola”",['nclpcn'],[],"“Un sogno, forse una favola”",36,28,5
2022-02-24 16:22:11,"RT @Ju_Lies__: Sandra Milo in Giulietta degli spiriti di Federico Fellini, 1965 https://t.co/W6hzylBAnJ",['Ju_Lies__'],[]," Sandra Milo in Giulietta degli spiriti di Federico Fellini, 1965",103,65,10
2022-02-23 17:24:54,"#MONZA, LA TRUFFA SUI FONDI #COVID19 PER ”GODERSI LA VITA”, CON I SOLDI HANNO PAGATO LE RATE DEI ROLEX
DEDICATO A CHI SI SCANDALIZZA PER IL REDDITO DI CITTADINANZA, QUESTI SONO 22 IMPRENDITORI… HANNO PERCEPITO 460.000 EURO PER POI ACQUISTARE BENI DI LUSSO
https://t.co/2yutYMhHLK https://t.co/BS2cnQCNRd",[],"['MONZA', 'COVID19']","MONZA, LA TRUFFA SUI FONDI COVID19 PER ”GODERSI LA VITA”, CON I SOLDI HANNO PAGATO LE RATE DEI ROLEX DEDICATO A CHI SI SCANDALIZZA PER IL REDDITO DI CITTADINANZA, QUESTI SONO 22 IMPRENDITORI… HANNO PERCEPITO 460.000 EURO PER POI ACQUISTARE BENI DI LUSSO",303,253,43
2022-02-24 05:26:37,"RT @GfveGianfra: Tic tac tic tac, it's later than you think! Se non vi date una mossa per cercare di curarvi e chiedere giustizia per quant…",['GfveGianfra'],[]," Tic tac tic tac, it's later than you think! Se non vi date una mossa per cercare di curarvi e chiedere giustizia per quant…",140,124,24
2022-02-23 20:50:25,@Ilariapriv Fonte che tifo McLaren ?,['Ilariapriv'],[],Fonte che tifo McLaren ?,36,24,5
2022-02-24 15:18:10,@MediasetTgcom24 Faccia silenzio ...è meglio x tutti,['MediasetTgcom24'],[],Faccia silenzio ...è meglio x tutti,52,35,6
2022-02-23 20:25:59,non ma mia crush della palestra che torna dopo MESI col baffetto😭,[],[],non ma mia crush della palestra che torna dopo MESI col baffetto😭,65,65,12
2022-02-24 07:15:02,"#Guerra: #Putin ha annunciato un’operazione militare della #Russia in #Ucraina per difendere i separatisti nell’est del Paese. Tutti i dettagli nell’articolo in aggiornamento
https://t.co/pquY0owM6m",[],"['Guerra', 'Putin', 'Russia', 'Ucraina']",Guerra: Putin ha annunciato un’operazione militare della Russia in Ucraina per difendere i separatisti nell’est del Paese. Tutti i dettagli nell’articolo in aggiornamento,198,170,23
2022-02-24 18:42:07,@ilfoglio_it @GianlucaDeRosaS 😢😢😢😢😢 come ti abbraccia senza mascherina ....,"['ilfoglio_it', 'GianlucaDeRosaS']",[],😢😢😢😢😢 come ti abbraccia senza mascherina ....,75,45,7
2022-02-23 19:41:42,RT @MlSAFEHAVEN: ma se nemmeno swc non ha superato i misa come pretendo di poterlo fare io??? 👀 #PrisonBreak https://t.co/KvakZ1pR7i,['MlSAFEHAVEN'],['PrisonBreak'], ma se nemmeno swc non ha superato i misa come pretendo di poterlo fare io??? 👀 PrisonBreak,132,91,17
2022-02-23 16:25:49,"se pensano che io metta le storie per loro si sbagliano di grosso perché le storie le metto per me visto che le riguardo 3772929 volte al minuto, specialmente se so venuta abbastanza fregna",[],[],"se pensano che io metta le storie per loro si sbagliano di grosso perché le storie le metto per me visto che le riguardo 3772929 volte al minuto, specialmente se so venuta abbastanza fregna",189,189,34
2022-02-24 18:11:47,@RobertoLocate14 Che poi non lo diceva solo lui...,['RobertoLocate14'],[],Che poi non lo diceva solo lui...,50,33,7
2022-02-23 17:05:36,@G23Mld Ma l'assessore regionale al ramo non aveva detto che erano scomparse dal deposito?,['G23Mld'],[],Ma l'assessore regionale al ramo non aveva detto che erano scomparse dal deposito?,90,82,13
2022-02-24 19:32:00,"@Massimi68945038 Non ti viene in mente che lo devono mettere per regime di sicurezza? Che gli abitanti non ne hanno, che forse lo userebbero? Ma pensare prima di aprire bocca inutilmente?",['Massimi68945038'],[],"Non ti viene in mente che lo devono mettere per regime di sicurezza? Che gli abitanti non ne hanno, che forse lo userebbero? Ma pensare prima di aprire bocca inutilmente?",187,170,30
2022-02-24 15:53:56,RT @laura_ceruti: Quante sono le topiche prese da travaglio? Però non desiste !,['laura_ceruti'],[], Quante sono le topiche prese da travaglio? Però non desiste !,79,62,11
2022-02-24 20:53:45,"@ngiocoli Non credo possa peggiorare, che fa? Invade anche i paesi Nato?",['ngiocoli'],[],"Non credo possa peggiorare, che fa? Invade anche i paesi Nato?",72,62,11
2022-02-25 02:14:17,@CruzAzul Mi puto padre,['CruzAzul'],[],Mi puto padre,23,13,3
2022-02-25 00:00:08,"Dal paese, il presidente voleva resistere contando sul supporto dei altri stati che purtroppo oggi hanno annunciato che sarà Ucraina da sola contro la russia",[],[],"Dal paese, il presidente voleva resistere contando sul supporto dei altri stati che purtroppo oggi hanno annunciato che sarà Ucraina da sola contro la russia",157,157,25
2022-02-24 17:33:01,"Gigi Proietti ""Ninna nanna della guerra"" di Trilussa https://t.co/1eopnrCOUi",[],[],"Gigi Proietti ""Ninna nanna della guerra"" di Trilussa",76,52,8
2022-02-24 15:02:31,@i91ltw nn ho caoito,['i91ltw'],[],nn ho caoito,20,12,3
2022-02-24 11:03:23,"RT @ManuelaPerrone: ""Dove andiamo? Non riesco a dirlo -
guarda come arretriamo"". Mariangela Gualtieri, le uniche parole che mi vengono in m…",['ManuelaPerrone'],[]," ""Dove andiamo? Non riesco a dirlo - guarda come arretriamo"". Mariangela Gualtieri, le uniche parole che mi vengono in m…",140,121,20
2022-02-24 12:22:54,@_delyshinoda No vabbè la gente vive fuori dal mondo,['_delyshinoda'],[],No vabbè la gente vive fuori dal mondo,52,38,8
2022-02-23 17:48:02,Ahsjajahhahaha,[],[],Ahsjajahhahaha,14,14,1
2022-02-25 00:59:24,Non credo di avere la forza di uscire sabato sera,[],[],Non credo di avere la forza di uscire sabato sera,49,49,10
2022-02-24 09:49:01,"RT @_Guido_0: @EnricoLetta Bravi,okkio peró,un metro di distanza…tra i partecipanti,mascherine bene indossate e portate qualche involtino p…","['_Guido_0', 'EnricoLetta']",[]," Bravi,okkio peró,un metro di distanza…tra i partecipanti,mascherine bene indossate e portate qualche involtino p…",140,114,14
2022-02-24 22:06:50,Facciamo una crocs-ciata,[],[],Facciamo una crocs-ciata,24,24,3
2022-02-23 20:09:14,"RT @CyIachina: Meravigliosa creatura
Sei sola al mondo
Meravigliosa paura
Di averti accanto
#CanYamanLoveYou",['CyIachina'],['CanYamanLoveYou'], Meravigliosa creatura Sei sola al mondo Meravigliosa paura Di averti accanto CanYamanLoveYou,108,93,12
2022-02-24 11:44:49,RT @laragazzacolneo: Dopo la mia #reazioneavversa alla somministrazione della #primadose di #vaccino #Moderna… Mi hanno rovinato la #salute…,['laragazzacolneo'],"['reazioneavversa', 'primadose', 'vaccino', 'Moderna', 'salute']", Dopo la mia reazioneavversa alla somministrazione della primadose di vaccino Moderna… Mi hanno rovinato la salute…,140,115,16
2022-02-24 19:54:13,"@Marinettoski tappati quella cazzo di bocca e informati. La serbia iniziò letteralmente un genocidio contro il kosovo e come minimo la nato ha difeso bombardando belgrado, così da smettere quella pulizia etnica in atto.",['Marinettoski'],[],"tappati quella cazzo di bocca e informati. La serbia iniziò letteralmente un genocidio contro il kosovo e come minimo la nato ha difeso bombardando belgrado, così da smettere quella pulizia etnica in atto.",219,205,33
2022-02-24 12:43:42,"RT @Vale22046: ♡~*

Io mi consumo di incanto 
di fronte all’ineluttabilità 
di certi incastri.

Fabrizio Caramagna

#NellImponderabile 
#Ve…",['Vale22046'],['NellImponderabile'], ♡~* Io mi consumo di incanto di fronte all’ineluttabilità di certi incastri. Fabrizio Caramagna NellImponderabile Ve…,140,118,16
2022-02-23 20:30:08,@turbojr_ Ma buonasera 🤍,['turbojr_'],[],Ma buonasera 🤍,24,14,3
2022-02-24 16:33:19,"@StarlightVenice ...ma come cazzo si è vestita, non vede che sono tutti in fila per fare la spesa?...dai levati quella roba di dosso e prendi un carrello, muoviti...!!🤣🤣🤣",['StarlightVenice'],[],"...ma come cazzo si è vestita, non vede che sono tutti in fila per fare la spesa?...dai levati quella roba di dosso e prendi un carrello, muoviti...!!🤣🤣🤣",170,153,27
2022-02-23 21:13:43,@pmva_ Certo che si amore 🥰😘😘,['pmva_'],[],Certo che si amore 🥰😘😘,29,22,5
2022-02-24 11:02:42,Dolore e basta,[],[],Dolore e basta,14,14,3
2022-02-23 17:38:24,"RT @Meta__Moro: Comunque quando ha cercato di fare la cadenza di Milano per imitare Meta che non ha la cadenza di Milano, si è impegnato un…",['Meta__Moro'],[]," Comunque quando ha cercato di fare la cadenza di Milano per imitare Meta che non ha la cadenza di Milano, si è impegnato un…",140,125,24
2022-02-25 01:57:47,"senza nemmeno mai dirmi goodbye 
lascia che il resto mi uccida da dentro 💔
#iramanewalbum https://t.co/ob0LiN9gfw",[],['iramanewalbum'],senza nemmeno mai dirmi goodbye lascia che il resto mi uccida da dentro 💔 iramanewalbum,113,87,15
2022-02-24 22:22:33,"RT @Iperbole_: Sebastian Vettel: ""Sono scioccato e molto triste per quello che sta accadendo in #Ucraina. Per questo ho già deciso che non…",['Iperbole_'],['Ucraina']," Sebastian Vettel: ""Sono scioccato e molto triste per quello che sta accadendo in Ucraina. Per questo ho già deciso che non…",139,124,21
2022-02-23 22:40:34,@iIIajaemin @lovinatsu finchè non ha nei tag depressione morte suicidio va bene,"['iIIajaemin', 'lovinatsu']",[],finchè non ha nei tag depressione morte suicidio va bene,79,56,10
2022-02-24 15:45:49,RT @FortissimusVir: Lo sguardo di Lavrov... mentre contempla il nulla di fronte a lui. https://t.co/iecO36tewt,['FortissimusVir'],[], Lo sguardo di Lavrov... mentre contempla il nulla di fronte a lui.,110,67,12
2022-02-24 19:06:56,RT @annalisalisi072: ....Allora c'è speranza!!😊😀 https://t.co/HnjYGfcnRp,['annalisalisi072'],[], ....Allora c'è speranza!!😊😀,72,28,3
2022-02-24 12:04:44,"@alexhbw amore, sei proprio una persona speciale",['alexhbw'],[],"amore, sei proprio una persona speciale",48,39,6
2022-02-23 22:53:19,"la mia prof l'altro giorno in corridoio ha ascoltato tutto quello che ho dentro in questo periodo ed è stata troppo carina, perché mi ha dato davvero tantissima forza.🥲❤",[],[],"la mia prof l'altro giorno in corridoio ha ascoltato tutto quello che ho dentro in questo periodo ed è stata troppo carina, perché mi ha dato davvero tantissima forza.🥲❤",169,169,29
2022-02-24 08:13:53,"RT @guidop1967: Gli economisti non videro il crash del 2008

Virologi e scienziati non ne hanno presa una x virus

Ora è il tempo di geo-an…",['guidop1967'],[], Gli economisti non videro il crash del 2008 Virologi e scienziati non ne hanno presa una x virus Ora è il tempo di geo-an…,140,123,24
2022-02-25 07:18:23,"RT @MetalHe69092042: Vengono fuori, basta aspettare.....e li smascheriamo tutti! 😉",['MetalHe69092042'],[]," Vengono fuori, basta aspettare.....e li smascheriamo tutti! 😉",82,62,8
2022-02-24 08:42:21,RT @EatingWithNjall: e quando qui uscirà scritto “ultimi aggiornamenti sulla guerra” then what? #RussiaUkraineConflict https://t.co/p2vlMyx…,['EatingWithNjall'],['RussiaUkraineConflict'], e quando qui uscirà scritto “ultimi aggiornamenti sulla guerra” then what? RussiaUkraineConflict,140,97,12
2022-02-25 06:22:41,RT @veneredanzante: per me possono chiamarsi pure testa di cazzo ma il concetto sta tutto qui https://t.co/Gv8UXnNLsB,['veneredanzante'],[], per me possono chiamarsi pure testa di cazzo ma il concetto sta tutto qui,117,74,14
2022-02-24 21:42:32,RT @LaStampa: Il mondo scende in piazza per protestare contro l’invasione in Ucraina https://t.co/jo7jrwZROo,['LaStampa'],[], Il mondo scende in piazza per protestare contro l’invasione in Ucraina,108,71,11
2022-02-24 15:22:49,"RT @21gaiuz: prima di morire 
voglio scopare",['21gaiuz'],[], prima di morire voglio scopare,44,31,5
2022-02-24 16:17:24,"RT @Cartabellotta: ""Se la #guerra non viene buttata fuori dalla storia dagli uomini, sarà la guerra a buttare fuori gli uomini dalla storia…",['Cartabellotta'],['guerra']," ""Se la guerra non viene buttata fuori dalla storia dagli uomini, sarà la guerra a buttare fuori gli uomini dalla storia…",140,121,21
2022-02-24 08:36:04,"Al via il recupero dell’isola di San Severo a Venezia: Tra gli investimenti del gruppo New Fari figurano anche il faro dell'isola di Ponza per cui è previsto un investimento di 1,5 milioni di euro e il semaforo nuovo di Portofino https://t.co/0f9HNTleLG mercatoimmobiliare https://t.co/QZlFvnCT2b",[],[],"Al via il recupero dell’isola di San Severo a Venezia: Tra gli investimenti del gruppo New Fari figurano anche il faro dell'isola di Ponza per cui è previsto un investimento di 1,5 milioni di euro e il semaforo nuovo di Portofino mercatoimmobiliare",296,248,42
2022-02-24 15:57:48,"@onordelvero2 Chissà il primo erede come lo chiameranno ,raga siamo proprio oltre 🤣",['onordelvero2'],[],"Chissà il primo erede come lo chiameranno ,raga siamo proprio oltre 🤣",83,69,12
2022-02-24 17:57:22,Colonnati di San Francesco di Paola https://t.co/nbe3zlM6jx via @FacebookWatch,['FacebookWatch'],[],Colonnati di San Francesco di Paola via,78,39,7
2022-02-23 19:17:44,"RT @fdragoni: Momento ilare del giorno 😂😂😂😂😂😂😂😂😂😂😂😂😂😂😂😂😂
“Il nostro motto per l’Unione europea è: liberiamoci dalla dipendenza del gas russ…",['fdragoni'],[], Momento ilare del giorno 😂😂😂😂😂😂😂😂😂😂😂😂😂😂😂😂😂 “Il nostro motto per l’Unione europea è: liberiamoci dalla dipendenza del gas russ…,140,127,18
2022-02-23 17:18:56,"RT @ZenzonelliAep: francesca: ""io voglio vedere christian""
ed è subito 
#gavetta https://t.co/y43xYceQYY",['ZenzonelliAep'],['gavetta']," francesca: ""io voglio vedere christian"" ed è subito gavetta",104,60,9
2022-02-25 01:14:14,"RT @AmyTeahouse: Ma se voi mettete in una casa 3 principesse sconosciute sulla cui regalità sono stati avanzati dubbi dalla stampa, le cui…",['AmyTeahouse'],[]," Ma se voi mettete in una casa 3 principesse sconosciute sulla cui regalità sono stati avanzati dubbi dalla stampa, le cui…",139,123,21
2022-02-23 22:34:28,"RT @hankercrush: La prima foto sembra un dipinto stesso.
#LoveIsInTheAir",['hankercrush'],['LoveIsInTheAir'], La prima foto sembra un dipinto stesso. LoveIsInTheAir,72,55,8
2022-02-25 00:23:06,Posso farti una domanda?,[],[],Posso farti una domanda?,24,24,4
2022-02-23 23:09:15,"Manu che ci guarda sempre
Io ⬇️ #fairyspace https://t.co/Cg8RVHemXx",[],['fairyspace'],Manu che ci guarda sempre Io ⬇️ fairyspace,67,42,8
2022-02-24 14:36:16,@Antigon25386936 Buona serata favolosa amica sei stupenda e sexy https://t.co/TWVqjuEIFd,['Antigon25386936'],[],Buona serata favolosa amica sei stupenda e sexy,88,47,8
2022-02-24 22:12:18,@follettin89 quasi dimenticavo anche gli Houthi dello Yemen,['follettin89'],[],quasi dimenticavo anche gli Houthi dello Yemen,59,46,7
2022-02-23 17:20:33,"RT @anna01871270: Che vergogna!

https://t.co/LKGtLQsB9Q",['anna01871270'],[], Che vergogna!,56,14,2
2022-02-23 21:35:37,"RT @Lorenzo62752880: Decessi Covid ieri 22 febbraio:

Inghilterra (0 restrizioni) 170
Spagna (0 restrizioni) 173
Italia (green pass e super…",['Lorenzo62752880'],[], Decessi Covid ieri 22 febbraio: Inghilterra (0 restrizioni) 170 Spagna (0 restrizioni) 173 Italia (green pass e super…,140,119,18
2022-02-24 20:45:49,"RT @stdg1: UNA PREGHIERA SPECIALE per l’UCRAINA e per il MONDO- MARATONA SAN FRANCESCO
https://t.co/nJbw3UYr3e 
 La Russia invade l’Ucraina…",['stdg1'],[], UNA PREGHIERA SPECIALE per l’UCRAINA e per il MONDO- MARATONA SAN FRANCESCO La Russia invade l’Ucraina…,140,104,16
2022-02-23 18:14:16,RT @its_riavals: ma quanto è pazzesca questa canzone?! descrive perfettamente Miriana in tutte le sue parole e quindi ADORO #gfvip #miriang…,['its_riavals'],['gfvip'], ma quanto è pazzesca questa canzone?! descrive perfettamente Miriana in tutte le sue parole e quindi ADORO gfvip miriang…,140,122,19
2022-02-23 18:46:03,"Nuovo Articolo: Capo d’Orlando, guariti dal Covid-19 tre membri del gruppo squadra https://t.co/U7kPLE0FJY",[],[],"Nuovo Articolo: Capo d’Orlando, guariti dal Covid-19 tre membri del gruppo squadra",106,82,12
2022-02-24 17:42:38,@ekisdery DFGHJ DIOS MIO,['ekisdery'],[],DFGHJ DIOS MIO,24,14,3
2022-02-24 13:11:35,"Come sempre la storia insegna, ma l'essere umano non impara perché, dopo 200.000 anni, non si è ancora capito che è la guerra il problema al quale poi si dovranno cercare soluzioni, e non è la soluzione ai problemi.
.
.
#WWIII #Guerra #worldwar3 #NoWar",[],"['WWIII', 'Guerra', 'worldwar3', 'NoWar']","Come sempre la storia insegna, ma l'essere umano non impara perché, dopo 200.000 anni, non si è ancora capito che è la guerra il problema al quale poi si dovranno cercare soluzioni, e non è la soluzione ai problemi. . . WWIII Guerra worldwar3 NoWar",252,248,45
2022-02-24 22:03:43,"Tra un po' Solaio e Natalia litigheranno per chi, una volta uscite, farà da badante alla vecchia, non sapendo che la signora Ricciarelli è senza un soldo. #jessvip #gfvip",[],"['jessvip', 'gfvip']","Tra un po' Solaio e Natalia litigheranno per chi, una volta uscite, farà da badante alla vecchia, non sapendo che la signora Ricciarelli è senza un soldo. jessvip gfvip",170,168,29
2022-02-23 18:49:29,@bmariannah Sto bene facendo entrambe le cose. Pensa te...,['bmariannah'],[],Sto bene facendo entrambe le cose. Pensa te...,58,46,8
2022-02-24 20:01:30,Bugie non rilevate (ovviamente per quanto riguarda la dichiarazione),[],[],Bugie non rilevate (ovviamente per quanto riguarda la dichiarazione),68,68,9
2022-02-23 21:11:59,"Katia e Valeria semplicemente la mia vita io le amo moltissimo 
#michelleimpossible https://t.co/5wLev0RMSw",[],['michelleimpossible'],Katia e Valeria semplicemente la mia vita io le amo moltissimo michelleimpossible,107,81,12
2022-02-24 20:40:34,"Credo si possa continuare a parlare  di cose leggere, con il giusto rispetto per ciò che sta accadendo nel mondo https://t.co/0xcfbxPssx",[],[],"Credo si possa continuare a parlare di cose leggere, con il giusto rispetto per ciò che sta accadendo nel mondo",136,111,20
2022-02-23 19:46:10,RT @annap03___: @z3nz0nelli il prossimo anno💪🏻,"['annap03___', 'z3nz0nelli']",[], il prossimo anno💪🏻,46,19,3
2022-02-24 10:24:54,"RT @ProfCampagna: #RussiaUkraineConflict
#WWIII

""Ogni #guerra ha una costante: il 90% delle vittime sono civili che non hanno mai imbracci…",['ProfCampagna'],"['RussiaUkraineConflict', 'WWIII', 'guerra']"," RussiaUkraineConflict WWIII ""Ogni guerra ha una costante: il 90% delle vittime sono civili che non hanno mai imbracci…",140,119,18
2022-02-23 19:44:26,Pensieri e parole.,[],[],Pensieri e parole.,18,18,3
2022-02-24 14:33:38,@Th_Dm4570 E' stata questa l'ultima goccia per Putin...,['Th_Dm4570'],[],E' stata questa l'ultima goccia per Putin...,55,44,7
2022-02-23 21:46:51,"Magari lo scandaletto non c'è, però pare che gli animi...",[],[],"Magari lo scandaletto non c'è, però pare che gli animi...",57,57,10
2022-02-24 17:07:51,"vuole il mare ma ha paura dell'acqua
E forse il mare è dentro di lei https://t.co/CDsua0ilHN",[],[],vuole il mare ma ha paura dell'acqua E forse il mare è dentro di lei,92,68,15
2022-02-23 22:05:36,"RT @jacopo_iacoboni: Mosca insulta il ministro degli Esteri italiano, con violenza grottesca, in cui il Cremlino è specialista.

Sono solid…",['jacopo_iacoboni'],[]," Mosca insulta il ministro degli Esteri italiano, con violenza grottesca, in cui il Cremlino è specialista. Sono solid…",140,119,18
2022-02-23 19:57:09,RT @LaMbriaca: Ho voglia di spensieratezza!,['LaMbriaca'],[], Ho voglia di spensieratezza!,43,29,4
2022-02-24 19:25:54,"RT @colicolipas: Video Full Durasi
https://t.co/scIL272EyP https://t.co/rVHke5yWpT",['colicolipas'],[], Video Full Durasi,82,18,3
2022-02-23 20:30:35,"infatti sto aspettando
ah ecco qua
#chilhavisto",[],['chilhavisto'],infatti sto aspettando ah ecco qua chilhavisto,47,46,7
2022-02-23 20:23:42,"@Flavio54792481 Ciao, ci scusiamo per l'inconveniente. Puoi trovare alcune indicazioni su come risolvere i problemi più comuni qui: https://t.co/ljuShlKaSI. Se il problema persiste, contattaci cliccando il pulsante “Chatta ora” o “Chiamaci” che trovi alla fine della stessa pagina. -Maurizio",['Flavio54792481'],[],"Ciao, ci scusiamo per l'inconveniente. Puoi trovare alcune indicazioni su come risolvere i problemi più comuni qui: Se il problema persiste, contattaci cliccando il pulsante “Chatta ora” o “Chiamaci” che trovi alla fine della stessa pagina. -Maurizio",291,250,37
2022-02-25 01:51:57,"RT @beabeabon: La meraviglia di questa donna:

#JESSvip #gfvip  #jerù https://t.co/OMktB6Ewk6",['beabeabon'],"['JESSvip', 'gfvip', 'jerù']", La meraviglia di questa donna: JESSvip gfvip jerù,93,50,8
2022-02-24 19:52:21,Sento i rumori del circo,[],[],Sento i rumori del circo,24,24,5
2022-02-23 17:15:21,"GRANDIOSI👏👏👏👏👏❤️❤️❤️
GRANDE DOTTORESSA ❤️
SE LO MERITA 👈",[],[],GRANDIOSI👏👏👏👏👏❤️❤️❤️ GRANDE DOTTORESSA ❤️ SE LO MERITA 👈,56,56,8
2022-02-23 19:28:35,"RT @Luca_15_5: Ad Alessandro 26 anni è stata fatta la diagnosi di leucemia mieloide acuta
Se hai un'età fra 18 e i 35 anni, pesi più di 50…",['Luca_15_5'],[]," Ad Alessandro 26 anni è stata fatta la diagnosi di leucemia mieloide acuta Se hai un'età fra 18 e i 35 anni, pesi più di 50…",139,125,26
2022-02-25 06:53:52,@Luke77hirevv Sono circondata dagli studenti del bus che possono confermarlo!😂,['Luke77hirevv'],[],Sono circondata dagli studenti del bus che possono confermarlo!😂,78,64,9
2022-02-24 08:09:20,"Covid, Omicron si può prendere due volte in poco tempo https://t.co/gIXVKc9BRb #Sicilia #Notizie #Tp24",[],"['Sicilia', 'Notizie', 'Tp24']","Covid, Omicron si può prendere due volte in poco tempo Sicilia Notizie Tp24",102,75,13
2022-02-23 19:53:09,"@flaviafratello Siete servi della dittatura nazisanitaria che vuole imporre un'insensata vaccinazione con ogni mezzo, adducendo motivazioni il cui unico fondamento è la menzogna, trasformando individui sani in morti o schiavi malati.
#ViVi #NoVax #Novavax https://t.co/Rx2MPmVAyY",['flaviafratello'],"['ViVi', 'NoVax', 'Novavax']","Siete servi della dittatura nazisanitaria che vuole imporre un'insensata vaccinazione con ogni mezzo, adducendo motivazioni il cui unico fondamento è la menzogna, trasformando individui sani in morti o schiavi malati. ViVi NoVax Novavax",279,236,33
2022-02-23 16:48:36,in disco ormai si sente solo blanco😭,[],[],in disco ormai si sente solo blanco😭,36,36,7
2022-02-24 20:48:15,"RT @Ateezitalypriv: Curiosita 💡 | 24.02.22

Wonho: Non ho un piano ma… mi piacerebbe collaborare con gli Ateez! 

❤️

#ATEEZ #ATINY #WONHO…",['Ateezitalypriv'],"['ATEEZ', 'ATINY', 'WONHO']", Curiosita 💡 | 24.02.22 Wonho: Non ho un piano ma… mi piacerebbe collaborare con gli Ateez! ❤️ ATEEZ ATINY WONHO…,139,113,20
2022-02-25 06:46:58,"Tutto quello che ho letto in questi giorni mi ha solo confermato quanto ti amo @Inter 

A testa alta ovunque andiamo 🖤💙",['Inter'],[],Tutto quello che ho letto in questi giorni mi ha solo confermato quanto ti amo A testa alta ovunque andiamo 🖤💙,119,110,21
2022-02-23 18:01:22,RT @namelessniic: “noi siamo gli amici o la tipa che ti piace?” MI PISCIO SOTTO MAHMOOD QUEST’UOMO SCONNESSO https://t.co/RUAqIR9AiN,['namelessniic'],[], “noi siamo gli amici o la tipa che ti piace?” MI PISCIO SOTTO MAHMOOD QUEST’UOMO SCONNESSO,132,91,16
2022-02-24 09:15:38,"RT @_Nico_Piro_: #Guerra #RussiaUcraina #24febbraio partiamo da una certezza ""la prima vittima della guerra è la verità"" quindi è difficile…",['_Nico_Piro_'],"['Guerra', 'RussiaUcraina', '24febbraio']"," Guerra RussiaUcraina 24febbraio partiamo da una certezza ""la prima vittima della guerra è la verità"" quindi è difficile…",140,121,18
2022-02-24 10:37:10,"RT @Laura_Suleimani: Io ogni volta che mi dicono: “oddio, ma davvero hai 24 anni, ne dimostri 16” https://t.co/GC5MzRcV8J",['Laura_Suleimani'],[]," Io ogni volta che mi dicono: “oddio, ma davvero hai 24 anni, ne dimostri 16”",121,77,15
2022-02-24 10:35:06,"RT @trentunozerotto: leggo tantissimi commenti in cui viene detto che, essendo de zerbi, non interessa che sia bloccato a kiev.
Io penso se…",['trentunozerotto'],[]," leggo tantissimi commenti in cui viene detto che, essendo de zerbi, non interessa che sia bloccato a kiev. Io penso se…",140,120,21
2022-02-24 23:13:44,PARLA ITALIANO CON ME RAGAZZE @lanahb4 @filhadereis 😭,"['lanahb4', 'filhadereis']",[],PARLA ITALIANO CON ME RAGAZZE 😭,53,31,6
2022-02-24 08:14:49,"RT @Agenzia_Ansa: VIDEO | Putin annuncia l'operazione militare in Ucraina e ammonisce: ""Ritorsioni mai sperimentate se qualcuno interferisc…",['Agenzia_Ansa'],[]," VIDEO | Putin annuncia l'operazione militare in Ucraina e ammonisce: ""Ritorsioni mai sperimentate se qualcuno interferisc…",140,123,16
2022-02-23 20:58:16,Si è ammazzato da solo che schifo https://t.co/D6bgYo5fWX,[],[],Si è ammazzato da solo che schifo,57,33,7
2022-02-24 22:58:42,RT @luca_nacchio: Appello ai #Laziali: ho creato questo nuovo profilo perché Twitter ha temporaneamente sospeso quello principale. Vorrei t…,['luca_nacchio'],['Laziali'], Appello ai Laziali: ho creato questo nuovo profilo perché Twitter ha temporaneamente sospeso quello principale. Vorrei t…,140,122,17
2022-02-23 21:03:14,"RT @luciana17955390: @gjekdeckaj @Noninfluente 28 anni in politica, sempre lo stesso 🙏🏻 il popolo brasiliano è con lui, perché sta lottando…","['luciana17955390', 'gjekdeckaj', 'Noninfluente']",[]," 28 anni in politica, sempre lo stesso 🙏🏻 il popolo brasiliano è con lui, perché sta lottando…",140,94,17
2022-02-24 06:03:07,"Conseguenze mai viste 
Se uno interferisce
Dice #Putin
Non ha neanche bisogno di tirare colpi
Manda un po di Covid da Alfa à Zeta visto che non ci sono ne medici ne ospedali anche se grazie al QR à tutti I costi tutti hanno il #supergreenpass
#Ucraina
#Dombass #Draghi #Speranza",[],"['Putin', 'supergreenpass', 'Ucraina', 'Dombass', 'Draghi', 'Speranza']",Conseguenze mai viste Se uno interferisce Dice Putin Non ha neanche bisogno di tirare colpi Manda un po di Covid da Alfa à Zeta visto che non ci sono ne medici ne ospedali anche se grazie al QR à tutti I costi tutti hanno il supergreenpass Ucraina Dombass Draghi Speranza,278,271,50
2022-02-24 19:14:43,@sevvallisgorerr Alla Alla,['sevvallisgorerr'],[],Alla Alla,26,9,2
2022-02-24 13:10:39,"RT @Poesiaitalia: “I mostri esistono, ma sono troppo pochi per essere davvero pericolosi. Sono più pericolosi gli uomini comuni, i funziona…",['Poesiaitalia'],[]," “I mostri esistono, ma sono troppo pochi per essere davvero pericolosi. Sono più pericolosi gli uomini comuni, i funziona…",140,123,19
2022-02-23 17:30:50,@Giusy63969374 ma non lo ha detto davvero!!! è ironia!,['Giusy63969374'],[],ma non lo ha detto davvero!!! è ironia!,54,39,8
2022-02-24 11:47:14,@robmaximoff_ e invece rispondi,['robmaximoff_'],[],e invece rispondi,31,17,3
2022-02-23 20:00:21,“Vivo” di Luigi oggi sta scalando la classifica iTunes ed è subito SEEEEENTOOOOO LAAAA GIOOOOOOIAAAA* !!! DEEEEEENTROO MEEEEEEEEE #amici21,[],['amici21'],“Vivo” di Luigi oggi sta scalando la classifica iTunes ed è subito SEEEEENTOOOOO LAAAA GIOOOOOOIAAAA* !!! DEEEEEENTROO MEEEEEEEEE amici21,138,137,19
2022-02-24 15:24:33,"RT @itsadebora: Dovrebbero lanciare fiori non armi 😔
Hande sa sempre cosa dire, con una delicatezza assurda 🙏♥️ https://t.co/4RnwDcpkUv",['itsadebora'],[]," Dovrebbero lanciare fiori non armi 😔 Hande sa sempre cosa dire, con una delicatezza assurda 🙏♥️",135,96,16
2022-02-24 00:48:59,RT @bombsh3ll1: Sono malinconica😭 @giammy30685 #jeru https://t.co/AiVYmM9LV3,"['bombsh3ll1', 'giammy30685']",['jeru'], Sono malinconica😭 jeru,76,23,3
2022-02-24 20:47:41,"RT @ToDonneInAzione: Azione, Azione Piemonte ed ogni Gruppo azionista sostengono la nazione Ucraina. https://t.co/ye9zVRdmYc",['ToDonneInAzione'],[]," Azione, Azione Piemonte ed ogni Gruppo azionista sostengono la nazione Ucraina.",124,80,11
2022-02-23 23:27:11,@Paris84510357 @carla_radaelli Lo detto io lui che già la tuttelata,"['Paris84510357', 'carla_radaelli']",[],Lo detto io lui che già la tuttelata,67,36,8
2022-02-23 23:57:14,"@Vannina89 @AneMiavb Però nota che è tutto il giorno che la stanno riprendendo, anche adesso. Forse io nn ho cercato abbastanza ma credo che fuori si sappia qualcosa","['Vannina89', 'AneMiavb']",[],"Però nota che è tutto il giorno che la stanno riprendendo, anche adesso. Forse io nn ho cercato abbastanza ma credo che fuori si sappia qualcosa",165,144,26
2022-02-24 11:27:11,RT @marco73rm: Siamo scesi così in basso che un Bibbitaro qualunque si permette il lusso di sparare cazzate con una Superpotenza come la Ru…,['marco73rm'],[], Siamo scesi così in basso che un Bibbitaro qualunque si permette il lusso di sparare cazzate con una Superpotenza come la Ru…,140,126,22
2022-02-24 19:08:47,Dai un'occhiata a Ariamo con sto ppsh 💣💣💣💣 pomeriggio con ROCCO 😎😎 https://t.co/0o5Hdtncyu,[],[],Dai un'occhiata a Ariamo con sto ppsh 💣💣💣💣 pomeriggio con ROCCO 😎😎,90,66,12
2022-02-23 16:16:31,"RT @soffi_dka: ""No llores amiga, yo te abrazo"" JAJSJSJJSJS la amo @amablitz https://t.co/MVqCsoQgqV","['soffi_dka', 'amablitz']",[]," ""No llores amiga, yo te abrazo"" JAJSJSJJSJS la amo",99,51,9
2022-02-24 11:00:44,marò raga ora che ho fissato le chat non avrò più paura di mandare le role nei gruppi,[],[],marò raga ora che ho fissato le chat non avrò più paura di mandare le role nei gruppi,85,85,18
2022-02-23 17:04:27,Damiano totalmente in un altro mondo  #gavetta,[],['gavetta'],Damiano totalmente in un altro mondo gavetta,46,44,7
2022-02-24 12:42:45,RT @StalkerAnsya: Comunque un conto è criticare giornalisti dalle priorità sballate ma non fate l’errore di prendervela con chi cerca di di…,['StalkerAnsya'],[], Comunque un conto è criticare giornalisti dalle priorità sballate ma non fate l’errore di prendervela con chi cerca di di…,140,123,20
2022-02-24 18:47:11,@dani_ors @antonioboselli Eh bella domanda.. Così a naso la cosa non mi stupirebbe affatto🤦🏻‍♂️,"['dani_ors', 'antonioboselli']",[],Eh bella domanda.. Così a naso la cosa non mi stupirebbe affatto🤦🏻‍♂️,95,69,12
2022-02-24 21:19:11,RT @boni_castellane: C'è la guerra. Bisogna mantenere lo Stato d'emergenza e il Supergreenpass.,['boni_castellane'],[], C'è la guerra. Bisogna mantenere lo Stato d'emergenza e il Supergreenpass.,95,75,11
2022-02-24 18:22:40,"@Anna6Anny No vabbè, poi si chiedono perché l'Italia non va avanti",['Anna6Anny'],[],"No vabbè, poi si chiedono perché l'Italia non va avanti",66,55,10
2022-02-24 11:52:01,"@Quirinale @Palazzo_Chigi FERMATE quei 2 deficienti di #Letta e #Zingaretti che stanno andando a manifestare davanti all'#Ambasciata @KremlinRussia_E 
mandate i vostri figli e nipoti a difendere i Nazisti dell'#Ukraina e la maledetta #Nato a 2passi da #Mosca!
Abbiamo già dato(v.) https://t.co/EymLpaZvHi","['Quirinale', 'Palazzo_Chigi', 'KremlinRussia_E']","['Letta', 'Zingaretti', 'Ambasciata', 'Ukraina', 'Nato', 'Mosca']",FERMATE quei 2 deficienti di Letta e Zingaretti che stanno andando a manifestare davanti all'Ambasciata mandate i vostri figli e nipoti a difendere i Nazisti dell'Ukraina e la maledetta Nato a 2passi da Mosca! Abbiamo già dato(v.),304,230,37
2022-02-24 09:56:24,"due anni fa la pandemia, quest'anno la guerra bho tra due anni mi aspetto come minimo l'apocalisse",[],[],"due anni fa la pandemia, quest'anno la guerra bho tra due anni mi aspetto come minimo l'apocalisse",98,98,17
2022-02-24 13:18:34,JAJAJAJSJSJSJJSS,[],[],JAJAJAJSJSJSJJSS,16,16,1
2022-02-23 23:06:27,"@MarcosPalermo Su questo non sono d’accordo. Però non capisco: è davvero così pieno di se da pensare che gli sarebbero bastati 3 mesi per cambiare il Tottenham?
Con Paratici ds, tra l’altro.",['MarcosPalermo'],[],"Su questo non sono d’accordo. Però non capisco: è davvero così pieno di se da pensare che gli sarebbero bastati 3 mesi per cambiare il Tottenham? Con Paratici ds, tra l’altro.",190,175,31
2022-02-25 00:21:47,In passato gli sponsor si sono dissociati per molto meno #gfvip,[],['gfvip'],In passato gli sponsor si sono dissociati per molto meno gfvip,63,62,11
2022-02-24 13:54:49,"Francesco Macchia, Coordinatore Osservatorio Farmaci Orfani
#salute #sanità #medicina #malattierare #ricerca #veneto #genomica @UniPadova 
per ulteriori approfondimenti, vai su https://t.co/xMlShTareZ e https://t.co/k42rf5cvTO https://t.co/50LdvIpPvC",['UniPadova'],"['salute', 'sanità', 'medicina', 'malattierare', 'ricerca', 'veneto', 'genomica']","Francesco Macchia, Coordinatore Osservatorio Farmaci Orfani salute sanità medicina malattierare ricerca veneto genomica per ulteriori approfondimenti, vai su e",250,159,19
2022-02-25 06:40:57,RT @AnnalisaNocera1: E dopo 2 anni di terrorismo mediatico e cazzate pandemiche ancora non avete imparato che il #Mainstream è una BALLA ST…,['AnnalisaNocera1'],['Mainstream'], E dopo 2 anni di terrorismo mediatico e cazzate pandemiche ancora non avete imparato che il Mainstream è una BALLA ST…,140,119,21
2022-02-24 19:09:50,"MA CHE È?? ✈️✈️✈️
#jeru https://t.co/KzSnk8ESy9",[],['jeru'],MA CHE È?? ✈️✈️✈️ jeru,47,22,5
2022-02-24 07:56:41,"RT @Marinodino2: Occorre una risposta  forte e chiara dell’Europa all'invasione Russa in Ucraina,non è tempo di posizioni diverse per inter…",['Marinodino2'],[]," Occorre una risposta forte e chiara dell’Europa all'invasione Russa in Ucraina,non è tempo di posizioni diverse per inter…",140,123,18
2022-02-24 07:17:43,La Russia invade l’Ucraina e anche sui mercati finanziari scatta la paura https://t.co/e2Q2gEyYU0 via @financialounge,['FinanciaLounge'],[],La Russia invade l’Ucraina e anche sui mercati finanziari scatta la paura via,117,77,13
2022-02-24 12:33:58,"L’egoismo e la voglia di predominare dell’uomo sono la più grande rovina del mondo.
Il passato dovrebbe essere di insegnamento per tutti,invece,nel 2022 ci ritroviamo con morti innocenti,bambini che invece di giocare devono scappare e una guerra in atto.#RussiaUkraineConflict https://t.co/vgQJIThz9M",[],['RussiaUkraineConflict'],"L’egoismo e la voglia di predominare dell’uomo sono la più grande rovina del mondo. Il passato dovrebbe essere di insegnamento per tutti,invece,nel 2022 ci ritroviamo con morti innocenti,bambini che invece di giocare devono scappare e una guerra in atto.RussiaUkraineConflict",300,275,39
2022-02-24 21:30:04,RT @AsiaVezzoni: se mi toccano chri faccio una strage ve lo dico #Amici21,['AsiaVezzoni'],['Amici21'], se mi toccano chri faccio una strage ve lo dico Amici21,73,56,11
2022-02-24 21:51:52,"RT @Dulafive: ""Di Djokovic non ce ne fotte niente a nessuno"" (Barbieri) #MasterChefIt",['Dulafive'],['MasterChefIt']," ""Di Djokovic non ce ne fotte niente a nessuno"" (Barbieri) MasterChefIt",85,71,11
2022-02-24 16:45:18,"RT @scorpiomood09: Se rende così emozionata e fiera me, e tantissime altre persone, pur non conoscendola di persona, non oso immaginare i s…",['scorpiomood09'],[]," Se rende così emozionata e fiera me, e tantissime altre persone, pur non conoscendola di persona, non oso immaginare i s…",140,122,21
2022-02-24 14:03:33,RT @Quirinale: Il Presidente #Mattarella ha convocato il Consiglio Supremo di #Difesa al palazzo del #Quirinale per oggi 24 febbraio alle o…,['Quirinale'],"['Mattarella', 'Difesa', 'Quirinale']", Il Presidente Mattarella ha convocato il Consiglio Supremo di Difesa al palazzo del Quirinale per oggi 24 febbraio alle o…,140,123,20
2022-02-24 18:56:38,@milfitaly @Clarissamorett5 E hai detto tutto!!quanta roba!!😍😍💋,"['milfitaly', 'Clarissamorett5']",[],E hai detto tutto!!quanta roba!!😍😍💋,63,35,5
2022-02-24 20:11:21,"RT @Audreyhorne77: piango quando penso che Jess dice di non credere quasi mai ai complimenti che le fanno, perché tante volte glieli faceva…",['Audreyhorne77'],[]," piango quando penso che Jess dice di non credere quasi mai ai complimenti che le fanno, perché tante volte glieli faceva…",140,122,21
2022-02-23 19:48:21,RT @anto_galli4: @marcell16895275 @TedGrishFontain @SusannaCeccardi E dovranno vivere MALE. 😡😡,"['anto_galli4', 'marcell16895275', 'TedGrishFontain', 'SusannaCeccardi']",[], E dovranno vivere MALE. 😡😡,94,27,5
2022-02-24 09:41:33,@Quirinale siamo nella  💩 prevedo guai 😰😰speriamo di no,['Quirinale'],[],siamo nella 💩 prevedo guai 😰😰speriamo di no,55,43,8
2022-02-24 22:30:44,@SoniaCapuana @lellaecontenta @14Cannavo SEMPRE AVANTI ROSALINDA,"['SoniaCapuana', 'lellaecontenta', '14Cannavo']",[],SEMPRE AVANTI ROSALINDA,64,23,3
2022-02-24 13:57:06,"RT @Crowley1292: @ShooterHatesYou Ciao Alessandro, ti seguo da sempre su youtube. Potresti darci una lista di siti,canali,account dove repe…","['Crowley1292', 'ShooterHatesYou']",[]," Ciao Alessandro, ti seguo da sempre su youtube. Potresti darci una lista di siti,canali,account dove repe…",140,107,16
2022-02-24 23:41:56,io avrei detto di peggio sinceramente  #GFvip,[],['GFvip'],io avrei detto di peggio sinceramente GFvip,45,43,7
2022-02-24 03:35:08,sono #apareça,[],['apareça'],sono apareça,13,12,2
2022-02-24 13:30:22,Ho qualcosa da dirti coglione https://t.co/HDRL8lNZRc #realloyalfans https://t.co/eVuovavzAG,[],['realloyalfans'],Ho qualcosa da dirti coglione realloyalfans,92,43,6
2022-02-24 09:59:08,Ci sono due persone interessanti,[],[],Ci sono due persone interessanti,32,32,5
2022-02-24 11:58:43,"RT @milleuniiversii: 24.02.2022 no, non siamo nel 1939, ma nel 2022 e ancora assistiamo a questo. oggi è iniziata una guerra, ma è finita l…",['milleuniiversii'],[]," 24.02.2022 no, non siamo nel 1939, ma nel 2022 e ancora assistiamo a questo. oggi è iniziata una guerra, ma è finita l…",140,120,23
2022-02-24 20:35:48,"Domanda seria: nel caso la situazione dovesse precipitare ulteriormente, cosa succederebbe alla @Space_Station ?",['Space_Station'],[],"Domanda seria: nel caso la situazione dovesse precipitare ulteriormente, cosa succederebbe alla ?",112,97,13
2022-02-24 17:58:36,"RT @boni_castellane: La Fusani che dice ""bloccate i conti ai russi"" ci sta involontariamente indicando qual è il loro prossimo obiettivo.",['boni_castellane'],[]," La Fusani che dice ""bloccate i conti ai russi"" ci sta involontariamente indicando qual è il loro prossimo obiettivo.",137,117,19
2022-02-24 12:54:37,@intuslegens Trump e Putin i migliori,['intuslegens'],[],Trump e Putin i migliori,37,24,5
2022-02-23 17:06:58,RT @carettamc11: Sei un #clandestino? Puoi circolare con il #greenpass base. Sei un lavoratore italiano? Niente lavoro senza greenpass raff…,['carettamc11'],"['clandestino', 'greenpass']", Sei un clandestino? Puoi circolare con il greenpass base. Sei un lavoratore italiano? Niente lavoro senza greenpass raff…,140,122,18
2022-02-23 19:12:53,"Messaggio di servizio riservato ad amici, conoscenti, amici virtuali, parenti e chiunque altro mi conosca.
Alle prossime elezioni politiche del 2023  
scenderò in campo.
Mi candiderò con un qualunque Partito Politico che abbia quella incontenibile voglia di abolire il #greenpass https://t.co/BtlFTJ0fbi",[],['greenpass'],"Messaggio di servizio riservato ad amici, conoscenti, amici virtuali, parenti e chiunque altro mi conosca. Alle prossime elezioni politiche del 2023 scenderò in campo. Mi candiderò con un qualunque Partito Politico che abbia quella incontenibile voglia di abolire il greenpass",303,276,40
2022-02-24 22:39:39,RT @bohariet: pensa dare della senza dignità a una ragazza che va dietro a uno che le piace e non a una che chiede una sveltina sotto le co…,['bohariet'],[], pensa dare della senza dignità a una ragazza che va dietro a uno che le piace e non a una che chiede una sveltina sotto le co…,140,127,27
2022-02-23 16:43:54,"RT @DarioNardella: Infine il #PNRR è un grandissimo volano di sviluppo sostenibile del territorio. Da qui ai prossimi 5 anni, abbiamo calco…",['DarioNardella'],['PNRR']," Infine il PNRR è un grandissimo volano di sviluppo sostenibile del territorio. Da qui ai prossimi 5 anni, abbiamo calco…",140,121,20
2022-02-24 14:32:48,"@Flelma171029 Come al solito ci sarà chi se ne approfitterà. Hanno già iniziato a farlo con la scusa della aumenti delle utenze, figurati con una guerra in corso",['Flelma171029'],[],"Come al solito ci sarà chi se ne approfitterà. Hanno già iniziato a farlo con la scusa della aumenti delle utenze, figurati con una guerra in corso",161,147,27
2022-02-24 16:03:58,"Parole d'amore, tutto pure evitare la guerra.

""affamare il suo popolo""
""congelare tutti i conti bancari""

Se non ci fossero i giornalisti, soprattutto quelli sinistri",[],[],"Parole d'amore, tutto pure evitare la guerra. ""affamare il suo popolo"" ""congelare tutti i conti bancari"" Se non ci fossero i giornalisti, soprattutto quelli sinistri",167,165,25
2022-02-24 09:41:53,"@marcopalears Di solito chi ragiona così non sa cos'è la democrazia, la utilizza quando usa Netflix, dice la sua su Twitter, vive in un Paese libero e in pace. Ma non sa cos'è.",['marcopalears'],[],"Di solito chi ragiona così non sa cos'è la democrazia, la utilizza quando usa Netflix, dice la sua su Twitter, vive in un Paese libero e in pace. Ma non sa cos'è.",176,162,32
2022-02-24 07:31:22,due guerre mondiali e nessuno ha capito un cazzo a quanto pare,[],[],due guerre mondiali e nessuno ha capito un cazzo a quanto pare,62,62,12
2022-02-24 15:27:44,"NON COMPRATE CON 18APP COSE NON LEGATE ALL'ARGOMENTO DEL BUONO
Ho già sentito più di qualcuno che a distanza di 3/4 anni gli è arrivata la guardia di finanza a casa chiedendogli il triplo della cifra https://t.co/C734RE3MTN",[],[],NON COMPRATE CON 18APP COSE NON LEGATE ALL'ARGOMENTO DEL BUONO Ho già sentito più di qualcuno che a distanza di 3/4 anni gli è arrivata la guardia di finanza a casa chiedendogli il triplo della cifra,223,199,36
2022-02-24 08:23:27,Ma poi perché i suoi colleghi mi mettono like alle storie ma percheeeeee,[],[],Ma poi perché i suoi colleghi mi mettono like alle storie ma percheeeeee,72,72,13
2022-02-24 22:35:13,Ricordo a tutti che fa parte della setta del Bilderberg......,[],[],Ricordo a tutti che fa parte della setta del Bilderberg......,61,61,10
2022-02-24 14:53:21,"@quaranta_vito Dai tuoi tweet passa un messaggio diverso , magari puoi scrivere i tuoi tweet in maniera diversa ( non sono l’unico che pensa quello 😂 )",['quaranta_vito'],[],"Dai tuoi tweet passa un messaggio diverso , magari puoi scrivere i tuoi tweet in maniera diversa ( non sono l’unico che pensa quello 😂 )",151,136,26
2022-02-24 19:02:40,"RT @fattoquotidiano: L'INTERVISTA
""Il Senato è stato trascinato in una contesa che non ha nulla a che fare col diritto"" https://t.co/97e2MD…",['fattoquotidiano'],[]," L'INTERVISTA ""Il Senato è stato trascinato in una contesa che non ha nulla a che fare col diritto""",140,99,18
2022-02-23 22:10:14,RT @BigSister777: Si organizza per far dormire jess e Baru insieme stanotte nel letto di Miriana 🤩 mi sa che faccio l'alba 🤣🤣🤣 #jeru https:…,['BigSister777'],['jeru'], Si organizza per far dormire jess e Baru insieme stanotte nel letto di Miriana 🤩 mi sa che faccio l'alba 🤣🤣🤣 jeru https:…,140,122,23
2022-02-24 09:03:43,"dopo due anni di pandemia, adesso questo...",[],[],"dopo due anni di pandemia, adesso questo...",43,43,7
2022-02-24 23:25:31,Questo #gfvip sta raggiungendo livelli di insopportabilità che credo non siano mai stati esplorati,[],['gfvip'],Questo gfvip sta raggiungendo livelli di insopportabilità che credo non siano mai stati esplorati,98,97,14
2022-02-24 12:57:46,@LorenzoGirolam3 mi tocca bestemmiare,['LorenzoGirolam3'],[],mi tocca bestemmiare,37,20,3
2022-02-24 17:17:55,@Sonia08357956 Vero. Attore completo veste tutti i ruoli. BRAVISSIMO 👏👏🔝🔝🥰,['Sonia08357956'],[],Vero. Attore completo veste tutti i ruoli. BRAVISSIMO 👏👏🔝🔝🥰,74,59,9
2022-02-23 17:51:09,@jk_ily__ Siempre lo cambias kajsjsjs,['jk_ily__'],[],Siempre lo cambias kajsjsjs,37,27,4
2022-02-23 18:50:19,"Kate Middleton e Mary di Danimarca, incontro a Copenaghen tra due future regine con lo stesso stile https://t.co/SLmsZxACKq",[],[],"Kate Middleton e Mary di Danimarca, incontro a Copenaghen tra due future regine con lo stesso stile",123,99,17
2022-02-24 20:20:57,"RT @Madeintaranto: Grottaglie, borgo di arte e di colori.

#taranto #puglia #madeintaranto #salento #italy #italytravel https://t.co/nXlTLs…",['Madeintaranto'],"['taranto', 'puglia', 'madeintaranto', 'salento', 'italy', 'italytravel']"," Grottaglie, borgo di arte e di colori. taranto puglia madeintaranto salento italy italytravel",140,94,13
2022-02-24 13:14:34,Russofobia,[],[],Russofobia,10,10,1
2022-02-24 12:16:35,@antonella9927 Volooooo come il pane di Doloresss,['antonella9927'],[],Volooooo come il pane di Doloresss,49,34,6
2022-02-23 20:05:58,ma quando vanno in live i tbz,[],[],ma quando vanno in live i tbz,29,29,7
2022-02-24 21:16:31,ecco appunto,[],[],ecco appunto,12,12,2
2022-02-24 15:49:53,@aovojogelato cioè il 269?,['aovojogelato'],[],cioè il 269?,26,12,3
2022-02-24 06:38:23,@Viglia4Domenico @TuoiSelfie @bobone72212422 @studente_94 @Abbaaab1 @lampadinag55 @Cam4_IT Odio le moto mi fanno paura,"['Viglia4Domenico', 'TuoiSelfie', 'bobone72212422', 'studente_94', 'Abbaaab1', 'lampadinag55', 'Cam4_IT']",[],Odio le moto mi fanno paura,118,27,6
2022-02-24 00:43:37,@TorciaPolitica Quindi l'orario delle 04:00 che avevi twittato prima sta diventando quasi una certezza.,['TorciaPolitica'],[],Quindi l'orario delle 04:00 che avevi twittato prima sta diventando quasi una certezza.,103,87,13
2022-02-24 13:46:19,@p1llowtalkziam_ voglio essere la sua ragazza.,['p1llowtalkziam_'],[],voglio essere la sua ragazza.,46,29,5
2022-02-24 02:41:36,"RT @angi_otensina: #RussiaUkraineConflict

bella figura di merda comunque https://t.co/kBnTixmsCL",['angi_otensina'],['RussiaUkraineConflict'], RussiaUkraineConflict bella figura di merda comunque,97,53,6
2022-02-23 19:18:25,RT @lucabattanta: @matteosalvinimi Viene tolto forse lo stato di emergenza il 31 marzo ma le misure restano in vigore proprio un bel affaro…,"['lucabattanta', 'matteosalvinimi']",[], Viene tolto forse lo stato di emergenza il 31 marzo ma le misure restano in vigore proprio un bel affaro…,140,106,20
2022-02-24 07:47:49,"RT @tizianasullalun: #Soleil ha detto a #Davide che adesso non ha molta voglia di parlare che ha sonno.  
(Erano in piscina con Giucas e Ba…",['tizianasullalun'],"['Soleil', 'Davide']", Soleil ha detto a Davide che adesso non ha molta voglia di parlare che ha sonno. (Erano in piscina con Giucas e Ba…,140,116,23
2022-02-24 23:18:02,Ora le leggo tutte https://t.co/4IxYlBxOSx,[],[],Ora le leggo tutte,42,18,4
2022-02-23 17:15:19,Domanda: Cosa avete amato e odiato di più del personaggio che avete interpretato? #gavetta,[],['gavetta'],Domanda: Cosa avete amato e odiato di più del personaggio che avete interpretato? gavetta,90,89,14
2022-02-24 21:02:49,"RT @DrPisy: San Pietroburgo.
Cittadine e cittadini rischiano il carcere, ma scendono comunque in piazza a manifestare contro la guerra.
Che…",['DrPisy'],[]," San Pietroburgo. Cittadine e cittadini rischiano il carcere, ma scendono comunque in piazza a manifestare contro la guerra. Che…",140,129,19
2022-02-24 13:08:03,"RT @MediasetTgcom24: Putin: ""Denazificheremo l'Ucraina"", ma il presidente Zelensky è ebreo  #volodymyroleksandrovyčzelensky #RussiaUkraineC…",['MediasetTgcom24'],['volodymyroleksandrovyčzelensky']," Putin: ""Denazificheremo l'Ucraina"", ma il presidente Zelensky è ebreo volodymyroleksandrovyčzelensky RussiaUkraineC…",140,117,11
2022-02-24 16:14:15,"Massage 24 in Saudi Arabic 
#massagedammam 
#MassageInDammam 
#massageinjubail 
https://t.co/gNRgNoQ9ji https://t.co/Ww7UeEcCSG https://t.co/Mng7sFxLrJ",[],"['massagedammam', 'MassageInDammam', 'massageinjubail']",Massage 24 in Saudi Arabic massagedammam MassageInDammam massageinjubail,151,72,8
2022-02-23 21:31:26,"Alle 22:30 sebastiano con 164 tweet è entrato nella TOP 10 delle tendenze Italia alla posizione 9

Tweet in evidenza per l'hashtag sebastiano https://t.co/gWPb6uVnr9",[],[],Alle 22:30 sebastiano con 164 tweet è entrato nella TOP 10 delle tendenze Italia alla posizione 9 Tweet in evidenza per l'hashtag sebastiano,165,140,23
2022-02-25 06:01:32,@Zargaie Cherta? Za kho der zayon ta sa,['Zargaie'],[],Cherta? Za kho der zayon ta sa,39,30,7
2022-02-24 23:24:58,"RT @cri_verde: BREAKING. Il presidente ucraino #Zelenskyy: ""Forze nemiche di sabotaggio sono entrate a #Kiev, ma io resto qui"" (via @SkyTG2…",['cri_verde'],"['Zelenskyy', 'Kiev']"," BREAKING. Il presidente ucraino Zelenskyy: ""Forze nemiche di sabotaggio sono entrate a Kiev, ma io resto qui"" (via …",140,117,19
2022-02-23 18:18:50,"RT @giuliamarzam: Ormai non ho dubbi.

Jessica deve vincere questo #gfvip. 
È davvero la persona più preziosa là dentro🤍 https://t.co/nzDUK…",['giuliamarzam'],['gfvip'], Ormai non ho dubbi. Jessica deve vincere questo gfvip. È davvero la persona più preziosa là dentro🤍,140,100,17
2022-02-24 10:41:28,"RT @AlexBazzaro: Non frega niente a nessuno ma intanto oggi un Ministro francese, che non ha giurato sulla Costituzione per ovvie ragioni,…",['AlexBazzaro'],[]," Non frega niente a nessuno ma intanto oggi un Ministro francese, che non ha giurato sulla Costituzione per ovvie ragioni,…",139,123,20
2022-02-24 18:35:10,RT @budivad: @mutteerr e 10 minuti bastano per fartela togliere,"['budivad', 'mutteerr']",[], e 10 minuti bastano per fartela togliere,63,41,7
2022-02-24 22:45:14,"RT @boschettiamo: ""NO! #LAMA non l'ha diri!"" 😂🔝

#ilvolo #ilvolovers #IVU 
@ilvolo #LMIA2015 http://t.co/n3wO3jAj44","['boschettiamo', 'ilvolo']","['LAMA', 'ilvolo', 'ilvolovers', 'IVU', 'LMIA2015']"," ""NO! LAMA non l'ha diri!"" 😂🔝 ilvolo ilvolovers IVU LMIA2015",115,60,10
2022-02-23 17:24:23,@MetaErmal Che bello vederti  come stai? Non stancarti appunto piano e forte... Come te....,['MetaErmal'],[],Che bello vederti come stai? Non stancarti appunto piano e forte... Come te....,91,79,13
2022-02-24 14:43:01,"@Sutilis Mi ricordano certi bombardamenti fatti solo quando c'era la diretta, poi scoperti fake",['Sutilis'],[],"Mi ricordano certi bombardamenti fatti solo quando c'era la diretta, poi scoperti fake",95,86,13
2022-02-24 17:33:04,@PFonsecaCoach Ti voglio bene Paulo❤,['PFonsecaCoach'],[],Ti voglio bene Paulo❤,36,21,4
2022-02-24 16:34:29,RT @Marco07267236: 4811.- Putin ha vietato ai Rothschild e alla sua famiglia del cartello bancario NWO di entrare nel territorio russo. htt…,['Marco07267236'],[], 4811.- Putin ha vietato ai Rothschild e alla sua famiglia del cartello bancario NWO di entrare nel territorio russo. htt…,140,122,20
2022-02-24 07:57:39,RIFORMA PENSIONI/ La scelta necessaria sulla previdenza complementare https://t.co/v7XbSObAJ9,[],[],RIFORMA PENSIONI/ La scelta necessaria sulla previdenza complementare,93,69,8
2022-02-24 14:47:38,"RT @boni_castellane: La Fusani che dice ""bloccate i conti ai russi"" ci sta involontariamente indicando qual è il loro prossimo obiettivo.",['boni_castellane'],[]," La Fusani che dice ""bloccate i conti ai russi"" ci sta involontariamente indicando qual è il loro prossimo obiettivo.",137,117,19
2022-02-25 05:26:33,"RT @Keroppo: ""nostro vivere da liberi"": non si può prendere nemmeno l'autobus senza un'autorizzazione fornita dal governo in cambio di un'i…",['Keroppo'],[]," ""nostro vivere da liberi"": non si può prendere nemmeno l'autobus senza un'autorizzazione fornita dal governo in cambio di un'i…",140,128,19
2022-02-23 17:40:37,"RT @BubuCc3: Caso #Open, il #Senato vota a favore di @matteorenzi. 
Il @pdnetwork vota a favore con #Lega, #ForzaItalia e #FratellidItalia.…","['BubuCc3', 'matteorenzi', 'pdnetwork']","['Open', 'Senato', 'Lega', 'ForzaItalia', 'FratellidItalia']"," Caso Open, il Senato vota a favore di . Il vota a favore con Lega, ForzaItalia e FratellidItalia.…",140,99,18
2022-02-24 09:12:09,@lilgraceidle TI PREGO IO PURE,['lilgraceidle'],[],TI PREGO IO PURE,30,16,4
2022-02-23 16:28:36,RT @shottinomoon87: Allora @GFVIP_Official se stasera volete fare il picco di ascolti mai avuto sul canale 55 vi consiglio la love boat #ba…,"['shottinomoon87', 'GFVIP_Official']",[], Allora se stasera volete fare il picco di ascolti mai avuto sul canale 55 vi consiglio la love boat ba…,140,104,20
2022-02-23 21:15:03,"@FoxtrotDan Ho ho ho

No",['FoxtrotDan'],[],Ho ho ho No,24,11,4
2022-02-24 17:26:34,mia sorella mi ha chiusa il dito nella porta e mi sta uscendo così tanto sangue🥱🥱🥱che palle credo di dover andare in ospedale,[],[],mia sorella mi ha chiusa il dito nella porta e mi sta uscendo così tanto sangue🥱🥱🥱che palle credo di dover andare in ospedale,125,125,23
2022-02-24 00:40:07,@Filippomaggi97 No a quanto pare soffre solo di scivola quel jeans di raffaello,['Filippomaggi97'],[],No a quanto pare soffre solo di scivola quel jeans di raffaello,79,63,12
2022-02-24 07:29:27,"@italianestero L’Italia ha scoperto solo stamattina che c’è un piccolo problema con #RussiaUcraina, fino a ieri l’unica preoccupazione del parlamento italiano era solo #Renzi e la sua immunità parlamentare.",['italianestero'],"['RussiaUcraina', 'Renzi']","L’Italia ha scoperto solo stamattina che c’è un piccolo problema con RussiaUcraina, fino a ieri l’unica preoccupazione del parlamento italiano era solo Renzi e la sua immunità parlamentare.",206,189,28
2022-02-23 16:17:23,RT @NmargheNiki: Siamo tutti un po’ stanchi di fingere che vada tutto bene.,['NmargheNiki'],[], Siamo tutti un po’ stanchi di fingere che vada tutto bene.,75,59,11
2022-02-25 07:02:21,"🤣🤣🤣 buffoni 

A parte che la quarta dose non la faccio neanche con zero anticorpi....visto che ne ho fatta una e mi è bastato!",[],[],🤣🤣🤣 buffoni A parte che la quarta dose non la faccio neanche con zero anticorpi....visto che ne ho fatta una e mi è bastato!,126,124,24
2022-02-24 06:35:55,"Qualsiasi buona ragione avesse la Russia, con un attacco militare su vasta scala fuori ogni logica militare e politica, si è messa dalla parte del torto.
Ora non bisogna avere tentennamenti. La violenza usata all'Ucraina è una violenza usata contro ognuno di noi. 
Resistere.",[],[],"Qualsiasi buona ragione avesse la Russia, con un attacco militare su vasta scala fuori ogni logica militare e politica, si è messa dalla parte del torto. Ora non bisogna avere tentennamenti. La violenza usata all'Ucraina è una violenza usata contro ognuno di noi. Resistere.",275,274,44
2022-02-24 23:07:20,Tutti a twittare ! Vogliamo la linea della vita di #jessvip forza ! #jeru #gfvip,[],"['jessvip', 'jeru', 'gfvip']",Tutti a twittare ! Vogliamo la linea della vita di jessvip forza ! jeru gfvip,80,77,15
2022-02-25 07:45:41,"RT @antoniocapitani: Astropagelle di oggi, venerdì 25 febbraio, con la Luna nel segno del Sagittario. Buona lettura e felice giornata. http…",['antoniocapitani'],[]," Astropagelle di oggi, venerdì 25 febbraio, con la Luna nel segno del Sagittario. Buona lettura e felice giornata. http…",140,120,19
2022-02-23 23:11:11,@kvrinat Se sei in pericolo scrivi cetriolo,['kvrinat'],[],Se sei in pericolo scrivi cetriolo,43,34,6
2022-02-23 19:38:25,@paranoicandroid In che senso🤔🤔,['paranoicandroid'],[],In che senso🤔🤔,31,14,3
2022-02-24 10:00:08,raga.. rendiamoci conto che in questo momento c'è gente che sta morendo in mezzo a una cazzo di guerra. Fare meme è una cosa da stronzi ma come cazzo vi viene di fare meme su una situazione del genere cazzo ma fatevi curare,[],[],raga.. rendiamoci conto che in questo momento c'è gente che sta morendo in mezzo a una cazzo di guerra. Fare meme è una cosa da stronzi ma come cazzo vi viene di fare meme su una situazione del genere cazzo ma fatevi curare,223,223,43
2022-02-24 20:50:15,RT @h3avysoulx: miriana io ti amo donna magica,['h3avysoulx'],[], miriana io ti amo donna magica,46,31,6
2022-02-24 14:42:34,"@albelama1 @AmiciUfficiale 
MARIA NAZIONALE CI HAI FATTO PRENDERE UN COLPO AL ❤ 
E passa il nostro Albe nel suo programma Uomini e donne! https://t.co/epLYEJbvJk","['albelama1', 'AmiciUfficiale']",[],MARIA NAZIONALE CI HAI FATTO PRENDERE UN COLPO AL ❤ E passa il nostro Albe nel suo programma Uomini e donne!,161,108,21
2022-02-24 11:12:25,"La Russia attacca l’Ucraina: è guerra. #Mattarella convoca il Consiglio supremo della Difesa, domani informativa di #Draghi  in Parlamento. Bombe su #Kiev, #Macron  chiede vertice urgente #Nato
https://t.co/e26YTs2sJZ #RussiaUkraineConflict #news",[],"['Mattarella', 'Draghi', 'Kiev', 'Macron', 'Nato', 'RussiaUkraineConflict', 'news']","La Russia attacca l’Ucraina: è guerra. Mattarella convoca il Consiglio supremo della Difesa, domani informativa di Draghi in Parlamento. Bombe su Kiev, Macron chiede vertice urgente Nato RussiaUkraineConflict news",246,213,29
2022-02-24 04:30:11,@matteosalvinimi Gioite per falsi successi. L'ondata omicron è praticamente finita. Non esiste emergenza sanitaria al momento ma esistono le restrizioni. Siamo da due anni la succursale della Cina. Vergognoso!,['matteosalvinimi'],[],Gioite per falsi successi. L'ondata omicron è praticamente finita. Non esiste emergenza sanitaria al momento ma esistono le restrizioni. Siamo da due anni la succursale della Cina. Vergognoso!,209,192,28
2022-02-23 19:13:56,RT @MediasetPlay: Una dedica inaspettata da un Gianluca molto romantico: corri a rivedere la puntata di ieri di #GFVIPPARTY su Mediaset Inf…,['MediasetPlay'],['GFVIPPARTY'], Una dedica inaspettata da un Gianluca molto romantico: corri a rivedere la puntata di ieri di GFVIPPARTY su Mediaset Inf…,140,122,20
2022-02-24 15:19:30,i miei figli sempre che si impegnano😭🤍 #amici21 #caroligi,[],"['amici21', 'caroligi']",i miei figli sempre che si impegnano😭🤍 amici21 caroligi,57,55,9
2022-02-24 17:20:56,@__Luifer Ilusionan a uno.,['__Luifer'],[],Ilusionan a uno.,26,16,3
2022-02-23 17:32:15,"@P4411nn4U @dottorbarbieri @durezzadelviver ""sia pure volontario"" eh","['P4411nn4U', 'dottorbarbieri', 'durezzadelviver']",[],"""sia pure volontario"" eh",68,24,4
2022-02-23 16:34:07,Persino i quiz per la patente sono fan dei bitti https://t.co/SxgTN2R7SQ,[],[],Persino i quiz per la patente sono fan dei bitti,72,48,10
2022-02-24 20:21:09,"Ma giustamente in una giornata così serena perché non farci piangere al ventesimo secondo della puntata, 'nfami.
#MasterChefIt",[],['MasterChefIt'],"Ma giustamente in una giornata così serena perché non farci piangere al ventesimo secondo della puntata, 'nfami. MasterChefIt",126,125,18
2022-02-24 06:38:29,"RT @CannovaV: Cercarsi, smussarsi, sorreggersi. 
Perché l’amore è uno scambio e come tale funziona solo se è reciproco.",['CannovaV'],[]," Cercarsi, smussarsi, sorreggersi. Perché l’amore è uno scambio e come tale funziona solo se è reciproco.",119,105,16
2022-02-23 18:43:11,"RT @dottorbarbieri: 🔴🔴🧐👀Va opportunamente approfondito se il Ministro degli Esteri francese, che non ha, al momento, giurato fedeltà alla R…",['dottorbarbieri'],[]," 🔴🔴🧐👀Va opportunamente approfondito se il Ministro degli Esteri francese, che non ha, al momento, giurato fedeltà alla R…",140,121,18
2022-02-24 16:16:00,tiktok la deve smettere di mettermi nella fyp solo video della guerra c’è stai fermo cosa fai ho già abbastanza problemi,[],[],tiktok la deve smettere di mettermi nella fyp solo video della guerra c’è stai fermo cosa fai ho già abbastanza problemi,120,120,21
2022-02-25 02:17:38,@GGabs16 sempre,['GGabs16'],[],sempre,15,6,1
2022-02-24 14:01:58,@Jessi07783918 Perché è una fallita accettatelo,['Jessi07783918'],[],Perché è una fallita accettatelo,47,32,5
2022-02-24 13:00:36,"RT @Cartabellotta: Al momento è impossibile abolire #mascherine al chiuso e isolamento dei positivi, indispensabili per consentire la compl…",['Cartabellotta'],['mascherine']," Al momento è impossibile abolire mascherine al chiuso e isolamento dei positivi, indispensabili per consentire la compl…",140,121,17
2022-02-25 01:39:42,RT @sebmes: L’in-credibile. https://t.co/ZBDyxM2EOA,['sebmes'],[], L’in-credibile.,51,16,1
2022-02-25 00:17:16,"Queste nomination stanno durando 40 minuti.
#gfvip",[],['gfvip'],Queste nomination stanno durando 40 minuti. gfvip,50,49,7
2022-02-24 22:21:06,RT @la_prima979: Ho male ovunque 💔#RussiaUkraineConflict https://t.co/nxN05VFCG2,['la_prima979'],['RussiaUkraineConflict'], Ho male ovunque 💔RussiaUkraineConflict,80,39,4
2022-02-24 13:10:39,"RT @napolimagazine: Sci, Coppa del Mondo femminile: Haehlen la più veloce nella prova di discesa libera a Crans https://t.co/9UXV0PqL9M",['napolimagazine'],[]," Sci, Coppa del Mondo femminile: Haehlen la più veloce nella prova di discesa libera a Crans",135,92,16
2022-02-23 18:49:51,@dissa0001 Scambio di lezioni di francese e di chitarra,['dissa0001'],[],Scambio di lezioni di francese e di chitarra,55,44,8
2022-02-24 16:25:10,@francescogunel1 Perché sarei ridicola ?,['francescogunel1'],[],Perché sarei ridicola ?,40,23,4
2022-02-23 21:11:29,"@__mrslunastorta non mi ama più, non vuole guardare le winx con me🥺",['__mrslunastorta'],[],"non mi ama più, non vuole guardare le winx con me🥺",67,50,11
2022-02-24 21:59:41,"Il modo in cui secondo la scaletta Lulù stasera sarebbe passata in secondo piano, e invece si sta letteralmente prendendo tutti i blocchi! 😭😭😭✈️✈️✈️ #FairyLulu #IoStoConLulu #GFVIP",[],"['FairyLulu', 'IoStoConLulu', 'GFVIP']","Il modo in cui secondo la scaletta Lulù stasera sarebbe passata in secondo piano, e invece si sta letteralmente prendendo tutti i blocchi! 😭😭😭✈️✈️✈️ FairyLulu IoStoConLulu GFVIP",180,177,27
2022-02-24 22:55:04,Per me la NATO era finita qui. E infatti…,[],[],Per me la NATO era finita qui. E infatti…,41,41,9
2022-02-24 22:10:42,Davide ti prego spezza la maledizione perché adesso che sei dei nostri devi rimanere dalla parte giusta ❤️ #jerù,[],['jerù'],Davide ti prego spezza la maledizione perché adesso che sei dei nostri devi rimanere dalla parte giusta ❤️ jerù,112,111,19
2022-02-24 13:51:09,"RT @ilmessaggeroit: Sul #bus #atac senza mascherina, albanese 38enne molesta i passeggeri: arrestato per violenza https://t.co/ezwFILU5bb",['ilmessaggeroit'],"['bus', 'atac']"," Sul bus atac senza mascherina, albanese 38enne molesta i passeggeri: arrestato per violenza",137,92,13
2022-02-24 16:23:41,"RT @fratotolo2: Gli italiani sono così…
Tutti fascisti fino al 25 luglio 1943, poi tutti partigiani.
Tutti guerrafondai in Jugoslavia nel 1…",['fratotolo2'],[]," Gli italiani sono così… Tutti fascisti fino al 25 luglio 1943, poi tutti partigiani. Tutti guerrafondai in Jugoslavia nel 1…",140,125,20
2022-02-24 14:27:14,"RT @AlvisiConci: Anche questa volta Travaglio ci ha azzeccato.
Unica volta, che speravo avesse ragione.
Io fossi in lui appenderei la lingu…",['AlvisiConci'],[]," Anche questa volta Travaglio ci ha azzeccato. Unica volta, che speravo avesse ragione. Io fossi in lui appenderei la lingu…",140,124,20
2022-02-24 06:38:21,"RT @nicolettadec: @CarmelaCusmai
@Maria_AnnaPatti
#LeAlbeDellaVita
Non abbiamo problemi ma opportunità 
#CasaLettori @CasaLettori https://t…","['nicolettadec', 'CarmelaCusmai', 'Maria_AnnaPatti', 'CasaLettori']","['LeAlbeDellaVita', 'CasaLettori']", LeAlbeDellaVita Non abbiamo problemi ma opportunità CasaLettori,140,64,7
2022-02-24 19:28:14,Papà che torna a casa dall'ospedale è la cosa più bella che mi sia capitata in circa 2 mesi ❤️,[],[],Papà che torna a casa dall'ospedale è la cosa più bella che mi sia capitata in circa 2 mesi ❤️,94,94,20
2022-02-24 22:53:52,BASTA MATEO,[],[],BASTA MATEO,11,11,2
2022-02-24 03:59:49,"RT @P_R_I_M_A_R_E_P: Piddino in fila in farmacia si vanta di non aver mai fatto un tampone e di aspettare con ansia quarta dose.
Dal manico…",['P_R_I_M_A_R_E_P'],[], Piddino in fila in farmacia si vanta di non aver mai fatto un tampone e di aspettare con ansia quarta dose. Dal manico…,140,120,23
2022-02-24 10:55:00,"RT @Giul_Granato: La nostra posizione sulla crisi #RussiaUcraina è chiara: no alla #guerra, condanniamo l'espansionismo della Nato che inne…",['Giul_Granato'],"['RussiaUcraina', 'guerra']"," La nostra posizione sulla crisi RussiaUcraina è chiara: no alla guerra, condanniamo l'espansionismo della Nato che inne…",140,121,17
2022-02-24 13:02:23,ma è proprio quello che sta facendo...,[],[],ma è proprio quello che sta facendo...,38,38,7
2022-02-24 15:21:13,chi ha pianto e perché proprio io,[],[],chi ha pianto e perché proprio io,33,33,7
2022-02-24 21:49:59,"Quanto odio quel genere di persone che si accolla le disgrazie pur essendo disgrazie non sue, giusto per il gusto di fare la vittima",[],[],"Quanto odio quel genere di persone che si accolla le disgrazie pur essendo disgrazie non sue, giusto per il gusto di fare la vittima",132,132,24
2022-02-24 12:43:27,"RT @AscioneMauri: Gli attacchi russi sono solo dimostrativi.
A breve sarà terminato il tutto..",['AscioneMauri'],[], Gli attacchi russi sono solo dimostrativi. A breve sarà terminato il tutto..,94,77,12
2022-02-23 20:53:13,RT @capitanoachab6: che figura dimmerda 😳😳😳😳😳😳😳👇👇👇 https://t.co/xqhvKpwnJO,['capitanoachab6'],[], che figura dimmerda 😳😳😳😳😳😳😳👇👇👇,74,31,4
2022-02-23 21:07:52,@kaIos87 Le bandiere più belle,['kaIos87'],[],Le bandiere più belle,30,21,4
2022-02-23 20:57:15,"RT @itsmeback_: Bassetti, Pregliasco e Ricciardi entrano in politica con la sinistra.

A voi i commenti.",['itsmeback_'],[]," Bassetti, Pregliasco e Ricciardi entrano in politica con la sinistra. A voi i commenti.",104,88,14
2022-02-23 20:32:03,"🦸 CITA E RISPONDI WTS 🦸

4. qual è il tuo film preferito?",[],[],🦸 CITA E RISPONDI WTS 🦸 4. qual è il tuo film preferito?,57,56,13
2022-02-24 08:15:56,"RT @ProfCampagna: #RussiaUkraineConflict
#WWIII

""Ogni #guerra ha una costante: il 90% delle vittime sono civili che non hanno mai imbracci…",['ProfCampagna'],"['RussiaUkraineConflict', 'WWIII', 'guerra']"," RussiaUkraineConflict WWIII ""Ogni guerra ha una costante: il 90% delle vittime sono civili che non hanno mai imbracci…",140,119,18
2022-02-24 12:31:07,"RT @dottorbarbieri: 🔴🔴💉 LA CAMERA CONFERMA LA FIDUCIA AL GOVERNO SUL DL SGP E OBBLIGO OVER50

372 voti favorevoli, 46 contrari.",['dottorbarbieri'],[]," 🔴🔴💉 LA CAMERA CONFERMA LA FIDUCIA AL GOVERNO SUL DL SGP E OBBLIGO OVER50 372 voti favorevoli, 46 contrari.",127,107,19
2022-02-23 21:54:23,"RT @robixswz: harry quando             harry quando
deve andare                 deve fare
in vacanza                  un concerto https://t…",['robixswz'],[], harry quando harry quando deve andare deve fare in vacanza un concerto,140,71,12
2022-02-23 18:19:51,"Pimotto l'ha detto 13 volte!
#leredità",[],['leredità'],Pimotto l'ha detto 13 volte! leredità,38,37,6
2022-02-24 11:23:35,Gi71376847 Se fossimo in una fiction Di Maio sarebbe l’uomo giusto al posto giusto ma la realtà lo asfalta di brut… https://t.co/dwQiVsbu7P,[],[],Gi71376847 Se fossimo in una fiction Di Maio sarebbe l’uomo giusto al posto giusto ma la realtà lo asfalta di brut…,139,115,21
2022-02-24 06:50:41,@D1NNINGT4BL3 tu sei il mio posto sicuro ❤️,['D1NNINGT4BL3'],[],tu sei il mio posto sicuro ❤️,43,29,7
2022-02-23 19:52:39,A me la balaclava rossa non piace,[],[],A me la balaclava rossa non piace,33,33,7
2022-02-24 16:54:02,"RT @a_meluzzi: ""Cari russi, è questione di vita o di morte"": ecco il discorso di guerra di Putin. Da leggere integralmente e meditare! http…",['a_meluzzi'],[]," ""Cari russi, è questione di vita o di morte"": ecco il discorso di guerra di Putin. Da leggere integralmente e meditare! http…",140,126,22
2022-02-24 15:21:57,RT @Savemeaa1: Vabbè ma io capisco che devono studiare ma non è che possono fare solo quello tutte le ore boh altrimenti impazziscono #Amic…,['Savemeaa1'],[], Vabbè ma io capisco che devono studiare ma non è che possono fare solo quello tutte le ore boh altrimenti impazziscono Amic…,140,125,22
2022-02-24 15:17:29,@CCLAC97 Belliiiiiiiiiiiiii da svenire,['CCLAC97'],[],Belliiiiiiiiiiiiii da svenire,38,29,3
2022-02-24 11:31:00,"No raga mi sono innamorata basta è veramente grave la situazione. Non ho seguito nulla, NULLA",[],[],"No raga mi sono innamorata basta è veramente grave la situazione. Non ho seguito nulla, NULLA",93,93,16
2022-02-24 15:19:15,"RT @Leon4rd__: Con Trump ci sono stati 4 anni di pace, un anno di Biden e siamo sull'orlo della terza guerra mondiale.",['Leon4rd__'],[]," Con Trump ci sono stati 4 anni di pace, un anno di Biden e siamo sull'orlo della terza guerra mondiale.",118,104,20
2022-02-23 22:50:50,"RT @Michele_Arnese: Da Mosca hanno tenuto a ricordare all'omologo italiano, Luigi Di Maio, che la diplomazia ""è stata inventata solo per ri…",['Michele_Arnese'],[]," Da Mosca hanno tenuto a ricordare all'omologo italiano, Luigi Di Maio, che la diplomazia ""è stata inventata solo per ri…",140,121,20
2022-02-24 20:12:46,"RT @RealEmisKilla: Alla fine che sia covid, una guerra o altro, il virus colpevole è sempre e solo l’uomo. Chemmerrda di periodo storico.",['RealEmisKilla'],[]," Alla fine che sia covid, una guerra o altro, il virus colpevole è sempre e solo l’uomo. Chemmerrda di periodo storico.",137,119,21
2022-02-24 15:17:53,RT @salpaladino: Quanto mi dispiace per questo ragazzo. Che sfiga assurda https://t.co/kYf2ESPn5V,['salpaladino'],[], Quanto mi dispiace per questo ragazzo. Che sfiga assurda,97,57,9
2022-02-24 21:49:00,@Drittorovescio_ Ma si è ignorante quella donna,['Drittorovescio_'],[],Ma si è ignorante quella donna,47,30,6
2022-02-25 06:43:39,guardate chi è tornato :’( @hhoneyuyu @emoweirdom,"['hhoneyuyu', 'emoweirdom']",[],guardate chi è tornato :’(,49,26,5
2022-02-23 17:14:35,@Cropy_03 None https://t.co/w0FjWp5Ejk,['Cropy_03'],[],None,38,4,1
2022-02-24 15:39:31,RT @fabius10scudi: Trovo un po' improbabile che si faccia a) un bombardamento con solo due aerei e b) con dei B-52 in questo contesto.,['fabius10scudi'],[], Trovo un po' improbabile che si faccia a) un bombardamento con solo due aerei e b) con dei B-52 in questo contesto.,134,116,22
2022-02-23 17:15:27,Me ne mancano 7.,[],[],Me ne mancano 7.,16,16,4
2022-02-25 07:33:35,RT @bainjal: Modi’s IT cell. So compassionate https://t.co/GOSYlEyaCd,['bainjal'],[], Modi’s IT cell. So compassionate,69,33,5
2022-02-23 20:27:32,"RT @Giovanna7514: Quando il sol s'indora, si riflette e si avvicina..incerto se baciare o tuffarsi nell'immenso lago per poi perdersi estas…",['Giovanna7514'],[]," Quando il sol s'indora, si riflette e si avvicina..incerto se baciare o tuffarsi nell'immenso lago per poi perdersi estas…",140,123,19
2022-02-24 21:26:57,"RT @laura99164560: UNA PREGHIERA PER ANDREA CISTERNINO E I SUOI ANIMALI 🙏🏻❤️😔
@WAL_Italia https://t.co/i4WSaWmW8K","['laura99164560', 'WAL_Italia']",[], UNA PREGHIERA PER ANDREA CISTERNINO E I SUOI ANIMALI 🙏🏻❤️😔,113,59,10
2022-02-23 19:31:22,RT @viziate: E dovremmo considerare un giorno perso ogni giorno in cui non abbiamo ballato almeno una volta. E dovremmo considerare una ver…,['viziate'],[], E dovremmo considerare un giorno perso ogni giorno in cui non abbiamo ballato almeno una volta. E dovremmo considerare una ver…,140,128,21
2022-02-24 11:39:37,"RT @LucioMalan: Non dimentichiamo che il più grande problema per i paesi liberi resta la Cina 🇨🇳 , che potrebbe approfittare della situazio…",['LucioMalan'],[]," Non dimentichiamo che il più grande problema per i paesi liberi resta la Cina 🇨🇳 , che potrebbe approfittare della situazio…",140,125,21
2022-02-23 21:18:09,Lavatrice. Bucato! Ed è subito Martina e Benno! #chilhavisto,[],['chilhavisto'],Lavatrice. Bucato! Ed è subito Martina e Benno! chilhavisto,60,59,9
2022-02-23 20:06:27,@trstzzvaiviaa SEI UN INCOERENTE IPOCRITA SCHIFOSA,['trstzzvaiviaa'],[],SEI UN INCOERENTE IPOCRITA SCHIFOSA,50,35,5
2022-02-24 14:38:36,"@LabiwaR @Adelaa998 Si ma 330000 è il 3% alle 22, alle 4 di notte può essere pure il 70%, non abbiamo il numero di persone quindi questo paragone non ha senso","['LabiwaR', 'Adelaa998']",[],"Si ma 330000 è il 3% alle 22, alle 4 di notte può essere pure il 70%, non abbiamo il numero di persone quindi questo paragone non ha senso",158,138,29
2022-02-24 19:45:31,@marcorunz99 @Sommoale_ @Falconero1987 Rega stiamo parlando di una squadra che l anno scorso è arrivata ai quarti di champions,"['marcorunz99', 'Sommoale_', 'Falconero1987']",[],Rega stiamo parlando di una squadra che l anno scorso è arrivata ai quarti di champions,126,87,16
2022-02-24 11:53:11,"Madonna vi prego Manila mette in imbarazzo persino me, fatela uscire! #jeru",[],['jeru'],"Madonna vi prego Manila mette in imbarazzo persino me, fatela uscire! jeru",75,74,12
2022-02-23 23:52:58,@mvvnlightx in bocca al lupo ciccia!! stai tranquilla che con la bellissima voce che ti ritrovi andrai benissimo io lo so https://t.co/8Qa4ogWB92,['mvvnlightx'],[],in bocca al lupo ciccia!! stai tranquilla che con la bellissima voce che ti ritrovi andrai benissimo io lo so,145,109,20
2022-02-24 08:35:56,"RT @GoriRoberto1: Maria Giovanna Maglie è il ""giorno della vergogna"", ""vergogna"" è l'entrata in vigore per i lavoratori over 50 del super G…",['GoriRoberto1'],[]," Maria Giovanna Maglie è il ""giorno della vergogna"", ""vergogna"" è l'entrata in vigore per i lavoratori over 50 del super G…",140,123,21
2022-02-24 07:40:39,"RT @Corriere: 🔴 A questo link la diretta con gli aggiornamenti in tempo reale 

https://t.co/KWCpPVaNR1",['Corriere'],[], 🔴 A questo link la diretta con gli aggiornamenti in tempo reale,103,64,12
2022-02-25 07:51:37,"@milasvotingduty R
Camila latam te ama 
I vote for Camila Cabello Cinderella #Cinderella #Sweepstakes #OscarsFanFavorite",['milasvotingduty'],"['Cinderella', 'Sweepstakes', 'OscarsFanFavorite']",R Camila latam te ama I vote for Camila Cabello Cinderella Cinderella Sweepstakes OscarsFanFavorite,120,99,14
2022-02-24 14:42:29,"RT @ostvest: Affrettatevi al perdono del vostro Signore e al Giardino vasto come i cieli e la terra che è preparato per i timorati, quelli…",['ostvest'],[]," Affrettatevi al perdono del vostro Signore e al Giardino vasto come i cieli e la terra che è preparato per i timorati, quelli…",139,127,23
2022-02-23 22:29:15,Simplemente BELGRANO 💙,[],[],Simplemente BELGRANO 💙,22,22,3
2022-02-24 13:16:51,RT @redazionemetis: Torna la narrazione in versi dialettali delle piccole/grandi #disgrazie di #vita di Bruno Versace. Oggi una toccante #p…,['redazionemetis'],"['disgrazie', 'vita']", Torna la narrazione in versi dialettali delle piccole/grandi disgrazie di vita di Bruno Versace. Oggi una toccante p…,140,118,18
2022-02-24 19:00:16,"ANBI, CONTO ENERGIA CONSORZI DI BONIFICA IN ATTIVO EPPURE PAGANO BOLLETTE SEMPRE PIU' SALATE https://t.co/rOCIeHxKHy 
@ANBI_Nazionale",['ANBI_Nazionale'],[],"ANBI, CONTO ENERGIA CONSORZI DI BONIFICA IN ATTIVO EPPURE PAGANO BOLLETTE SEMPRE PIU' SALATE",133,92,14
2022-02-24 21:10:49,"RT @Mariate95487054: Lei brilla di luce propria 💜😍🧚 
#gfvip #fairylu https://t.co/dZekeHJ0mC",['Mariate95487054'],"['gfvip', 'fairylu']", Lei brilla di luce propria 💜😍🧚 gfvip fairylu,92,45,8
2022-02-24 19:23:16,"Che mentalità che hanno i russi.
Sembra siano fermi a 35 anni fa.
#ohwait #putin #Ucraina https://t.co/OoI6T4UwfO",[],"['ohwait', 'putin', 'Ucraina']",Che mentalità che hanno i russi. Sembra siano fermi a 35 anni fa. ohwait putin Ucraina,113,86,16
2022-02-24 20:28:48,"Tu mi hai fatto perdere ciò che amavo 
ora goditi le conseguenze 
Cit. Azrael",[],[],Tu mi hai fatto perdere ciò che amavo ora goditi le conseguenze Cit. Azrael,77,75,14
2022-02-24 22:05:42,@Crotalonatrash @Skq7qZ Ci credi che veramente quest anno più che capire chi voglio in finale tento di capire chi mi sta più sulle 🏀? Per ora parimerito tra la vecchia e Ragazzetta Zelletta?,"['Crotalonatrash', 'Skq7qZ']",[],Ci credi che veramente quest anno più che capire chi voglio in finale tento di capire chi mi sta più sulle 🏀? Per ora parimerito tra la vecchia e Ragazzetta Zelletta?,190,166,31
2022-02-23 19:37:49,RT @OgFihama: Una del weekend🥑✨💋 https://t.co/5qwNielOUL,['OgFihama'],[], Una del weekend🥑✨💋,56,19,3
2022-02-24 17:09:18,@MSaaaandra @aartisticaa Ma allora chi? Cacciano Nunzio dopo una settimana come a settembre? Poi perdono il confronto per il serale,"['MSaaaandra', 'aartisticaa']",[],Ma allora chi? Cacciano Nunzio dopo una settimana come a settembre? Poi perdono il confronto per il serale,131,106,18
2022-02-24 15:03:15,"RT @HESMYLFINELINE: Sophie: “Ti posso dire che lui non riesce effettivamente a stare lontano da lei. L’altro giorno mi ha fatto strano, era…",['HESMYLFINELINE'],[]," Sophie: “Ti posso dire che lui non riesce effettivamente a stare lontano da lei. L’altro giorno mi ha fatto strano, era…",140,121,21
2022-02-24 14:44:30,RT @FrancescoAmara5: nel caso non fosse giunta la notizia anche qui. SHE/HER. ❤️ https://t.co/YSJZpP1IPm,['FrancescoAmara5'],[], nel caso non fosse giunta la notizia anche qui. SHE/HER. ❤️,104,60,11
2022-02-23 20:47:06,@1000voci TU SI CHE HAI CAPITO NOEMI,['1000voci'],[],TU SI CHE HAI CAPITO NOEMI,36,26,6
2022-02-24 12:55:41,"RT @OfficialASRoma: 🟨🇮🇹🟥 

🔙 Dal Roma-Real dell'11 settembre a Roma-Galatasaray: abbiamo ripercorso le 9 partite giocate dalla Roma con la…",['OfficialASRoma'],[], 🟨🇮🇹🟥 🔙 Dal Roma-Real dell'11 settembre a Roma-Galatasaray: abbiamo ripercorso le 9 partite giocate dalla Roma con la…,139,118,18
2022-02-23 17:35:40,Oddio Mourinho che si fa gli striscioni da solo mi mancava!!! 🤣🤣🤣🤣🤣🤣🤣🤣🤣🤣🤣🤣🤣🤣🤣🤣... Ma l'ambiente romano non esiste... LMV! https://t.co/3qy08BQ8yL,[],[],Oddio Mourinho che si fa gli striscioni da solo mi mancava!!! 🤣🤣🤣🤣🤣🤣🤣🤣🤣🤣🤣🤣🤣🤣🤣🤣... Ma l'ambiente romano non esiste... LMV!,145,121,18
2022-02-23 23:08:25,Ecco cosa accadrebbe se un missile nucleare Russo colpisse la base Milit... https://t.co/AV0HwdY4nH via @YouTube,['YouTube'],[],Ecco cosa accadrebbe se un missile nucleare Russo colpisse la base Milit... via,112,79,13
2022-02-23 19:01:51,@fvllinglwt io parlavo di me HAHAHAJ,['fvllinglwt'],[],io parlavo di me HAHAHAJ,36,24,5
2022-02-23 23:07:35,È tutto fottutamente collegato,[],[],È tutto fottutamente collegato,30,30,4
2022-02-24 03:47:15,"RT @Agenzia_Ansa: Putin ha annunciato l'operazione militare in Ucraina ed esortato le forze di Kiev a consegnare le armi e ""andare a casa"":…",['Agenzia_Ansa'],[]," Putin ha annunciato l'operazione militare in Ucraina ed esortato le forze di Kiev a consegnare le armi e ""andare a casa"":…",140,123,21
2022-02-25 01:01:50,RT @RaphaelRaduzzi: Domani come @Alternativa_it presenteremo una proposta costituzionale a prima firma @Fraforciniti per limitare ad uno so…,"['RaphaelRaduzzi', 'Alternativa_it', 'Fraforciniti']",[], Domani come presenteremo una proposta costituzionale a prima firma per limitare ad uno so…,140,91,14
2022-02-23 18:03:52,@antonel64620833 Ma infatti non ho capito le foto da dove sono state prese 💀😱,['antonel64620833'],[],Ma infatti non ho capito le foto da dove sono state prese 💀😱,77,60,13
2022-02-24 08:40:14,petizione per far comprare a putin un libro di storia,[],[],petizione per far comprare a putin un libro di storia,53,53,10
2022-02-23 19:51:52,@luigicasile Allora blocca Salvini.leggi il suo ultimo tweet 🙄🤬,['luigicasile'],[],Allora blocca Salvini.leggi il suo ultimo tweet 🙄🤬,63,50,8
2022-02-24 14:52:58,mandei e me arrependi,[],[],mandei e me arrependi,21,21,4
2022-02-25 06:00:04,@MediasetTgcom24 Restate in Ucraina volevate la Guerra be' ora l'avete.,['MediasetTgcom24'],[],Restate in Ucraina volevate la Guerra be' ora l'avete.,71,54,9
2022-02-24 19:22:58,RT @Savilesix: POV: “ricordi che Putin non attaccherebbe mai il paese in cui risiede il suo migliore amico” #terzaguerramondiale #RussiaUcr…,['Savilesix'],['terzaguerramondiale'], POV: “ricordi che Putin non attaccherebbe mai il paese in cui risiede il suo migliore amico” terzaguerramondiale RussiaUcr…,140,124,18
2022-02-24 13:22:43,"24 febbraio 2022.
Mentre a #Kiev suonano le sirene d’allarme antiaereo e continuano a verificarsi esplosioni, chi può si mette in marcia per allontanarsi dalla città.

Lo scatto è di Pierre Crom.  

#Ucraina https://t.co/zafQt6cVNQ",[],"['Kiev', 'Ucraina']","24 febbraio 2022. Mentre a Kiev suonano le sirene d’allarme antiaereo e continuano a verificarsi esplosioni, chi può si mette in marcia per allontanarsi dalla città. Lo scatto è di Pierre Crom. Ucraina",231,201,33
2022-02-23 20:14:51,"RT @virginiaraggi: .@luigidimaio, #AvantiATestaAlta. Non ci facciamo intimidire. Siamo con te. https://t.co/6wsqkEOTfm","['virginiaraggi', 'luigidimaio']",['AvantiATestaAlta']," ., AvantiATestaAlta. Non ci facciamo intimidire. Siamo con te.",118,63,9
2022-02-24 20:28:21,"RT @Asiablog_it: 🇷🇺#RussiaUkraineConflict🇺🇦

Anti-war rally in #Georgia's capital #Tbilisi. (Georgians suffered Russian aggression in 2008)…",['Asiablog_it'],"['RussiaUkraineConflict', 'Georgia', 'Tbilisi']", 🇷🇺RussiaUkraineConflict🇺🇦 Anti-war rally in Georgia's capital Tbilisi. (Georgians suffered Russian aggression in 2008)…,140,120,13
2022-02-24 09:25:46,"RT @Emilystellaemi2: GRAZIE DI CUORE A ENPA ONLUS, CHE HA ACCOLTO, COME TANTE ALTRE VOLTE, IL NOSTRO APPELLO.🙏🙏 https://t.co/KaWG7zRv09",['Emilystellaemi2'],[]," GRAZIE DI CUORE A ENPA ONLUS, CHE HA ACCOLTO, COME TANTE ALTRE VOLTE, IL NOSTRO APPELLO.🙏🙏",135,91,16
2022-02-24 22:54:27,DIFFERENZE tra CATTOLICI e ORTODOSSI: Dal GRANDE SCISMA ad OGGI (Moscow ... https://t.co/HmSo4TBVft via @YouTube,['YouTube'],[],DIFFERENZE tra CATTOLICI e ORTODOSSI: Dal GRANDE SCISMA ad OGGI (Moscow ... via,112,79,13
2022-02-25 03:54:43,"RT @HESMYLFINELINE: Alfonso: “Jessica ha preso un altro palo”

Il palo di Jessica: #jeru https://t.co/aaf4ycHqKg",['HESMYLFINELINE'],['jeru'], Alfonso: “Jessica ha preso un altro palo” Il palo di Jessica: jeru,112,67,12
2022-02-24 10:32:19,"RT @blackan68873025: Asfaltata storica del Prof. #Gibilisco su #Galli:

""Collega, #Draghi ci aveva mentito sul #Greenpass e sul trovarci tr…",['blackan68873025'],"['Gibilisco', 'Galli', 'Draghi', 'Greenpass']"," Asfaltata storica del Prof. Gibilisco su Galli: ""Collega, Draghi ci aveva mentito sul Greenpass e sul trovarci tr…",140,115,18
2022-02-24 20:25:30,"@bakaxiiiii fica tranquila que uma hora volta, tipo one direction e fifth harmony",['bakaxiiiii'],[],"fica tranquila que uma hora volta, tipo one direction e fifth harmony",81,69,12
2022-02-24 19:52:25,"RT @valeriosaitta1: Cruciani potrebbe dire a quell'ignorante di #parenzo che il cod Rocco è del periodo fascista, così che la prox volta no…",['valeriosaitta1'],['parenzo']," Cruciani potrebbe dire a quell'ignorante di parenzo che il cod Rocco è del periodo fascista, così che la prox volta no…",140,120,21
2022-02-25 04:53:47,"RT @byoblu: Si è votata alla Camera la fiducia sul decreto legge che obbliga la vaccinazione per gli over 50enni. I parlamentari, che sembr…",['byoblu'],[]," Si è votata alla Camera la fiducia sul decreto legge che obbliga la vaccinazione per gli over 50enni. I parlamentari, che sembr…",140,129,22
2022-02-24 15:26:43,RT @marcotelecono: Qualcuno può dire alla giornalista che l’elmetto slacciato non serve a niente e che si vedono passanti che  camminano tr…,['marcotelecono'],[], Qualcuno può dire alla giornalista che l’elmetto slacciato non serve a niente e che si vedono passanti che camminano tr…,140,121,20
2022-02-23 21:09:20,io estanca che non mi appaiono le storie https://t.co/cpAuSEXLc6,[],[],io estanca che non mi appaiono le storie,64,40,8
2022-02-25 00:29:33,"RT @q4itsmybaby: COSA AVRÀ DETTO LA CARA NATHALY PER POI PREOCCUPARSI DI QUESTO CARO ALFONSO...

“Speriamo non si sentano le cose che ho de…",['q4itsmybaby'],[], COSA AVRÀ DETTO LA CARA NATHALY PER POI PREOCCUPARSI DI QUESTO CARO ALFONSO... “Speriamo non si sentano le cose che ho de…,140,123,22
2022-02-24 14:06:48,ci rendiamo conto che io sono riuscita a fidanzarmi qualche giorno prima che scoppiasse la guerra lol,[],[],ci rendiamo conto che io sono riuscita a fidanzarmi qualche giorno prima che scoppiasse la guerra lol,101,101,17
2022-02-25 06:30:35,"RT @colicolipas: Video Full Durasi
https://t.co/scIL272EyP https://t.co/V0TdONHBky",['colicolipas'],[], Video Full Durasi,82,18,3
2022-02-24 08:03:41,RT @GiuseppeConteIT: Ferma condanna per l’attacco russo che precipita la situazione e allontana ogni soluzione diplomatica. Confidiamo in u…,['GiuseppeConteIT'],[], Ferma condanna per l’attacco russo che precipita la situazione e allontana ogni soluzione diplomatica. Confidiamo in u…,140,120,17
2022-02-24 08:46:16,"RT @Flaviana____: Oggi sono stata al pronto soccorso e ho visto molti ragazzi che hanno mangiato la pizza, preso freddo e fatto sesso. 

Vi…",['Flaviana____'],[]," Oggi sono stata al pronto soccorso e ho visto molti ragazzi che hanno mangiato la pizza, preso freddo e fatto sesso. Vi…",140,121,22
2022-02-23 23:37:42,"RT @blanchsdelrey: IL TG1 HA DAVVERO USATO LA MIA FANCAM CON LATITANTE DI GIANNI CELESTE IN SOTTOFONDO NON CREDO DI SENTIRMI BENE 

#Sanrem…",['blanchsdelrey'],[], IL TG1 HA DAVVERO USATO LA MIA FANCAM CON LATITANTE DI GIANNI CELESTE IN SOTTOFONDO NON CREDO DI SENTIRMI BENE Sanrem…,140,119,21
2022-02-24 14:14:34,"RT @sailor_snickers: Ma chi se ne fotte di chi ha ragione o meno, durante le guerre a morire sono sempre e solo le persone innocenti e ques…",['sailor_snickers'],[]," Ma chi se ne fotte di chi ha ragione o meno, durante le guerre a morire sono sempre e solo le persone innocenti e ques…",140,120,25
2022-02-24 09:46:35,RT @rtl1025: 🌐 L'#Ucraina rompe le relazioni diplomatiche con la #Russia. Lo ha annunciato il presidente #Zelensky #RussiaUkraineConflict,['rtl1025'],"['Ucraina', 'Russia', 'Zelensky', 'RussiaUkraineConflict']", 🌐 L'Ucraina rompe le relazioni diplomatiche con la Russia. Lo ha annunciato il presidente Zelensky RussiaUkraineConflict,137,121,16
2022-02-25 00:30:04,"@Anninafly @Gfvip6_2021 @alfosignorini non si trovano da nessuna parte ma come è possibile,non siamo pazzi siamo in tantissimi","['Anninafly', 'Gfvip6_2021', 'alfosignorini']",[],"non si trovano da nessuna parte ma come è possibile,non siamo pazzi siamo in tantissimi",126,87,15
2022-02-24 04:46:04,"RT @AndreaGiuricin: Le #metro a #Roma con #ATAC passano sempre più raramente.
Tempi di attesa anche superiori a 10 minuti.
Per questo #ATAC…",['AndreaGiuricin'],"['metro', 'Roma', 'ATAC', 'ATAC']", Le metro a Roma con ATAC passano sempre più raramente. Tempi di attesa anche superiori a 10 minuti. Per questo ATAC…,140,117,21
2022-02-24 23:48:44,"RT @KitemuoT: Nemmeno un giorno di guerra e già abbiamo visto in ordine:
- giornalisti con elmetto, con dietro nonnine che fanno la spesa
-…",['KitemuoT'],[]," Nemmeno un giorno di guerra e già abbiamo visto in ordine: - giornalisti con elmetto, con dietro nonnine che fanno la spesa -…",140,127,23
2022-02-23 19:58:25,@louisgoldensun oddio il blocco del lettore mio incubo,['louisgoldensun'],[],oddio il blocco del lettore mio incubo,54,38,7
2022-02-23 18:53:23,"RT @PBalabam: Chiariamo subito una cosa.

Puglisi è stato rigettato come consulente del governo.
Non lo volevano in molti.

Chiariamo un'al…",['PBalabam'],[], Chiariamo subito una cosa. Puglisi è stato rigettato come consulente del governo. Non lo volevano in molti. Chiariamo un'al…,140,125,19
2022-02-23 21:51:10,RT @Bresingar_: Madre mia cosa è  https://t.co/UOoZeeit2T,['Bresingar_'],[], Madre mia cosa è,57,17,4
2022-02-23 19:54:57,@_Reyessofie Dale mi amor 🥵,['_Reyessofie'],[],Dale mi amor 🥵,27,14,4
2022-02-24 10:51:21,RT @Gloriajadore: Il paradiso terrestre non esis...ah sì 😍 Puglia 🤩 https://t.co/NrsfQ9dQLh,['Gloriajadore'],[], Il paradiso terrestre non esis...ah sì 😍 Puglia 🤩,91,50,9
2022-02-24 07:24:18,"@worldernest È ora che l Europa diventi l equilibrio del Mondo e ha i mezzi per farlo , sia politici che economici",['worldernest'],[],"È ora che l Europa diventi l equilibrio del Mondo e ha i mezzi per farlo , sia politici che economici",114,101,21
2022-02-23 17:15:26,"RT @dobledouble: ✈PROPOSTA✈

Ho trovato questa proposta in giro.

Per me è carina, parla più di noi come fandom, che ci siamo per loro fuor…",['dobledouble'],[]," ✈PROPOSTA✈ Ho trovato questa proposta in giro. Per me è carina, parla più di noi come fandom, che ci siamo per loro fuor…",140,122,23
2022-02-25 02:46:34,"Jessica però, tante donne non lasciano il compagno perchè non sono economicamente indipendenti, non è certo una novità purtroppo. Non è una cosa fuori dal comune ahimè. Non tutte nascono principesse. 

#Gfvip",[],['Gfvip'],"Jessica però, tante donne non lasciano il compagno perchè non sono economicamente indipendenti, non è certo una novità purtroppo. Non è una cosa fuori dal comune ahimè. Non tutte nascono principesse. Gfvip",208,205,32
2022-02-24 10:02:19,"RT @censore_: Twitt muto. 
Guardate, analizzate bene la cartina e traete le conclusioni.
🇺🇸🇷🇺
👇👇👇👇👇👇👇👇
. https://t.co/c4gsRDIYKi",['censore_'],[]," Twitt muto. Guardate, analizzate bene la cartina e traete le conclusioni. 🇺🇸🇷🇺 👇👇👇👇👇👇👇👇 .",128,90,14
2022-02-24 13:37:40,@Civppix1 Lapha è quello nero,['Civppix1'],[],Lapha è quello nero,29,19,4
2022-02-23 23:39:34,@cuoredipezza Ho la stessa domanda in testa e non so dare una risposta,['cuoredipezza'],[],Ho la stessa domanda in testa e non so dare una risposta,70,56,12
2022-02-24 06:31:56,@1F1C0ULDFL1 invece sì😭,['1F1C0ULDFL1'],[],invece sì😭,23,10,2
2022-02-24 11:56:21,"Ma hit che? Nessuno lo conosce raga al suo concerto l’hanno fermato mentre cantava perché volevano sapere se la band sarebbe tornata insieme..ancora peggio, mentre lui ha chiesto di cantare con lui sono stati tutti zitti, cantava letteralmente da solo😭😭ma chi o sap😭",[],[],"Ma hit che? Nessuno lo conosce raga al suo concerto l’hanno fermato mentre cantava perché volevano sapere se la band sarebbe tornata insieme..ancora peggio, mentre lui ha chiesto di cantare con lui sono stati tutti zitti, cantava letteralmente da solo😭😭ma chi o sap😭",266,266,43
2022-02-24 13:51:17,@redfox78312431 @LoZozzone E meno male che non mi arrivano 🤣🤣🤣🤣🤣 comunque mi arriva tutto il campionario di maschi allupati wanna-be e mi basta e avanza🤣🤣🤣🤣,"['redfox78312431', 'LoZozzone']",[],E meno male che non mi arrivano 🤣🤣🤣🤣🤣 comunque mi arriva tutto il campionario di maschi allupati wanna-be e mi basta e avanza🤣🤣🤣🤣,156,129,23
2022-02-24 00:29:39,per come sono esaurita andrò in menopausa a 20 anni,[],[],per come sono esaurita andrò in menopausa a 20 anni,51,51,10
2022-02-23 17:13:05,"In #Toscana la Regione ha finanziato con 20 milioni di fondi #PNRR la ricostruzione ex-novo di un borgo  abbandonato e completamente disabitato.
Questa è una cosa da pazzi.
Mandate qualche inviato.",[],"['Toscana', 'PNRR']",In Toscana la Regione ha finanziato con 20 milioni di fondi PNRR la ricostruzione ex-novo di un borgo abbandonato e completamente disabitato. Questa è una cosa da pazzi. Mandate qualche inviato.,197,194,31
2022-02-24 20:00:25,"RT @fdragoni: Momento ilare del giorno 😂😂😂😂😂😂😂😂😂😂😂😂😂😂😂😂😂
“Il nostro motto per l’Unione europea è: liberiamoci dalla dipendenza del gas russ…",['fdragoni'],[], Momento ilare del giorno 😂😂😂😂😂😂😂😂😂😂😂😂😂😂😂😂😂 “Il nostro motto per l’Unione europea è: liberiamoci dalla dipendenza del gas russ…,140,127,18
2022-02-24 13:58:31,"RT @_maridl: Nuovo video: Volete fare un duetto??
Let’s go! 🥳

Correte a mettere mi piace e a commentare 😍💛🎶

*good vibes only*

#luigistra…",['_maridl'],[], Nuovo video: Volete fare un duetto?? Let’s go! 🥳 Correte a mettere mi piace e a commentare 😍💛🎶 *good vibes only* luigistra…,140,124,22
2022-02-24 18:18:53,io e mamma stavamo mangiando insieme mentre guardavamo il telegiornale. sono scoppiata a piangere,[],[],io e mamma stavamo mangiando insieme mentre guardavamo il telegiornale. sono scoppiata a piangere,97,97,14
2022-02-24 22:43:38,@sonperplessa Dagli un abbraccio da parte mia,['sonperplessa'],[],Dagli un abbraccio da parte mia,45,31,6
2022-02-23 19:16:49,"voleva ferirmi con le sue parole, non ci è riuscita mai
(per pochi)",[],[],"voleva ferirmi con le sue parole, non ci è riuscita mai (per pochi)",67,67,13
2022-02-23 17:57:16,Bambi 🤍🥺,[],[],Bambi 🤍🥺,8,8,2
2022-02-23 23:38:59,"RT @mattinodinapoli: Colpo al tabacchi ma i ladri vengono filmati 
il video diventa virale https://t.co/OJn24WfSkZ",['mattinodinapoli'],[], Colpo al tabacchi ma i ladri vengono filmati il video diventa virale,114,69,12
2022-02-24 19:23:33,"@GF_diretta Il privato le famiglie non dovrebbero essere citate ..cattivo gusto ciò ""le colpe dei padri non cadano sui figli"" cara Caldonazzo #fairylu #jessvip #miriangeles",['GF_diretta'],"['fairylu', 'jessvip', 'miriangeles']","Il privato le famiglie non dovrebbero essere citate ..cattivo gusto ciò ""le colpe dei padri non cadano sui figli"" cara Caldonazzo fairylu jessvip miriangeles",172,157,24
2022-02-24 12:37:08,@ficaarmonica A ME SI È MESSA A PARLWRE DELLA GUERRA🤞🏼,['ficaarmonica'],[],A ME SI È MESSA A PARLWRE DELLA GUERRA🤞🏼,54,40,9
2022-02-24 08:13:28,"RT @fdragoni: #Northstream2
Patto di acciaio Berlino-Mosca. Dal Baltico passerebbe una quantità di gas pari ad una volta e mezzo il consumo…",['fdragoni'],['Northstream2'], Northstream2 Patto di acciaio Berlino-Mosca. Dal Baltico passerebbe una quantità di gas pari ad una volta e mezzo il consumo…,140,126,20
2022-02-24 10:36:59,la MIA UNICA GIOIA,[],[],la MIA UNICA GIOIA,18,18,4
2022-02-23 17:10:17,"@fcancellato, in #Paraguay una vasta area del territorio dove vivono gli Ayoreo-Totobiegosode incontattati è stata lottizzata per essere abbattuta: la loro vita è ora in grave pericolo!
Oggi chiedi alla @CIDH di proteggere SUBITO la #TierraAyoreo
https://t.co/mQRALMxsEl","['fcancellato', 'CIDH']","['Paraguay', 'TierraAyoreo']",", in Paraguay una vasta area del territorio dove vivono gli Ayoreo-Totobiegosode incontattati è stata lottizzata per essere abbattuta: la loro vita è ora in grave pericolo! Oggi chiedi alla di proteggere SUBITO la TierraAyoreo",270,226,35
2022-02-24 13:57:16,Avete già cominciato a far scorta di carta igienica? 🥱,[],[],Avete già cominciato a far scorta di carta igienica? 🥱,54,54,10
2022-02-24 11:45:28,"@danielyno lo so, lo so, lasciamo stare",['danielyno'],[],"lo so, lo so, lasciamo stare",39,28,6
2022-02-23 18:27:38,"RT @queequeg1901: In Bulgaria il 20 marzo aboliranno il green pass con il 30% di vaccinati, quindi o la sanità bulgara è molto migliore di…",['queequeg1901'],[]," In Bulgaria il 20 marzo aboliranno il green pass con il 30% di vaccinati, quindi o la sanità bulgara è molto migliore di…",139,122,23
2022-02-23 16:28:37,"RT @bebe_am9: Traduzione:
Sta a te la scelta: una persona buona ma noiosa che ti darà sicurezze oppure una persona come me, intrigante più…",['bebe_am9'],[]," Traduzione: Sta a te la scelta: una persona buona ma noiosa che ti darà sicurezze oppure una persona come me, intrigante più…",139,126,22
2022-02-24 10:47:46,Rifiuti a Persano. I Carabinieri per la Tutela Ambientale annunciano il sequestro - https://t.co/ttWCqqZ9eh https://t.co/mqHqRvbLgk,[],[],Rifiuti a Persano. I Carabinieri per la Tutela Ambientale annunciano il sequestro -,131,83,13
2022-02-24 08:15:27,"RT @FloraLightwheel: @ladyonorato È questo?

https://t.co/0aRYImaa5v","['FloraLightwheel', 'ladyonorato']",[], È questo?,68,10,2
2022-02-24 13:54:51,"RT @emanuele82: LA RUSSIA INVADE L'UCRAINA: la protezione dei civili  dev’essere la priorità assoluta.
Gli attacchi deliberati contro perso…",['emanuele82'],[], LA RUSSIA INVADE L'UCRAINA: la protezione dei civili dev’essere la priorità assoluta. Gli attacchi deliberati contro perso…,140,124,17
2022-02-24 06:28:01,@elio_vito @pdnetwork Bravo elio....bisogna ripetere al infinito le azioni di sti politicanti italici...son comiche..no peggio vergognosi spudorati,"['elio_vito', 'pdnetwork']",[],Bravo elio....bisogna ripetere al infinito le azioni di sti politicanti italici...son comiche..no peggio vergognosi spudorati,147,125,15
2022-02-24 23:21:20,RT @simo_cantatore: BIAGIO D’ANELLI CHE RIMANE SEDUTO ALL’ENTRATA DI KATIA LA MIA VITA SCUSATE #GFVIP #miriangels,['simo_cantatore'],"['GFVIP', 'miriangels']", BIAGIO D’ANELLI CHE RIMANE SEDUTO ALL’ENTRATA DI KATIA LA MIA VITA SCUSATE GFVIP miriangels,113,92,14
2022-02-25 04:24:46,RT @alexi4aaa: come ci si abitua all'idea di smettere di parlare con qualcuno con cui parlavi ogni giorno e condividevi tutto?,['alexi4aaa'],[], come ci si abitua all'idea di smettere di parlare con qualcuno con cui parlavi ogni giorno e condividevi tutto?,126,112,19
2022-02-24 15:14:45,RT @TrustMyEyesO: In *America,['TrustMyEyesO'],[], In *America,29,12,2
2022-02-24 10:17:01,RT @localteamtv: Protesta camionisti a Ravenna: code all'ingresso in porto #camionisti #carogasolio #localteam https://t.co/dpNW4GmkT2,['localteamtv'],"['camionisti', 'carogasolio', 'localteam']", Protesta camionisti a Ravenna: code all'ingresso in porto camionisti carogasolio localteam,134,91,11
2022-02-24 06:18:05,"@donciucci @CasaLettori Infatti, non è. È un giorno dispiaciuto per l’umanità 😔","['donciucci', 'CasaLettori']",[],"Infatti, non è. È un giorno dispiaciuto per l’umanità 😔",79,55,10
2022-02-24 17:09:30,@fattoquotidiano @marcotravaglio VERGOGNA… giornale venduto a Putin. Siete scandalosi,"['fattoquotidiano', 'marcotravaglio']",[],VERGOGNA… giornale venduto a Putin. Siete scandalosi,85,52,7
2022-02-24 18:21:24,Speriamo solo che qualcuno riesca ad ammazzarlo,[],[],Speriamo solo che qualcuno riesca ad ammazzarlo,47,47,7
2022-02-23 21:49:48,@cippiriddu Sotto i cuscini del divano?,['cippiriddu'],[],Sotto i cuscini del divano?,39,27,5
2022-02-24 19:44:51,@iOTBTBSL Solo vino,['iOTBTBSL'],[],Solo vino,19,9,2
2022-02-24 07:56:10,"RT @FFiamengo: Vi sblocco un ricordo...
#Salvini vergognati! https://t.co/MwlzDrUWLp",['FFiamengo'],['Salvini'], Vi sblocco un ricordo... Salvini vergognati!,84,45,6
2022-02-23 23:29:31,@ivanscalfarotto @luigidimaio Infatti dopo i vari accordi col gas noi mandiamo Giggino a fargli la morale eeee… il problema degli italiani e che sono irriconoscenti xke servi del padrone ..,"['ivanscalfarotto', 'luigidimaio']",[],Infatti dopo i vari accordi col gas noi mandiamo Giggino a fargli la morale eeee… il problema degli italiani e che sono irriconoscenti xke servi del padrone ..,189,159,28
2022-02-23 17:38:18,Chiedo per un amico ma thiago kalulu non gioca più weeeee pioli svegliaaaaa @acmilan,['acmilan'],[],Chiedo per un amico ma thiago kalulu non gioca più weeeee pioli svegliaaaaa,84,75,13
2022-02-23 19:31:52,Sperando che vada a schiantarsi alle prossime elezioni,[],[],Sperando che vada a schiantarsi alle prossime elezioni,54,54,8
2022-02-23 20:18:19,RT @Robertina723: #CanYamanLoveYou Sei un brivido che accarezza il cuore,['Robertina723'],['CanYamanLoveYou'], CanYamanLoveYou Sei un brivido che accarezza il cuore,72,54,8
2022-02-24 07:01:03,"RT @jacopo_iacoboni: la Russia di Putin e la sua tv di stato stanno prendendo in giro “l’osteria occidentale” sull’invasione anche adesso,…",['jacopo_iacoboni'],[]," la Russia di Putin e la sua tv di stato stanno prendendo in giro “l’osteria occidentale” sull’invasione anche adesso,…",139,119,19
2022-02-23 16:48:35,"RT @Emmeffegi1: Ridurre il tutto al fatto che Jessica volesse dormire con Barù, quando Jessica per non svegliarlo se ne voleva andare altro…",['Emmeffegi1'],[]," Ridurre il tutto al fatto che Jessica volesse dormire con Barù, quando Jessica per non svegliarlo se ne voleva andare altro…",140,125,21
2022-02-23 22:53:28,"@BrutalDeluxe2 perché mentecatto? Ha detto una cosa banale, non si può trattare senza una de-escalation. Il problema è che lo hanno detto tutti i diplomatici occidentali e lo pensa Draghi. Certo, Conte è più filorusso. Con Dibba e Travaglio.",['BrutalDeluxe2'],[],"perché mentecatto? Ha detto una cosa banale, non si può trattare senza una de-escalation. Il problema è che lo hanno detto tutti i diplomatici occidentali e lo pensa Draghi. Certo, Conte è più filorusso. Con Dibba e Travaglio.",241,226,38
2022-02-24 11:31:36,"RT @unastellamarina: Abbiamo perso tutti.
E non è vero che non ci tocca, ci tocca nel momento esatto in cui una sola persona innocente perd…",['unastellamarina'],[]," Abbiamo perso tutti. E non è vero che non ci tocca, ci tocca nel momento esatto in cui una sola persona innocente perd…",140,120,23
2022-02-24 15:17:56,Ma in che senso,[],[],Ma in che senso,15,15,4
2022-02-24 22:26:55,E si grida alla democrazia x Ucraina  che risibili pagliacci abbiamo,[],[],E si grida alla democrazia x Ucraina che risibili pagliacci abbiamo,68,67,11
2022-02-23 20:20:45,RT @Lola2762620286: #CanYamanLoveYou E come un girasole giri attorno a me che sei il mio sole anche di notte,['Lola2762620286'],['CanYamanLoveYou'], CanYamanLoveYou E come un girasole giri attorno a me che sei il mio sole anche di notte,108,88,17
2022-02-24 06:46:05,Ho riso… https://t.co/PD8F9zGHCL,[],[],Ho riso…,32,8,2
2022-02-24 14:14:07,RT @vivianapresutti: @LegaSalvini Mazza che cervello che avete. Come il marito che si taglia i genitali per far dispetto alla moglie. Svani…,"['vivianapresutti', 'LegaSalvini']",[], Mazza che cervello che avete. Come il marito che si taglia i genitali per far dispetto alla moglie. Svani…,140,107,19
2022-02-24 20:46:08,RT @EllyPrincy: A San Pietroburgo le persone manifestano contro la guerra. È un atto di grandissimo coraggio data la loro situazione #Russi…,['EllyPrincy'],[], A San Pietroburgo le persone manifestano contro la guerra. È un atto di grandissimo coraggio data la loro situazione Russi…,140,124,20
2022-02-24 08:09:07,"non ci bastava una situazione pandemica e un'emergenza sanitaria ancora in corso, adesso anche la guerra grande put1n ottimo lavoro stonks hai sbloccato il nuovo livello
poi ci chiedono perchè noi nuove generazioni partiamo già sconfitti #guerraucrania",[],['guerraucrania'],"non ci bastava una situazione pandemica e un'emergenza sanitaria ancora in corso, adesso anche la guerra grande put1n ottimo lavoro stonks hai sbloccato il nuovo livello poi ci chiedono perchè noi nuove generazioni partiamo già sconfitti guerraucrania",252,251,37
2022-02-24 22:52:12,Xavi in conferenza stampa: “Gara dominata per 90′” https://t.co/cjNTlX5lmy #forzanapolisempre #napolibarcellona #uel,[],"['forzanapolisempre', 'napolibarcellona', 'uel']",Xavi in conferenza stampa: “Gara dominata per 90′” forzanapolisempre napolibarcellona uel,116,89,11
2022-02-24 07:32:09,spero sia solo una pausa e non uno scioglimento definitivo 😭,[],[],spero sia solo una pausa e non uno scioglimento definitivo 😭,60,60,11
2022-02-24 19:51:21,"RT @laura_dellosa: Giuliano Castellino e l'assalto alla Cgil, la Procura aveva chiesto l'arresto ad agosto, ma il giudice l'ha negato https…",['laura_dellosa'],[]," Giuliano Castellino e l'assalto alla Cgil, la Procura aveva chiesto l'arresto ad agosto, ma il giudice l'ha negato https…",140,122,19
2022-02-24 23:26:56,"Twitter è libera espressione.
Disattivare i commenti dopo un Twee del genere è solo da coglioni.",[],[],Twitter è libera espressione. Disattivare i commenti dopo un Twee del genere è solo da coglioni.,96,96,16
2022-02-24 15:06:38,@MarcoNoel19 Che affronto,['MarcoNoel19'],[],Che affronto,25,12,2
2022-02-25 00:45:55,"RT @MediasetTgcom24: Sirene suonano a Kiev, in arrivo nuovo attacc  #russia #guerra #ucraina #putin #usa #kiev #missili https://t.co/6UShl5…",['MediasetTgcom24'],"['russia', 'guerra', 'ucraina', 'putin', 'usa', 'kiev', 'missili']"," Sirene suonano a Kiev, in arrivo nuovo attacc russia guerra ucraina putin usa kiev missili",140,91,15
2022-02-24 07:27:05,@ggiorgia__ non c'è 2 senza 3 chi sarà la terza minaccia? 😅,['ggiorgia__'],[],non c'è 2 senza 3 chi sarà la terza minaccia? 😅,59,47,11
2022-02-23 18:12:41,"RT @catiuz92: Sono famosa scusate 😂
Soleil e Sophie hanno appena letto la mia domanda pure ad Alessandro ⚰️

#gfvip #radiosolphie #radiosol…",['catiuz92'],"['gfvip', 'radiosolphie']", Sono famosa scusate 😂 Soleil e Sophie hanno appena letto la mia domanda pure ad Alessandro ⚰️ gfvip radiosolphie radiosol…,140,123,20
2022-02-23 19:10:19,mi sento ancora la voce di vinello nella testa io non mi riprenderò facilmente,[],[],mi sento ancora la voce di vinello nella testa io non mi riprenderò facilmente,78,78,14
2022-02-24 09:18:52,"@mpela81 @Manuel97__ @MilanNewsit Sono entrambi giocatori da Sassuolo, non da Milan.","['mpela81', 'Manuel97__', 'MilanNewsit']",[],"Sono entrambi giocatori da Sassuolo, non da Milan.",84,50,8
2022-02-24 14:15:14,"RT @Palazzo_Chigi: #Ucraina, Draghi: Nel Consiglio Europeo straordinario decideremo un pacchetto di sanzioni molto dure nei confronti della…",['Palazzo_Chigi'],['Ucraina']," Ucraina, Draghi: Nel Consiglio Europeo straordinario decideremo un pacchetto di sanzioni molto dure nei confronti della…",140,121,16
2022-02-24 20:45:45,I concorrenti del #GFVip2021 sono stati informati della situazione tra #Russia e #Ucraina. Il più sveglio ha proposto di fare un sit-in davanti all'ambasciata russa.,[],"['GFVip2021', 'Russia', 'Ucraina']",I concorrenti del GFVip2021 sono stati informati della situazione tra Russia e Ucraina. Il più sveglio ha proposto di fare un sit-in davanti all'ambasciata russa.,165,162,25
2022-02-23 21:00:35,RT @sonoo_sottonaa: la musica a tutto volume a casa da soli>>>>>>>,['sonoo_sottonaa'],[], la musica a tutto volume a casa da soli>>>>>>>,66,47,9
2022-02-23 23:54:32,RT @golvdenblake: manuel quando simone gli dirà “sono innamorato davvero di riccardo va bene?” https://t.co/uunV4SmVg5,['golvdenblake'],[], manuel quando simone gli dirà “sono innamorato davvero di riccardo va bene?”,118,77,12
2022-02-25 07:10:56,"La Stampa:  ""Juve, via alla campagna toscana da Empoli a Firenze 4 giorni di fuoco. Vlahovic per la prima volta si troverà di fronte la sua ex squadra da avversaria""---> https://t.co/QmXKPSOJ6z https://t.co/J2CE7k4JOJ",[],[],"La Stampa: ""Juve, via alla campagna toscana da Empoli a Firenze 4 giorni di fuoco. Vlahovic per la prima volta si troverà di fronte la sua ex squadra da avversaria""--->",217,168,30
2022-02-24 11:02:41,"@Fra05508797 Non sto difendendo Jessica, perchè come lei ci sono milioni di altre persone; sto sottolineando proprio la pochezza del tuo giudizio su una persona che non conosci.",['Fra05508797'],[],"Non sto difendendo Jessica, perchè come lei ci sono milioni di altre persone; sto sottolineando proprio la pochezza del tuo giudizio su una persona che non conosci.",177,164,27
2022-02-23 16:56:13,"RT @JustHotBoysXXX: Simon Rex solo, vintage https://t.co/ciOITcaBwe",['JustHotBoysXXX'],[]," Simon Rex solo, vintage",67,24,4
2022-02-23 22:04:45,RT @Thetrut63021213: Perché in UK il sistema sanitario sta testando la popolazione a tappeto contro l'HIV?,['Thetrut63021213'],[], Perché in UK il sistema sanitario sta testando la popolazione a tappeto contro l'HIV?,106,86,14
2022-02-24 15:01:37,"RT @Pontifex_it: «Non stanchiamoci di fare il bene» (Gal 6,9). https://t.co/lCByelBmWv",['Pontifex_it'],[]," «Non stanchiamoci di fare il bene» (Gal 6,9).",86,46,8
2022-02-24 20:53:12,"RT @MediasetTgcom24: Ucraina, Kiev: esercito russo ha preso controllo ex centrale Chernobyl  #Ucraina #Chernobyl https://t.co/94vJw4wvR7 ht…",['MediasetTgcom24'],"['Ucraina', 'Chernobyl']"," Ucraina, Kiev: esercito russo ha preso controllo ex centrale Chernobyl Ucraina Chernobyl ht…",140,93,13
2022-02-23 21:14:11,"@EmiliaBalestri1 @bb91687509 @rosapensierosa Ovviamente ma non è dislessico, secondo me (avrei il massimo rispetto).E' incolto come un giardino non coltivato da 50 anni.Come caxxo è stato possibile sia andato alla PdC???Come, perché????","['EmiliaBalestri1', 'bb91687509', 'rosapensierosa']",[],"Ovviamente ma non è dislessico, secondo me (avrei il massimo rispetto).E' incolto come un giardino non coltivato da 50 anni.Come caxxo è stato possibile sia andato alla PdC???Come, perché????",236,191,29
2022-02-24 03:09:42,/pensativa,[],[],/pensativa,10,10,1
2022-02-24 21:22:29,"RT @PRefrattaria: Gli Stati Uniti ci hanno mentito su: Iraq, Afghanistan, Siria, Libia, Vietnam, Bolivia, Venezuela, Guatemala, Honduras, H…",['PRefrattaria'],[]," Gli Stati Uniti ci hanno mentito su: Iraq, Afghanistan, Siria, Libia, Vietnam, Bolivia, Venezuela, Guatemala, Honduras, H…",140,123,17
2022-02-24 08:21:25,RT @AleAle24552483: @pdnetwork SI FATELO CON RENZI E CALENDA AHAHAHAH. #lettafaischifo,"['AleAle24552483', 'pdnetwork']",['lettafaischifo'], SI FATELO CON RENZI E CALENDA AHAHAHAH. lettafaischifo,86,55,8
2022-02-25 07:38:08,quindi oggi vola l’aereo di coppia? sinceramente sono felice che oggi voli perché la situazione è diversa da quella del primo aereo e qualunque sarà la frase sicuramente saranno felici entrambi di riceverlo ❤️ #jeru,[],['jeru'],quindi oggi vola l’aereo di coppia? sinceramente sono felice che oggi voli perché la situazione è diversa da quella del primo aereo e qualunque sarà la frase sicuramente saranno felici entrambi di riceverlo ❤️ jeru,215,214,35
2022-02-23 21:43:50,Almeno fargli cantare qualche canzone!,[],[],Almeno fargli cantare qualche canzone!,38,38,5
2022-02-23 22:19:22,"RT @mer_derek: Ambra Angiolini sei arte, davvero, da sempre❤️‍🩹 #MichelleImpossible #AmbraAngiolini",['mer_derek'],"['MichelleImpossible', 'AmbraAngiolini']"," Ambra Angiolini sei arte, davvero, da sempre❤️‍🩹 MichelleImpossible AmbraAngiolini",99,83,9
2022-02-25 07:16:57,@agorarai @iosonocarrara PRONTE LE TRUPPE ITALIANE https://t.co/CgTrYTMfiE,"['agorarai', 'iosonocarrara']",[],PRONTE LE TRUPPE ITALIANE,74,25,4
2022-02-23 20:53:40,"Non mi importa, anche se mi ci volessero 50 anni io vi giuro che un cazzotto in bocca a Diego 'El Cholo' Simeone glielo tiro",[],[],"Non mi importa, anche se mi ci volessero 50 anni io vi giuro che un cazzotto in bocca a Diego 'El Cholo' Simeone glielo tiro",124,124,25
2022-02-24 08:15:10,Cosa mi faresti porco? 💋 https://t.co/L4cuQOOHAz,[],[],Cosa mi faresti porco? 💋,48,24,5
2022-02-24 07:32:55,ma scusate io al concerto di louis ci andrò col pigiama,[],[],ma scusate io al concerto di louis ci andrò col pigiama,55,55,11
2022-02-23 20:11:00,"Luce dei miei occhi
Brilla su di me
Voglio mille lune
Per accarezzarti
#CanYamanLoveYou",[],['CanYamanLoveYou'],Luce dei miei occhi Brilla su di me Voglio mille lune Per accarezzarti CanYamanLoveYou,87,86,14
2022-02-24 19:29:15,"Io che sono qui e non posso fare niente per queste famiglie mi sta dilaniando più di ogni altra cosa. 

Non dovrebbe succedere mai, non dovrebbe in una civiltà, quella che si dovrebbe chiamare civiltà",[],[],"Io che sono qui e non posso fare niente per queste famiglie mi sta dilaniando più di ogni altra cosa. Non dovrebbe succedere mai, non dovrebbe in una civiltà, quella che si dovrebbe chiamare civiltà",200,198,35
2022-02-24 22:07:55,"Prima che venga la gente a prendere i tweet in cui dicevo che amavo bathaly, lei letteralmente grandissima concorrente, mi è piaciuta per molto, molto tempo ma fino a un certo punto. In alcuni casi ha esagerato fine",[],[],"Prima che venga la gente a prendere i tweet in cui dicevo che amavo bathaly, lei letteralmente grandissima concorrente, mi è piaciuta per molto, molto tempo ma fino a un certo punto. In alcuni casi ha esagerato fine",215,215,38
2022-02-23 20:18:35,"RT @DeviStareCalmo: Che brutta bestia la depressione. Immaginate di non sentirvi mai sollevati, mai nel posto giusto, mai al sicuro, mai fe…",['DeviStareCalmo'],[]," Che brutta bestia la depressione. Immaginate di non sentirvi mai sollevati, mai nel posto giusto, mai al sicuro, mai fe…",140,121,20
2022-02-24 19:41:39,"l’ho mai detto che a me di superare amici20 non m’interessa?! lo dico adesso…mi fa sempre una sensazione strana vedere la prima puntata, quindi vado a piangere 🥲
#amici20 https://t.co/B6JnLIvQ6e",[],['amici20'],"l’ho mai detto che a me di superare amici20 non m’interessa?! lo dico adesso…mi fa sempre una sensazione strana vedere la prima puntata, quindi vado a piangere 🥲 amici20",194,169,29
2022-02-23 19:46:38,"RT @fatina909: 💔💔🆘 La loro vita si è ridotta a questo 
6 anni in box sono tanti li abbiamo trovati in montagna sono finiti in un canile del…",['fatina909'],[], 💔💔🆘 La loro vita si è ridotta a questo 6 anni in box sono tanti li abbiamo trovati in montagna sono finiti in un canile del…,140,125,26
2022-02-25 00:05:06,@Unornya Mejo allora! I dottori han fatto più casini che altro.,['Unornya'],[],Mejo allora! I dottori han fatto più casini che altro.,63,54,10
2022-02-23 20:04:15,@Noesmash E intanto ci siamo noi che facciamo solo passeggiate per quel di Rovigo,['Noesmash'],[],E intanto ci siamo noi che facciamo solo passeggiate per quel di Rovigo,81,71,13
2022-02-23 18:47:00,@ToussaintMaheu @pilloledirock Hai ragione. Ma sapevo solo quella e Senza Una Donna. Ho dovuto fare la prima. In guerra e in amore sai com'è. Poi non mi conosceva nessuno 😁,"['ToussaintMaheu', 'pilloledirock']",[],Hai ragione. Ma sapevo solo quella e Senza Una Donna. Ho dovuto fare la prima. In guerra e in amore sai com'è. Poi non mi conosceva nessuno 😁,172,141,28
2022-02-23 21:20:53,@ChanceGardiner Dai. Gomplottista!!,['ChanceGardiner'],[],Dai. Gomplottista!!,35,19,2
2022-02-24 05:02:49,jajajfjshhsjsjdhssjjs,[],[],jajajfjshhsjsjdhssjjs,21,21,1
2022-02-24 19:10:34,@Matteopaiella99 per il sociale! #UkraineRussia https://t.co/30LKQY3O77,['Matteopaiella99'],['UkraineRussia'],per il sociale! UkraineRussia,71,29,4
2022-02-24 05:07:12,io speravo che la fine del mondo avvenisse in modo veloce ed improvviso che ne so na roba nello spazio che ci viene addosso e puff ce ne andiamo tutt* al creatore non questa agonia una guerra che scoppia nel bel mezzo di una pandemia che dura da ormai due anni ma perché dico io,[],[],io speravo che la fine del mondo avvenisse in modo veloce ed improvviso che ne so na roba nello spazio che ci viene addosso e puff ce ne andiamo tutt* al creatore non questa agonia una guerra che scoppia nel bel mezzo di una pandemia che dura da ormai due anni ma perché dico io,278,278,55
2022-02-24 08:55:05,"@GUEP3K dopo pranzo ho lezione, sarà la prima perchè settimana scorsa sono ricominciate ma non sono mai andata, poi dopo la lezione se sono abbastanza sveglia studio un po', devo ricordarmi di chiamare mia mamma oggi e sta sera non lo so, forse vedo film con coinquilini
e tu bellissima?",['GUEP3K'],[],"dopo pranzo ho lezione, sarà la prima perchè settimana scorsa sono ricominciate ma non sono mai andata, poi dopo la lezione se sono abbastanza sveglia studio un po', devo ricordarmi di chiamare mia mamma oggi e sta sera non lo so, forse vedo film con coinquilini e tu bellissima?",287,279,49
2022-02-23 16:58:46,"@GiuseppeConteIT @Mov5Stelle La retta via da seguire ce la forniscono i paesi #nordici:
Ossia potenziare i #sindacati garantendogli maggior potere contrattuale ed estendere il #CCNL attuale a più settori al momento senza alcuna tutela (ricordandoci che li è garantito un minimo salariale di 7€/h).","['GiuseppeConteIT', 'Mov5Stelle']","['nordici', 'sindacati', 'CCNL']",La retta via da seguire ce la forniscono i paesi nordici: Ossia potenziare i sindacati garantendogli maggior potere contrattuale ed estendere il CCNL attuale a più settori al momento senza alcuna tutela (ricordandoci che li è garantito un minimo salariale di 7€/h).,297,265,42
2022-02-23 16:48:20,"RT @ZenzonelliAep: ""non diventi dio del latino americano"" 
VINCENZO E LA CELENTANO SANNO DAVVERO DI CHI È LA CORONA. #AMICI21 https://t.co/…",['ZenzonelliAep'],['AMICI21']," ""non diventi dio del latino americano"" VINCENZO E LA CELENTANO SANNO DAVVERO DI CHI È LA CORONA. AMICI21",140,105,18
2022-02-24 20:05:22,@eelzzle bro ti rispondo più avanti perché sono al secondo libro e non c’è ancora nessuno della tua altezza 😭✨,['eelzzle'],[],bro ti rispondo più avanti perché sono al secondo libro e non c’è ancora nessuno della tua altezza 😭✨,110,101,19
2022-02-24 16:48:49,letteralmente,[],[],letteralmente,13,13,1
2022-02-23 19:25:47,L’incredibile retroscena dell’ex campione d’Europa: “Io ad un passo dall’Atalanta” https://t.co/IwW7U9Chuj,[],[],L’incredibile retroscena dell’ex campione d’Europa: “Io ad un passo dall’Atalanta”,106,82,10
2022-02-24 19:22:37,RT @Pennacchiiiii: Quando molli i cani della guerra devi andare dove ti portano loro.,['Pennacchiiiii'],[], Quando molli i cani della guerra devi andare dove ti portano loro.,85,67,12
2022-02-23 16:41:35,"#coronavirusbollettinocontagicovid Covid Italia, il bollettino di oggi 23 febbraio: 49.040 positivi e 252 morti. Il tasso di positività sale al 10,2% https://t.co/jDB6pLU8Wm",[],['coronavirusbollettinocontagicovid'],"coronavirusbollettinocontagicovid Covid Italia, il bollettino di oggi 23 febbraio: 49.040 positivi e 252 morti. Il tasso di positività sale al 10,2%",173,148,21
2022-02-23 19:58:03,@fabiosky65 @meeafshjgkl @Alessan42745900 E nonostante tutto ancora vispo su twitter 😂,"['fabiosky65', 'meeafshjgkl', 'Alessan42745900']",[],E nonostante tutto ancora vispo su twitter 😂,86,44,8
2022-02-24 08:41:27,"RT @Antonio79B: ""L'innovazione distingue un leader da un follower"".

Oggi nel 1955 nasceva l'informatico e imprenditore #SteveJobs, fondato…",['Antonio79B'],['SteveJobs']," ""L'innovazione distingue un leader da un follower"". Oggi nel 1955 nasceva l'informatico e imprenditore SteveJobs, fondato…",140,123,16
2022-02-24 21:11:37,@gloquenzi Uno schifo,['gloquenzi'],[],Uno schifo,21,10,2
2022-02-24 15:30:22,"RT @Lorenzo62752880: Associazione Ristoratori Veneto:

""Ridicolo green pass oltre il 31 marzo. Certificato verde e restrizioni andrebbero e…",['Lorenzo62752880'],[]," Associazione Ristoratori Veneto: ""Ridicolo green pass oltre il 31 marzo. Certificato verde e restrizioni andrebbero e…",140,119,16
2022-02-23 19:46:13,@borditono Ahahaha quanto è bonoooooo,['borditono'],[],Ahahaha quanto è bonoooooo,37,26,4
2022-02-24 21:34:51,RT @diarioojo: Tiktoker libanesa rinde culto al ceviche peruano https://t.co/eKdgz5XhqH,['diarioojo'],[], Tiktoker libanesa rinde culto al ceviche peruano,87,49,7
2022-02-24 19:53:34,i video sono spaventosi,[],[],i video sono spaventosi,23,23,4
2022-02-24 11:38:16,@matteosalvinimi sei il peggiore. complimenti,['matteosalvinimi'],[],sei il peggiore. complimenti,45,28,4
2022-02-24 16:02:13,Cmq una cosa ce da dirla Lulù regala daytime e puntate a tutti ahaha non si può dire che non è gentile con chi chiede di essere vista-visto in puntata  ahahah #fairylu,[],['fairylu'],Cmq una cosa ce da dirla Lulù regala daytime e puntate a tutti ahaha non si può dire che non è gentile con chi chiede di essere vista-visto in puntata ahahah fairylu,167,165,32
2022-02-24 12:12:29,"RT @theboss_1908: Caro #Conte si stava meglio quando si stava peggio?
Idem per #Lukaku...",['theboss_1908'],"['Conte', 'Lukaku']", Caro Conte si stava meglio quando si stava peggio? Idem per Lukaku...,89,70,12
2022-02-24 23:58:26,RT @sregolatore: Ma infatti non hanno fatto la stessa cosa agli studenti contro il greenpass la settimana scorsa a Milano,['sregolatore'],[], Ma infatti non hanno fatto la stessa cosa agli studenti contro il greenpass la settimana scorsa a Milano,121,105,18
2022-02-23 20:06:46,"boschi scappa sempre
#twittamiUpas",[],['twittamiUpas'],boschi scappa sempre twittamiUpas,34,33,4
2022-02-23 16:50:59,ho fatto quasi un sogno quasi decente poi ho capito era un sogno nel sogno,[],[],ho fatto quasi un sogno quasi decente poi ho capito era un sogno nel sogno,74,74,15
2022-02-24 12:39:03,RT @DHomems: Tratorista Macho da rola grossa https://t.co/PuyJgUjtPA,['DHomems'],[], Tratorista Macho da rola grossa,68,32,5
2022-02-24 17:34:37,@sweetdlibyhx esta posando mientras le tiran guita JAJQHSBAJSJBSBA,['sweetdlibyhx'],[],esta posando mientras le tiran guita JAJQHSBAJSJBSBA,66,52,7
2022-02-24 17:59:56,RT @carolacracchi1: Blocco totale in Italia con camion e tir: Li hai visti questi video censurati? - https://t.co/CpwAkyNWVO https://t.co/U…,['carolacracchi1'],[], Blocco totale in Italia con camion e tir: Li hai visti questi video censurati? -,140,81,15
2022-02-23 17:30:34,"23-02-2022 20:40 #RaiGulp Il Collegio 4 - Benvenuti al Collegio! #Teen,docu-reality,storievere #Reality&factual https://t.co/dlzsy20ibz",[],"['RaiGulp', 'Teen', 'Reality']","23-02-2022 20:40 RaiGulp Il Collegio 4 - Benvenuti al Collegio! Teen,docu-reality,storievere Reality&factual",135,108,12
2022-02-23 20:07:20,"RT @gianluca826: 23/02/22 Barbara #Balanzoni a #Mestre
La folla urla la gente come noi non molla mai #lagentecomenoinonmollamai https://t.c…",['gianluca826'],"['Balanzoni', 'Mestre', 'lagentecomenoinonmollamai']", 23/02/22 Barbara Balanzoni a Mestre La folla urla la gente come noi non molla mai lagentecomenoinonmollamai,140,108,16
2022-02-24 19:30:56,Il primo giorno di scuola come vi sentivate?Ve lo ricordate?,[],[],Il primo giorno di scuola come vi sentivate?Ve lo ricordate?,60,60,10
2022-02-24 20:57:13,"RT @ohanarifugio: 👀 Stiamo cercando (invano) una famiglia per Paceco! 😔

⭕ Info: ESCLUSIVAMENTE via Whatsapp al +39 327 760 7352, PRESENTAN…",['ohanarifugio'],[]," 👀 Stiamo cercando (invano) una famiglia per Paceco! 😔 ⭕ Info: ESCLUSIVAMENTE via Whatsapp al +39 327 760 7352, PRESENTAN…",140,122,20
2022-02-24 21:27:28,"Un consiglio.. da mezzanotte alle 4 sintonizzatevi su Rai Radio2.. Vi cambierà l'insonnia!!!
#ILunatici",[],['ILunatici'],Un consiglio.. da mezzanotte alle 4 sintonizzatevi su Rai Radio2.. Vi cambierà l'insonnia!!! ILunatici,103,102,14
2022-02-23 21:17:29,RT @fdragoni: Finisce lo #statodiemergenza  il prossimo 31 marzo ma il #greenpass rimane.  In nessuno degli altri Paesi accade una cosa del…,['fdragoni'],"['statodiemergenza', 'greenpass']", Finisce lo statodiemergenza il prossimo 31 marzo ma il greenpass rimane. In nessuno degli altri Paesi accade una cosa del…,140,123,20
2022-02-25 00:47:41,"RT @luponzi: Gialla e blu, la fontana di piazza De Ferrari a #Genova, in solidarietà al popolo ucraino. #UkraineRussiaConflict #Ukraina htt…",['luponzi'],"['Genova', 'UkraineRussiaConflict', 'Ukraina']"," Gialla e blu, la fontana di piazza De Ferrari a Genova, in solidarietà al popolo ucraino. UkraineRussiaConflict Ukraina htt…",140,125,19
2022-02-24 21:56:15,Io quando vedo Forrest rido ricordandolo bendare una banana...😅🤣#LOL2,[],['LOL2'],Io quando vedo Forrest rido ricordandolo bendare una banana...😅🤣LOL2,69,68,9
2022-02-24 13:26:39,"RT @Maria70221974: https://t.co/TNuawxUwhj due ore di fila senza uccidere nessuno 🙄 sto maturando 😁
#Giovedi 🎶🎸🎶🌹🍻🖤💋💋💋 https://t.co/Xb4mfHB…",['Maria70221974'],['Giovedi'], due ore di fila senza uccidere nessuno 🙄 sto maturando 😁 Giovedi 🎶🎸🎶🌹🍻🖤💋💋💋,140,75,13
2022-02-23 19:18:11,@NHCAPALDI con te ormai uso solo questa gif https://t.co/PTBPA1dZe2,['NHCAPALDI'],[],con te ormai uso solo questa gif,67,32,7
2022-02-24 23:09:56,@missguiro mane ma apprendroul 23h guiro ciao,['missguiro'],[],mane ma apprendroul 23h guiro ciao,45,34,6
2022-02-25 06:41:34,RT @barba_emme: Ho appena abbassato l’asticella delle aspettative per i prossimi 2 anni ora il mio obiettivo è rimanere vivo,['barba_emme'],[], Ho appena abbassato l’asticella delle aspettative per i prossimi 2 anni ora il mio obiettivo è rimanere vivo,124,109,18
2022-02-24 20:48:19,@fdragoni Ora c'è da dire quanti hanno perso.,['fdragoni'],[],Ora c'è da dire quanti hanno perso.,45,35,7
2022-02-24 11:33:17,"@confundustria @cocchi2a Anche in Italia abbiamo qualche pazzo che vorrebbe l'indipendenza della ""Padania"", del Veneto, ...!

Speriamo di liberarcene presto.","['confundustria', 'cocchi2a']",[],"Anche in Italia abbiamo qualche pazzo che vorrebbe l'indipendenza della ""Padania"", del Veneto, ...! Speriamo di liberarcene presto.",157,131,18
2022-02-24 13:00:56,"RT @FBiasin: #DeZerbi: “È una brutta giornata, stanotte ci hanno svegliato le esplosioni. L’Ambasciata ci aveva sollecitato di andarcene ma…",['FBiasin'],['DeZerbi']," DeZerbi: “È una brutta giornata, stanotte ci hanno svegliato le esplosioni. L’Ambasciata ci aveva sollecitato di andarcene ma…",140,127,18
2022-02-25 02:26:06,RT @IFXCOULDXFLY: e quando mi diranno che è stupido piangere per una guerra che ancora non ci ha coinvolti farò vedere queste immagini stra…,['IFXCOULDXFLY'],[], e quando mi diranno che è stupido piangere per una guerra che ancora non ci ha coinvolti farò vedere queste immagini stra…,140,123,22
2022-02-24 11:12:05,@gratuitopatr Pure sta poveraccia è la terrona di qualcuno ricordateglielo,['gratuitopatr'],[],Pure sta poveraccia è la terrona di qualcuno ricordateglielo,74,60,9
2022-02-24 12:41:01,"Se lo stesso impegno che mettete nel fare schifo con gli altri, lo metteste nel migliorare la vostra persona a quest’ora avremmo risolto tre quarti dei conflitti mondiali.",[],[],"Se lo stesso impegno che mettete nel fare schifo con gli altri, lo metteste nel migliorare la vostra persona a quest’ora avremmo risolto tre quarti dei conflitti mondiali.",171,171,28
2022-02-24 20:20:37,"@CorvoMascherato Grazie corvo, mai bello come te però!",['CorvoMascherato'],[],"Grazie corvo, mai bello come te però!",54,37,7
2022-02-24 16:42:54,@doxeada lo lei tofo,['doxeada'],[],lo lei tofo,20,11,3
2022-02-25 00:06:55,"RT @maurizioacerbo: A @PiazzapulitaLA7 un film di propaganda di guerra. Il ""patriota"" intervistato ha un fucile a casa da 3000 dollari in u…","['maurizioacerbo', 'PiazzapulitaLA7']",[]," A un film di propaganda di guerra. Il ""patriota"" intervistato ha un fucile a casa da 3000 dollari in u…",140,104,20
2022-02-24 22:51:08,@twittingelenaa Chi ha detto che le streghe non esistono?,['twittingelenaa'],[],Chi ha detto che le streghe non esistono?,57,41,8
2022-02-23 19:23:30,"RT @Emilystellaemi2: PER SALVARE LA VITA A QUESTA CREATURA, DOVE LA VITA, NON CONTA NULLA. ❤❤❤❤🙏🙏🙏🙏🙏🙏🙏🙏 https://t.co/TQ7ujxIcvP",['Emilystellaemi2'],[]," PER SALVARE LA VITA A QUESTA CREATURA, DOVE LA VITA, NON CONTA NULLA. ❤❤❤❤🙏🙏🙏🙏🙏🙏🙏🙏",127,83,14
2022-02-24 07:22:49,"@sinoforseboh Nonostante tutto... Oltretutto... Noi 😊
💗♾️💗",['sinoforseboh'],[],Nonostante tutto... Oltretutto... Noi 😊 💗♾️💗,58,44,6
2022-02-24 07:23:21,"RT @Agenzia_Ansa: ""Putin ha lanciato un'invasione su larga scala dell'Ucraina. Le pacifiche città ucraine sono sotto attacco. Questa è una…",['Agenzia_Ansa'],[]," ""Putin ha lanciato un'invasione su larga scala dell'Ucraina. Le pacifiche città ucraine sono sotto attacco. Questa è una…",139,122,18
2022-02-24 22:14:47,@AnnA12352429 Un fantastico sogno Buona notte  AnnA,['AnnA12352429'],[],Un fantastico sogno Buona notte AnnA,51,36,6
2022-02-24 09:38:15,"Ripensando alla serenità con cui Manuel parlava stanotte, mi sembrava di essere in una call tra amici, super tranquillo e spontaneo. Questo mi rende fierissima della parte sana del nostro fandom e sono davvero contenta che si sia trovato così bene.💜#fairylu #fairyspace",[],"['fairylu', 'fairyspace']","Ripensando alla serenità con cui Manuel parlava stanotte, mi sembrava di essere in una call tra amici, super tranquillo e spontaneo. Questo mi rende fierissima della parte sana del nostro fandom e sono davvero contenta che si sia trovato così bene.💜fairylu fairyspace",269,267,42
2022-02-23 20:35:18,@paotxwalls Eso no lo viii aajsjskakd,['paotxwalls'],[],Eso no lo viii aajsjskakd,37,25,5
2022-02-24 13:26:27,"RT @Giorgia: Putin ha detto: “mi auguro che i nostri militari siano professionali”
perchè, c’è professionalità nella guerra??
quando pensi…",['Giorgia'],[]," Putin ha detto: “mi auguro che i nostri militari siano professionali” perchè, c’è professionalità nella guerra?? quando pensi…",139,127,18
2022-02-23 20:56:21,RT @GassmanGassmann: I primi 100 alberi da frutta piantati a Roma nei terreni dell’associazione #LaNuovaArca sono sbocciati!! Ogni copia de…,['GassmanGassmann'],['LaNuovaArca'], I primi 100 alberi da frutta piantati a Roma nei terreni dell’associazione LaNuovaArca sono sbocciati!! Ogni copia de…,140,119,18
2022-02-24 08:28:01,"@tg2rai @tg1rai @gazzettino @corriere @mediasettgcom24 @nonelarena  Ci chiediamo se anche oggi i servi del sanguinario dittatore #Putin, che sta minacciando anche l'Italia, continueranno con la loro indegna ambiguità. #Ucraina https://t.co/fR3FzMYdu4","['tg2rai', 'Tg1Rai', 'Gazzettino', 'Corriere', 'MediasetTgcom24', 'nonelarena']","['Putin', 'Ucraina']","Ci chiediamo se anche oggi i servi del sanguinario dittatore Putin, che sta minacciando anche l'Italia, continueranno con la loro indegna ambiguità. Ucraina",250,156,23
2022-02-23 18:42:54,@capitanoachab6 Immagino sia un fake giusto?,['capitanoachab6'],[],Immagino sia un fake giusto?,44,28,5
2022-02-24 12:45:54,RT @dantonio_luca: Invecchieremo senza vivere di questo passo.,['dantonio_luca'],[], Invecchieremo senza vivere di questo passo.,62,44,6
2022-02-24 06:32:56,"RT @luigidimaio: L’operazione militare russa è una gravissima e ingiustificata aggressione, non provocata, ai danni dell’Ucraina, che l’Ita…",['luigidimaio'],[]," L’operazione militare russa è una gravissima e ingiustificata aggressione, non provocata, ai danni dell’Ucraina, che l’Ita…",140,124,16
2022-02-24 13:05:13,RT @meeafshjgkl: Ma in quanti siamo rimasti con zero dosi? 💃🏻😎,['meeafshjgkl'],[], Ma in quanti siamo rimasti con zero dosi? 💃🏻😎,62,46,9
2022-02-23 23:33:26,"RT @Stroozman: La paura che questa notte possa accadere qualcosa è grande 
#RussiaUkraineConflict 
#RussiaUcraina",['Stroozman'],"['RussiaUkraineConflict', 'RussiaUcraina']", La paura che questa notte possa accadere qualcosa è grande RussiaUkraineConflict RussiaUcraina,113,95,12
2022-02-24 12:55:14,"RT @intuslegens: Hanno armato l'Ucraina.
Hanno voluto estendere la NATO fino al confine russo contro ogni patto.
Hanno messo #Putin davanti…",['intuslegens'],['Putin'], Hanno armato l'Ucraina. Hanno voluto estendere la NATO fino al confine russo contro ogni patto. Hanno messo Putin davanti…,140,123,19
2022-02-24 22:49:12,@_sarcasticraven @DamianoGavino a chi lo dici,"['_sarcasticraven', 'DamianoGavino']",[],a chi lo dici,45,13,4
2022-02-24 22:20:25,"RT @gigi52335676: Se l'indecenza avesse un volto sarebbe quello di #Salvini
#SalviniFaiSchifo https://t.co/QoNmqQ2KCn",['gigi52335676'],"['Salvini', 'SalviniFaiSchifo']", Se l'indecenza avesse un volto sarebbe quello di Salvini SalviniFaiSchifo,117,74,10
2022-02-24 21:07:38,"#Putin prende #Chernobyl , evocando un disastro che ha segnato generazioni, e riporta la guerra in #Europa, sollevando altri ricordi cupi. Suscita la condanna unanime dell’occidente. Ma l’occidente, e l’Europa, non sono riusciti a frenare questa guerra 🗞 https://t.co/qi6tdHS3Cj",[],"['Putin', 'Chernobyl', 'Europa']","Putin prende Chernobyl , evocando un disastro che ha segnato generazioni, e riporta la guerra in Europa, sollevando altri ricordi cupi. Suscita la condanna unanime dell’occidente. Ma l’occidente, e l’Europa, non sono riusciti a frenare questa guerra 🗞",278,251,38
2022-02-24 15:48:03,"@Emiliano_2772 @GuidoCrosetto Pensavo di essere in fondo ad una lunga lista di persone che le danno del pirla, purtroppo sono il primo","['Emiliano_2772', 'GuidoCrosetto']",[],"Pensavo di essere in fondo ad una lunga lista di persone che le danno del pirla, purtroppo sono il primo",134,104,20
2022-02-24 21:59:33,"Ha pienamente ragione Soleil, tutti hanno criticato li dentro e nessuno puó permettersi di fare l'ipocrita #gfvip",[],['gfvip'],"Ha pienamente ragione Soleil, tutti hanno criticato li dentro e nessuno puó permettersi di fare l'ipocrita gfvip",113,112,17
2022-02-23 20:16:26,"RT @liliaragnar: A tutti i seguaci di #Lega e #Salvini, ricordatevi che vogliono rifarsi la ""verginita'"" pesando che saranno dimenticati i…",['liliaragnar'],"['Lega', 'Salvini']"," A tutti i seguaci di Lega e Salvini, ricordatevi che vogliono rifarsi la ""verginita'"" pesando che saranno dimenticati i…",139,121,19
2022-02-23 16:36:00,"RT @RamonaKnowsBest: Ho appena letto che le madri a Kiev stanno attaccando ai vestiti dei figli degli adesivi con il loro gruppo sanguigno,…",['RamonaKnowsBest'],[]," Ho appena letto che le madri a Kiev stanno attaccando ai vestiti dei figli degli adesivi con il loro gruppo sanguigno,…",140,120,21
2022-02-23 20:38:33,RT @unagiaslifes: “Ha il suo momento con Jessica” #jeru https://t.co/qiFPbHjFAI,['unagiaslifes'],['jeru'], “Ha il suo momento con Jessica” jeru,79,37,7
2022-02-25 00:11:14,Sofhie asfalta crudelia su frasi razziste alfonso fa finta d non sapere .... #gfvip,[],['gfvip'],Sofhie asfalta crudelia su frasi razziste alfonso fa finta d non sapere .... gfvip,83,82,14
2022-02-24 18:02:48,"RT @Ilconservator: 1) La  Russia  si  prende  l’Ucraina
2) La  Cina  si  prende  Taiwan
3) L'€uropa  se  la  prende  nel  culo",['Ilconservator'],[], 1) La Russia si prende l’Ucraina 2) La Cina si prende Taiwan 3) L'€uropa se la prende nel culo,126,95,19
2022-02-25 02:48:08,"RT @innomedeltrash: ""faccio la focaccia a jessiha"" #jeru https://t.co/NrgtrRMtZJ",['innomedeltrash'],['jeru']," ""faccio la focaccia a jessiha"" jeru",80,36,6
2022-02-23 19:37:35,RT @65_virna: @RosellaLara19 Hai fatto benissimo! Vorrei che tu fossi più vicino a me. Ti porterei a mangiare un'ottima piadina romagnola #…,"['65_virna', 'RosellaLara19']",[], Hai fatto benissimo! Vorrei che tu fossi più vicino a me. Ti porterei a mangiare un'ottima piadina romagnola #…,140,112,19
2022-02-25 02:37:20,@annarmd31 @frank_snt Un titi anita😼,"['annarmd31', 'frank_snt']",[],Un titi anita😼,36,14,3
2022-02-23 16:21:25,@farevalo11 Mi ranchito 🚀,['farevalo11'],[],Mi ranchito 🚀,25,13,3
2022-02-23 17:59:16,"@JoMarch2631440 @ireb_ È giudice di professione, non puoi decidere che ""in questo caso non lo è"". Ha la professionalità della giudice internazionale e la usa come consulente. Se un medico chirurgo viene chiamato come consulente non smette di essere chirurgo: usa nella consulenza la sua professionalità","['JoMarch2631440', 'ireb_']",[],"È giudice di professione, non puoi decidere che ""in questo caso non lo è"". Ha la professionalità della giudice internazionale e la usa come consulente. Se un medico chirurgo viene chiamato come consulente non smette di essere chirurgo: usa nella consulenza la sua professionalità",302,279,44
2022-02-24 09:17:37,@EDDYP__ @OffSideOfficiaI @ILOVEPROCLUB1 @rt_legendcup hai avuto la benedizione di Don Leon?,"['EDDYP__', 'OffSideOfficiaI', 'ILOVEPROCLUB1', 'rt_legendcup']",[],hai avuto la benedizione di Don Leon?,92,37,7
2022-02-24 14:11:01,@__sonosara mi sei capitata per caso in tl ma ti mando un abbraccio fortissimo❤️❤️,['__sonosara'],[],mi sei capitata per caso in tl ma ti mando un abbraccio fortissimo❤️❤️,82,70,13
2022-02-24 03:52:26,"RT @louehas: baru che le prepara la colazione e giucas che come prima cosa va a baciarla, davide che le chiede come sta, manila e miriana c…",['louehas'],[]," baru che le prepara la colazione e giucas che come prima cosa va a baciarla, davide che le chiede come sta, manila e miriana c…",140,128,25
2022-02-24 10:38:23,Vi aggiornerò. https://t.co/sDjhJDf3yh,[],[],Vi aggiornerò.,38,14,2
2022-02-23 20:06:08,"@miviendapianger blank space quando uscì però l'ho iniziata a seguire seriamente quest'estate con the way i loved u, tu?",['miviendapianger'],[],"blank space quando uscì però l'ho iniziata a seguire seriamente quest'estate con the way i loved u, tu?",120,103,18
2022-02-23 21:27:08,"RT @riconquistareIT: CHIUDIAMO L'ORRENDA PARENTESI GRILLINA

La parabola di Luigi Di Maio è da studiare. Da autoproclamato rappresentate de…",['riconquistareIT'],[], CHIUDIAMO L'ORRENDA PARENTESI GRILLINA La parabola di Luigi Di Maio è da studiare. Da autoproclamato rappresentate de…,140,119,17
2022-02-25 05:53:03,"RT @ivocamic: SEI QUI
nel percorso verso il #GranReset https://t.co/rIPlApZT63",['ivocamic'],['GranReset'], SEI QUI nel percorso verso il GranReset,78,40,7
2022-02-24 11:04:11,La famiglia crece.,[],[],La famiglia crece.,18,18,3
2022-02-25 07:49:32,@SimoneAlliva Buona la seconda.,['SimoneAlliva'],[],Buona la seconda.,31,17,3
2022-02-24 08:02:36,"@flayawa Lascia che sia ,il tempo e galantuomo",['flayawa'],[],"Lascia che sia ,il tempo e galantuomo",46,37,7
2022-02-24 21:55:17,@sararigby7 Oggi è morto un impiegato dell ospedale dove lavoro aveva 57 aa…era in attesa di un trapianto di midollo per una forma di leucemia ma purtroppo è subentrato il COVID e se lo è portato via. RIP Luigi 🙏🏼❤️,['sararigby7'],[],Oggi è morto un impiegato dell ospedale dove lavoro aveva 57 aa…era in attesa di un trapianto di midollo per una forma di leucemia ma purtroppo è subentrato il COVID e se lo è portato via. RIP Luigi 🙏🏼❤️,215,203,39
2022-02-24 12:29:16,"🔴 #Fonseca e la moglie bloccati in #Ucraina
🇵🇹 Il portoghese è a #Kiev da settimane 
📷 La moglie del tecnico: ""I bambini non lo meritavano"" FOTO

#ASRoma 

https://t.co/QDAL6VpmYp",[],"['Fonseca', 'Ucraina', 'Kiev', 'ASRoma']","🔴 Fonseca e la moglie bloccati in Ucraina 🇵🇹 Il portoghese è a Kiev da settimane 📷 La moglie del tecnico: ""I bambini non lo meritavano"" FOTO ASRoma",179,147,28
2022-02-24 08:25:33,"+distruggerebbero il mondo non lasciando una (1) persona viva, e questi di voglia di vivere ne hanno sin troppa. Dall'altro lato PT stesso non è interessato ad una guerra mondiale, ma ai territori circostanti per questa palese ossessione per l'VR$$. 
Secondo la mia opinione, +",[],[],"+distruggerebbero il mondo non lasciando una (1) persona viva, e questi di voglia di vivere ne hanno sin troppa. Dall'altro lato PT stesso non è interessato ad una guerra mondiale, ma ai territori circostanti per questa palese ossessione per l'VR$$. Secondo la mia opinione, +",277,276,45
2022-02-24 08:45:49,"RT @crombiemedia: Londra, 1977: Sid Vicious e Nancy Spungen alle prese con alcuni bambini
📷 Ray Stevenson https://t.co/P9evioKwNJ",['crombiemedia'],[]," Londra, 1977: Sid Vicious e Nancy Spungen alle prese con alcuni bambini 📷 Ray Stevenson",129,88,15
2022-02-24 20:55:20,"Non si gioca con aria di sufficienza e con tanta mediocrità, e a mio avviso penso siamo messi in campo alla cazzo di cane; formazione inadeguata alla competizione.
#NapoliBarcellona",[],['NapoliBarcellona'],"Non si gioca con aria di sufficienza e con tanta mediocrità, e a mio avviso penso siamo messi in campo alla cazzo di cane; formazione inadeguata alla competizione. NapoliBarcellona",181,180,29
2022-02-24 19:06:09,@BLACKSW45054133 Ho trovato lavoro 🤩,['BLACKSW45054133'],[],Ho trovato lavoro 🤩,36,19,4
2022-02-24 10:15:15,"Il costo del gas in Europa negli ultimi due anni.
#RussiaUkraineConflict #Gas #Russia https://t.co/uqSMNdEp2V",[],"['RussiaUkraineConflict', 'Gas', 'Russia']",Il costo del gas in Europa negli ultimi due anni. RussiaUkraineConflict Gas Russia,109,82,13
2022-02-24 12:43:26,"RT @ImolaOggi: Questa è la guerra economica degli USA contro l'Europa.
Sanzioni contro la Russia? Banche italiane esposte per 30 miliardi d…",['ImolaOggi'],[], Questa è la guerra economica degli USA contro l'Europa. Sanzioni contro la Russia? Banche italiane esposte per 30 miliardi d…,140,126,20
2022-02-25 07:37:24,anzi al primo ascolto mi è piaciuta di più si sticker e sipario,[],[],anzi al primo ascolto mi è piaciuta di più si sticker e sipario,63,63,13
2022-02-24 21:52:06,"Okay, Lulù è stata magica #JERU",[],['JERU'],"Okay, Lulù è stata magica JERU",31,30,6
2022-02-24 17:25:42,"Mi guardavo intorno spaventato che qualcuno mi vedesse e mi intrufolai nella palazzina sperando di non aver sbagliato balcone.
La finestra, nonostante l’ ora, era aperta e da essa fuori uscivano i suoni emessi dalla televisione probabilmente impostata sui cartoni.",[],[],"Mi guardavo intorno spaventato che qualcuno mi vedesse e mi intrufolai nella palazzina sperando di non aver sbagliato balcone. La finestra, nonostante l’ ora, era aperta e da essa fuori uscivano i suoni emessi dalla televisione probabilmente impostata sui cartoni.",264,264,40
2022-02-24 15:20:41,MA SONO IMPAZZITI,[],[],MA SONO IMPAZZITI,17,17,3
2022-02-24 09:33:55,"RT @Open_gol: 🔴 Stanotte è iniziata l'invasione russa dell'Ucraina. 

Qui tutti gli aggiornamenti in tempo reale a cura della redazione di…",['Open_gol'],[], 🔴 Stanotte è iniziata l'invasione russa dell'Ucraina. Qui tutti gli aggiornamenti in tempo reale a cura della redazione di…,139,124,19
2022-02-23 21:58:39,le madonne che ha tirato luis al pareggio non ho certezze ma nemmeno dubbi,[],[],le madonne che ha tirato luis al pareggio non ho certezze ma nemmeno dubbi,74,74,14
2022-02-23 23:13:05,Magnifico. Bisogna mcdonaldizzarlo assolutamento,[],[],Magnifico. Bisogna mcdonaldizzarlo assolutamento,48,48,4
2022-02-25 07:08:09,"@Masssimilianoo Ah guarda Putin è stato esplicito, ha detto che lui rivuole fare il patto di Varsavia. Ora sta all'Occidente decidere se ciò è accettabile. Per me no",['Masssimilianoo'],[],"Ah guarda Putin è stato esplicito, ha detto che lui rivuole fare il patto di Varsavia. Ora sta all'Occidente decidere se ciò è accettabile. Per me no",165,149,27
2022-02-24 03:35:31,MANO,[],[],MANO,4,4,1
2022-02-23 18:04:09,"RT @Mich33bm: Calcutta ?
Non: Austerlitz. https://t.co/btepi6Kg6F",['Mich33bm'],[], Calcutta ? Non: Austerlitz.,65,28,4
2022-02-24 16:18:39,RT @GiorgiaMeloni: Ma stiamo scherzando?! Il sindaco Sala fermi immediatamente questo evento propagandistico basato su una pratica vietata…,['GiorgiaMeloni'],[], Ma stiamo scherzando?! Il sindaco Sala fermi immediatamente questo evento propagandistico basato su una pratica vietata…,139,121,16
2022-02-23 16:28:29,"Come non condividere le parole di #bobocraxi
Tangentopoli, botta e risposta Craxi - Gomez: ""Poi siete arrivati voi ed è caduto il ponte Morandi"" https://t.co/bOzC1v3rrN",[],['bobocraxi'],"Come non condividere le parole di bobocraxi Tangentopoli, botta e risposta Craxi - Gomez: ""Poi siete arrivati voi ed è caduto il ponte Morandi""",168,143,24
2022-02-25 00:22:10,Io voglio sapere la faccia di barù #jeru,[],['jeru'],Io voglio sapere la faccia di barù jeru,40,39,8
2022-02-24 14:07:20,@Maurizio101112 Grandissimi pezzi di merda!!!;!,['Maurizio101112'],[],Grandissimi pezzi di merda!!!;!,47,31,4
2022-02-23 16:22:01,lui che ha sempre detto a lei che non è pronta quando quello che non è mai stato pronto è lui #jeru,[],['jeru'],lui che ha sempre detto a lei che non è pronta quando quello che non è mai stato pronto è lui jeru,99,98,22
2022-02-23 20:16:17,"@CarmeloFerrara @MediasetTgcom24 Ovviamente, lui può fare il cazzo che gli pare…","['CarmeloFerrara', 'MediasetTgcom24']",[],"Ovviamente, lui può fare il cazzo che gli pare…",80,47,9
2022-02-24 15:39:46,"@ArdolinoPina Quella, la Regina Kakya ""Io sono io e voi nun siete proprio un caxxo..."",  non riesce ad andare  d'accordo manco con se stessa, tanto è perfida, ipocrita, invidiosa, viscida, omofoba, bulla. E fascistona, of course. OggiVotiamo NAT!",['ArdolinoPina'],[],"Quella, la Regina Kakya ""Io sono io e voi nun siete proprio un caxxo..."", non riesce ad andare d'accordo manco con se stessa, tanto è perfida, ipocrita, invidiosa, viscida, omofoba, bulla. E fascistona, of course. OggiVotiamo NAT!",246,230,37
2022-02-24 16:56:37,@DarioBressanini E precedentemente erano per l’uscita dall’euro.,['DarioBressanini'],[],E precedentemente erano per l’uscita dall’euro.,64,47,6
2022-02-24 10:54:32,"@AldoSciara Sono i soliti comunistelli un po’ confusi Aldo, tuoi compagni di partito eh…",['AldoSciara'],[],"Sono i soliti comunistelli un po’ confusi Aldo, tuoi compagni di partito eh…",88,76,13
2022-02-24 18:31:01,RT @Seoulmate2018: VOGLIO UN BARÙ NELLA MIA VITA 🤏🏽#jerù  https://t.co/jjmayNPluF,['Seoulmate2018'],['jerù'], VOGLIO UN BARÙ NELLA MIA VITA 🤏🏽jerù,81,37,7
2022-02-24 15:04:06,"RT @HESMYLFINELINE: Sophie: “Ti posso dire che lui non riesce effettivamente a stare lontano da lei. L’altro giorno mi ha fatto strano, era…",['HESMYLFINELINE'],[]," Sophie: “Ti posso dire che lui non riesce effettivamente a stare lontano da lei. L’altro giorno mi ha fatto strano, era…",140,121,21
2022-02-24 20:39:28,RT @Geopoliticainfo: 🇩🇪Il cancelliere tedesco Olaf Scholz ha avvertito il premier britannico Boris Johnson che la Germania non sosterrà l'e…,['Geopoliticainfo'],[], 🇩🇪Il cancelliere tedesco Olaf Scholz ha avvertito il premier britannico Boris Johnson che la Germania non sosterrà l'e…,140,120,18
2022-02-24 07:53:23,@PinglaxS Dono hai 😂,['PinglaxS'],[],Dono hai 😂,20,10,3
2022-02-24 19:18:32,"RT @massimoguerrini: La vita funziona meglio quando ci concentriamo su dove stiamo andando,piuttosto che su dove siamo stati
Abbiamo tutti…",['massimoguerrini'],[]," La vita funziona meglio quando ci concentriamo su dove stiamo andando,piuttosto che su dove siamo stati Abbiamo tutti…",139,119,18
2022-02-24 16:03:49,@giadixlime ciao amo,['giadixlime'],[],ciao amo,20,8,2
2022-02-25 05:21:06,RT @AmaliaBaresi: RT se interessati a vedere di piu https://t.co/7kqVT3gpdi,['AmaliaBaresi'],[], RT se interessati a vedere di piu,75,34,7
2022-02-24 12:05:53,RT @EnricoLetta: Chiediamo che il Parlamento 🇮🇹 si riunisca subito per votare la condanna senza ambiguità della Russia di Putin. #StopInvas…,['EnricoLetta'],[], Chiediamo che il Parlamento 🇮🇹 si riunisca subito per votare la condanna senza ambiguità della Russia di Putin. StopInvas…,140,123,19
2022-02-24 12:42:47,RT @michelegiorgio2: Mosca condanna l'occupazione israeliana del #Golan e non riconosce l'annessione unilaterale della regione a Israele. L…,['michelegiorgio2'],['Golan'], Mosca condanna l'occupazione israeliana del Golan e non riconosce l'annessione unilaterale della regione a Israele. L…,140,119,16
2022-02-23 16:58:43,"@alone73x1 @patriziaandreoz No, infatti. Ma anche i “buonisti”, se sono nella cacca (o se percepiscono di esserlo, perché è sempre tutto relativo) possono acarezzare l’ipotesi di uscire di scena. Magari solo come pensiero di conforto,come ultima ratio. I buonisti hanno le stesse disgrazie dei maledetti 🤣🤣","['alone73x1', 'patriziaandreoz']",[],"No, infatti. Ma anche i “buonisti”, se sono nella cacca (o se percepiscono di esserlo, perché è sempre tutto relativo) possono acarezzare l’ipotesi di uscire di scena. Magari solo come pensiero di conforto,come ultima ratio. I buonisti hanno le stesse disgrazie dei maledetti 🤣🤣",306,278,44
2022-02-23 21:13:54,"RT @Paolosantagata5: La danza degli uccelli

#AliPerVolare #SalaLettura https://t.co/kR70b23UCf",['Paolosantagata5'],"['AliPerVolare', 'SalaLettura']", La danza degli uccelli AliPerVolare SalaLettura,95,48,6
2022-02-24 21:07:10,RT @chetempochefa: L’immagine della serata: a San Pietroburgo i cittadini russi manifestano in piazza contro la guerra. Lo stesso sta avven…,['chetempochefa'],[], L’immagine della serata: a San Pietroburgo i cittadini russi manifestano in piazza contro la guerra. Lo stesso sta avven…,140,122,19
2022-02-24 10:01:34,jake so aggressive hahahaha,[],[],jake so aggressive hahahaha,27,27,4
2022-02-24 00:59:11,NO BARU BASTA E RUTT O CA CU STU BILIARD #jeru,[],['jeru'],NO BARU BASTA E RUTT O CA CU STU BILIARD jeru,46,45,11
2022-02-25 02:01:54,Me dio un infarto,[],[],Me dio un infarto,17,17,4
2022-02-24 11:39:08,"@udogumpel Siamo in tanti e di sinistra,contro l'UE, il capitalismo selvaggio e pro Putin. Se ne faccia una ragione",['udogumpel'],[],"Siamo in tanti e di sinistra,contro l'UE, il capitalismo selvaggio e pro Putin. Se ne faccia una ragione",115,104,18
2022-02-24 01:16:03,"Anche se non la sopporto e sono felice di ciò, ho pianto per lei
So come ci si sente a non essere scelte, anche se non credo mi piacerà mai, mi sento molto più vicina a Kagura ora e mi auguro che un giorno trovi qualcuno che la ami 🤍 https://t.co/hj93FtAUcQ",[],[],"Anche se non la sopporto e sono felice di ciò, ho pianto per lei So come ci si sente a non essere scelte, anche se non credo mi piacerà mai, mi sento molto più vicina a Kagura ora e mi auguro che un giorno trovi qualcuno che la ami 🤍",257,233,50
2022-02-24 16:31:09,"RT @MarcoDreosto: ❌Aggressione russa in Ucraina. ❌Aerei cinesi sopra Taiwan. 

Ora è il momento dell’unità e della difesa dell’Occidente, b…",['MarcoDreosto'],[]," ❌Aggressione russa in Ucraina. ❌Aerei cinesi sopra Taiwan. Ora è il momento dell’unità e della difesa dell’Occidente, b…",140,121,18
2022-02-24 08:39:33,RT @JDBITALIANCREW: Eccolo! È vivo! 😂❤️ https://t.co/KqfJP5Zv4q,['JDBITALIANCREW'],[], Eccolo! È vivo! 😂❤️,63,20,4
2022-02-24 21:47:44,"RT @Lorenzo62752880: Decessi Covid ieri 22 febbraio:

Inghilterra (0 restrizioni) 170
Spagna (0 restrizioni) 173
Italia (green pass e super…",['Lorenzo62752880'],[], Decessi Covid ieri 22 febbraio: Inghilterra (0 restrizioni) 170 Spagna (0 restrizioni) 173 Italia (green pass e super…,140,119,18
2022-02-23 20:31:40,"RT @GioForCan: Noi qui per supportarli
#CanYamanLoveYou",['GioForCan'],['CanYamanLoveYou'], Noi qui per supportarli CanYamanLoveYou,55,40,5
2022-02-24 10:48:22,"#Guerra #Ucrainarussia, @roberto_capob presidente #Conflavoro: ""Stimiamo perdita interscambi da 25 miliardi, rischio KO per #imprese e famiglie italiane già attanagliate dai #rincari. Comunità internazionale e #Governo facciano presto. Leggi tutto  https://t.co/33VVLMaxv2",['roberto_capob'],"['Guerra', 'Ucrainarussia', 'Conflavoro', 'imprese', 'rincari', 'Governo']","Guerra Ucrainarussia, presidente Conflavoro: ""Stimiamo perdita interscambi da 25 miliardi, rischio KO per imprese e famiglie italiane già attanagliate dai rincari. Comunità internazionale e Governo facciano presto. Leggi tutto",272,226,29
2022-02-24 10:54:14,ma onestamente........ chi se la caga l'italia e I MEAN c'è qualcosa che mi sfugge??? perchè dovrebbero bombardarci?????? mi ha confusa,[],[],ma onestamente........ chi se la caga l'italia e I MEAN c'è qualcosa che mi sfugge??? perchè dovrebbero bombardarci?????? mi ha confusa,135,135,21
2022-02-24 11:49:30,RT @paolettatrash: buongiorno solo a miri e jess che non hanno mai smesso di volersi bene e quando si danno questi abbraccioni sono le più…,['paolettatrash'],[], buongiorno solo a miri e jess che non hanno mai smesso di volersi bene e quando si danno questi abbraccioni sono le più…,139,121,23
2022-02-24 16:06:36,"RT @crikcrok_videos: non toccatemi questi due e nessuno si farà male
#amici21 https://t.co/i7dEAL6PtC",['crikcrok_videos'],['amici21'], non toccatemi questi due e nessuno si farà male amici21,101,56,10
2022-02-25 07:01:19,RT @PMirigliani: Sto seguendo esterrefatta le esternazioni che @Manilanazzaro sta facendo su mio figlio.,"['PMirigliani', 'Manilanazzaro']",[], Sto seguendo esterrefatta le esternazioni che sta facendo su mio figlio.,104,73,11
2022-02-23 16:16:57,"@Agenzia_Ansa Pure il ministro russo ha informato sull'afro bibitaro
https://t.co/oSYAYsxTzM",['Agenzia_Ansa'],[],Pure il ministro russo ha informato sull'afro bibitaro,92,54,8
2022-02-24 01:16:16,Davide dice che oggi ha cercato un confronto con soleil. Che strano 24 ore prima della puntata 🤫 #gfvip,[],['gfvip'],Davide dice che oggi ha cercato un confronto con soleil. Che strano 24 ore prima della puntata 🤫 gfvip,103,102,19
2022-02-24 20:00:22,@NINAZVNlK MA SENTI,['NINAZVNlK'],[],MA SENTI,19,8,2
2022-02-23 22:25:43,E dicevamo che il 2021 faceva schifo.,[],[],E dicevamo che il 2021 faceva schifo.,37,37,7
2022-02-24 20:52:04,"RT @irirossii: la bellezza, la maestria, la sapienza, la perfezione, il massimo splendore, l'eccellenza, l'impeccabilità https://t.co/FSaZI…",['irirossii'],[]," la bellezza, la maestria, la sapienza, la perfezione, il massimo splendore, l'eccellenza, l'impeccabilità",140,106,13
2022-02-25 00:32:27,"RT @TutelaMagliaNA: In una serata non bella per noi tifosi del Napoli, voglio comunque condividere con voi la gioia provata per la prima ma…",['TutelaMagliaNA'],[]," In una serata non bella per noi tifosi del Napoli, voglio comunque condividere con voi la gioia provata per la prima ma…",140,121,22
2022-02-24 14:01:30,@ErmannoKilgore E sì che gli USA avevano buttato sul ridere la simpatica amicizia tra Castro e Krusciov... Chi l'avrebbe detto che mangiarsi mezza Europa dell'est e non fermarsi mai avrebbe fatto arrabbiare qualcuno?,['ErmannoKilgore'],[],E sì che gli USA avevano buttato sul ridere la simpatica amicizia tra Castro e Krusciov... Chi l'avrebbe detto che mangiarsi mezza Europa dell'est e non fermarsi mai avrebbe fatto arrabbiare qualcuno?,216,200,32
2022-02-24 23:58:20,mamma la bassezza della caldonazzo che pur di offenderti dice cose che non c'entrano NULLA #jeru,[],['jeru'],mamma la bassezza della caldonazzo che pur di offenderti dice cose che non c'entrano NULLA jeru,96,95,16
2022-02-24 22:17:13,@SweetDrama6 credo abbia sentito “baru scappa” ma il resto non credo… comunque lui adesso mi sembra molto nero,['SweetDrama6'],[],credo abbia sentito “baru scappa” ma il resto non credo… comunque lui adesso mi sembra molto nero,110,97,17
2022-02-23 21:52:42,"RT @likeirisheyes: Quanta sofferenza devono aver provato anche La mamma e Eros.. 
uno pensa sempre alla vittima giustamente , a chi cade in…",['likeirisheyes'],[]," Quanta sofferenza devono aver provato anche La mamma e Eros.. uno pensa sempre alla vittima giustamente , a chi cade in…",140,121,21
2022-02-24 17:55:05,"RT @CIaudiaGiulia: Questi sono i social ok, ma astenetevi dal RT, fare like o quote, a tweet con foto o video dove persone innocenti cadono…",['CIaudiaGiulia'],[]," Questi sono i social ok, ma astenetevi dal RT, fare like o quote, a tweet con foto o video dove persone innocenti cadono…",140,122,23
2022-02-24 17:35:01,"@manuelaiati Sono quelli di abbraccia un cinese,quelli del quel che è mio è mio quello degli altri metà ciascuno..
Sono i maestri di vita...
Non c'è bisogno di scrivere l'appartenenza politica badta già cosi per capirlo",['manuelaiati'],[],"Sono quelli di abbraccia un cinese,quelli del quel che è mio è mio quello degli altri metà ciascuno.. Sono i maestri di vita... Non c'è bisogno di scrivere l'appartenenza politica badta già cosi per capirlo",219,206,35
2022-02-24 21:36:53,RT @susymurzi: I media avevano già previsto tutto 7 anni fa.. https://t.co/f6vKZxAdQm,['susymurzi'],[], I media avevano già previsto tutto 7 anni fa..,85,47,9
2022-02-24 16:01:50,RT @VogliaNonHo: Mai come oggi questo è un Christian e Crytical stan account #Amici21,['VogliaNonHo'],['Amici21'], Mai come oggi questo è un Christian e Crytical stan account Amici21,85,68,12
2022-02-24 22:07:41,Piton che manda il suo Patronus per guidarli 🥺#harrypotter,[],['harrypotter'],Piton che manda il suo Patronus per guidarli 🥺harrypotter,58,57,9
2022-02-24 11:54:59,@savin_marina @barbarab1974 Eh già giocano alla guerra per poter far gridare al complotto 4 deficenti. Ma pd senza parole.....,"['savin_marina', 'barbarab1974']",[],Eh già giocano alla guerra per poter far gridare al complotto 4 deficenti. Ma pd senza parole.....,126,98,17
2022-02-24 20:11:00,@ikol22 @OttoemezzoTW @LaStampa @MassimGiannini @limesonline @CaraccioloLucio @silvia_sb_ @FinancialTimes @La7tv Chi vorresti alla #Regia? Quel #Democratico di #Trump?,"['ikol22', 'OttoemezzoTW', 'LaStampa', 'MassimGiannini', 'limesonline', 'CaraccioloLucio', 'silvia_sb_', 'FinancialTimes', 'La7tv']","['Regia', 'Democratico', 'Trump']",Chi vorresti alla Regia? Quel Democratico di Trump?,167,51,8
2022-02-24 23:10:18,RT @cicabum_: Quindi se una donna di 76 anni dice ad una ragazza di 27 anni che non ha dignità e che peraltro non ha salutato sarebbe Jessi…,['cicabum_'],[], Quindi se una donna di 76 anni dice ad una ragazza di 27 anni che non ha dignità e che peraltro non ha salutato sarebbe Jessi…,140,127,26
2022-02-23 17:53:01,"@borghi_claudio In gamba, prof! Auguri di pronta guarigione!",['borghi_claudio'],[],"In gamba, prof! Auguri di pronta guarigione!",60,44,7
2022-02-24 05:59:07,"RT @agambella: In corso la battaglia dell'Ucraina dopo una salva iniziale di missili Kalibr, con esplosioni in basi militari ed aeroporti.…",['agambella'],[]," In corso la battaglia dell'Ucraina dopo una salva iniziale di missili Kalibr, con esplosioni in basi militari ed aeroporti.…",139,125,19
2022-02-24 20:04:30,"RT @Soul_doctor1: Il corpo della donna è verità e consapevolezza,ma la""grazia""nel volto è mistero.Occhi e labbra rappresentano la sensualit…",['Soul_doctor1'],[]," Il corpo della donna è verità e consapevolezza,ma la""grazia""nel volto è mistero.Occhi e labbra rappresentano la sensualit…",140,123,17
2022-02-24 22:54:45,"@RaphaelStoneho1 @claudiafusani Ormai è in pieno delirio nazista, sono cose già ben sperimentate in Italia…","['RaphaelStoneho1', 'claudiafusani']",[],"Ormai è in pieno delirio nazista, sono cose già ben sperimentate in Italia…",107,75,13
2022-02-24 08:02:40,Francesco e Ilary e quei malumori sulla gestione della «Totti spa» https://t.co/nzfVRuQinZ,[],[],Francesco e Ilary e quei malumori sulla gestione della «Totti spa»,90,66,11
2022-02-24 20:56:31,"RT @Epnoveotto: Agli eroi di San Pietroburgo perchè stasera ci stanno ricordando che esiste la speranza nel genere umano, perchè se loro st…",['Epnoveotto'],[]," Agli eroi di San Pietroburgo perchè stasera ci stanno ricordando che esiste la speranza nel genere umano, perchè se loro st…",140,125,21
2022-02-24 11:45:46,"RT @65_virna: FARSA: L'ITALIANO CONTAGIA IL TURISTA NO
Sembra veramente una barzelletta mi chiedo se qualcuno abbia ancora un minimo di fid…",['65_virna'],[], FARSA: L'ITALIANO CONTAGIA IL TURISTA NO Sembra veramente una barzelletta mi chiedo se qualcuno abbia ancora un minimo di fid…,140,127,20
2022-02-24 21:14:46,@mfa018 ahahahahah ja ri ok ensina me a escrever,['mfa018'],[],ahahahahah ja ri ok ensina me a escrever,48,40,8
2022-02-24 02:30:18,Per ogni accenno di avvicinamento perdo un battito #jeru,[],['jeru'],Per ogni accenno di avvicinamento perdo un battito jeru,56,55,9
2022-02-24 05:30:35,ma che cazzo succede nelle mie notifiche,[],[],ma che cazzo succede nelle mie notifiche,40,40,7
2022-02-24 23:24:46,"RT @jacopo_iacoboni: Commoventi i russi in piazza questa sera a San Pietroburgo contro la guerra del dittatore criminale

@nexta_tv 

 http…","['jacopo_iacoboni', 'nexta_tv']",[], Commoventi i russi in piazza questa sera a San Pietroburgo contro la guerra del dittatore criminale http…,140,106,17
2022-02-25 06:44:21,"RT @00_AlterEgo: Ognuno di noi vorrebbe 10000 cose, una persona malata una sola, una persona sotto le bombe una sola.

#StopTheWar",['00_AlterEgo'],['StopTheWar']," Ognuno di noi vorrebbe 10000 cose, una persona malata una sola, una persona sotto le bombe una sola. StopTheWar",130,112,19
2022-02-24 14:24:59,"RT @intuslegens: Hanno armato l'Ucraina.
Hanno voluto estendere la NATO fino al confine russo contro ogni patto.
Hanno messo #Putin davanti…",['intuslegens'],['Putin'], Hanno armato l'Ucraina. Hanno voluto estendere la NATO fino al confine russo contro ogni patto. Hanno messo Putin davanti…,140,123,19
2022-02-24 21:17:19,Il cinghiale troppo carino però con mia figlia.,[],[],Il cinghiale troppo carino però con mia figlia.,47,47,8
2022-02-23 18:57:06,@dianaterza La Red bull!!! .......TI METTE LE ALIIIIIIII🤣🤣🤣🤣🤣🤣 https://t.co/0O1meQr9Rz,['dianaterza'],[],La Red bull!!! .......TI METTE LE ALIIIIIIII🤣🤣🤣🤣🤣🤣,86,50,7
2022-02-25 05:47:18,"RT @ciropellegrino: Speciale Tg3 Rai, ore 16.15 circa. La voce di Lucia Annunziata collegata da studio mentre parla Enrico Letta. 

Sentite…",['ciropellegrino'],[]," Speciale Tg3 Rai, ore 16.15 circa. La voce di Lucia Annunziata collegata da studio mentre parla Enrico Letta. Sentite…",140,119,19
2022-02-24 16:46:00,"RT @PolScorr: Immagini da #SanPietroburgo, ora

Non tutti i russi sono con #Putin. In pochi hanno il coraggio di scendere in piazza contro…",['PolScorr'],"['SanPietroburgo', 'Putin']"," Immagini da SanPietroburgo, ora Non tutti i russi sono con Putin. In pochi hanno il coraggio di scendere in piazza contro…",139,123,21
2022-02-24 22:00:20,RT @dubidubibamsbem: SALVATE DAVIDE PIÙ CHE MAI 🚨🚨🚨🚨🚨🚨🚨 #jeru,['dubidubibamsbem'],['jeru'], SALVATE DAVIDE PIÙ CHE MAI 🚨🚨🚨🚨🚨🚨🚨 jeru,61,40,7
2022-02-24 11:38:26,"RT @emabignardi: E mentre #Draghi e compagnia abbaiano contro #Putin, il Governo incassa l'ennesima fiducia. Hanno esautorato il Parlamento…",['emabignardi'],"['Draghi', 'Putin']"," E mentre Draghi e compagnia abbaiano contro Putin, il Governo incassa l'ennesima fiducia. Hanno esautorato il Parlamento…",140,122,17
2022-02-25 07:44:17,RT @teoxandra: Sono costretta a dar ragione a Libero. 😑 https://t.co/4k5VlVFlcz,['teoxandra'],[], Sono costretta a dar ragione a Libero. 😑,79,41,8
2022-02-24 12:58:49,RT @marco_caste7: Sono responsabile di ciò che dico non di quello che gli altri capiscono,['marco_caste7'],[], Sono responsabile di ciò che dico non di quello che gli altri capiscono,89,72,13
2022-02-24 07:04:22,e niente è iniziata la guerra,[],[],e niente è iniziata la guerra,29,29,6
2022-02-25 00:19:15,"@rubio_chef perché non c’è ne frega un cazzo che i palestinesi muoiano, invece che i russi rompano il cazzo si dato che ci sono in gioco interessi economici",['rubio_chef'],[],"perché non c’è ne frega un cazzo che i palestinesi muoiano, invece che i russi rompano il cazzo si dato che ci sono in gioco interessi economici",156,144,27
2022-02-24 22:22:34,@FoglieSette @FabioGhironi A me non fa ridere: fa ribaltare lo somaco.,"['FoglieSette', 'FabioGhironi']",[],A me non fa ridere: fa ribaltare lo somaco.,70,43,9
2022-02-25 00:41:22,"RT @JordeenDanvers: HAI PESTATO L’ALLUCE ALLA FATINA SBAGLIATA, TORNATENE ALLE SLOT https://t.co/T77JJkAloi",['JordeenDanvers'],[]," HAI PESTATO L’ALLUCE ALLA FATINA SBAGLIATA, TORNATENE ALLE SLOT",107,64,9
2022-02-24 21:22:16,Ecco e pensare che ero molto tranquilla per questa puntata E INVECE NO NO #jerù,[],['jerù'],Ecco e pensare che ero molto tranquilla per questa puntata E INVECE NO NO jerù,79,78,15
2022-02-24 01:46:03,"Fra 14 minuti saranno le 3:00. 

In riva alla strada.",[],[],Fra 14 minuti saranno le 3:00. In riva alla strada.,53,51,10
2022-02-25 04:55:22,ZbjzJjxjsjs te amamos tonti,[],[],ZbjzJjxjsjs te amamos tonti,27,27,4
2022-02-24 08:40:26,RT @Since_in_1981: Ma sta gente non crepa mai ?,['Since_in_1981'],[], Ma sta gente non crepa mai ?,47,29,7
2022-02-23 23:14:22,Mi sto pisciando ma che cosa si è fumato #jerù,[],['jerù'],Mi sto pisciando ma che cosa si è fumato jerù,46,45,10
2022-02-24 12:07:12,Il vittimismo di Manila è veramente schifoso #gfvip,[],['gfvip'],Il vittimismo di Manila è veramente schifoso gfvip,51,50,8
2022-02-23 21:56:39,@mikikant_liber @BarhateMohit @DjokerNole @KrisSekMNT @meokee @PHNDjokovic @AncaIoa21 @BenRothenberg Sei Fantastico Miki. ti amo.,"['mikikant_liber', 'BarhateMohit', 'DjokerNole', 'KrisSekMNT', 'meokee', 'PHNDjokovic', 'AncaIoa21', 'BenRothenberg']",[],Sei Fantastico Miki. ti amo.,129,28,5
2022-02-24 07:02:07,Alle 08:01 Buongiorno Stefany con 13 tweet è entrato nelle tendenze Italia alla posizione 36,[],[],Alle 08:01 Buongiorno Stefany con 13 tweet è entrato nelle tendenze Italia alla posizione 36,92,92,15
2022-02-23 19:45:33,"Ma una cosa vorrei capire per concludere in bellezza la giornata... quando Damiano è subito dopo Davide si sono ""assentati"" per massaggiare, stavano minacciando Nicolas? No perché 2 minuti dopo è entrato 😂#gavetta",[],['gavetta'],"Ma una cosa vorrei capire per concludere in bellezza la giornata... quando Damiano è subito dopo Davide si sono ""assentati"" per massaggiare, stavano minacciando Nicolas? No perché 2 minuti dopo è entrato 😂gavetta",213,212,33
2022-02-24 22:05:46,"RT @alee_ssiaa: Io dell’atteggiamento di katia, di alfonso che la difende ogni santa volta e di sonia che applaude a quelle porcate che dic…",['alee_ssiaa'],[]," Io dell’atteggiamento di katia, di alfonso che la difende ogni santa volta e di sonia che applaude a quelle porcate che dic…",140,125,22
2022-02-24 08:46:56,"@pdnetwork @EnricoLetta Perché dice ""non negoziabili"" , ""calpesta"" , ""agire subito"", ""è finito il tempo"". ? Sono toni non adeguati. I russi difendono il loro paese da ingerenze pericolose, basi missilistiche troppo vicine ecc. Loro sono stati chiari. Cosa vi aspettavate? Stia sereno letta, stia sereno","['pdnetwork', 'EnricoLetta']",[],"Perché dice ""non negoziabili"" , ""calpesta"" , ""agire subito"", ""è finito il tempo"". ? Sono toni non adeguati. I russi difendono il loro paese da ingerenze pericolose, basi missilistiche troppo vicine ecc. Loro sono stati chiari. Cosa vi aspettavate? Stia sereno letta, stia sereno",302,278,44
2022-02-24 17:41:22,"RT @FDUmilano: A #Milano, una Piazza della Scala piena di gente per dire NO ALLA GUERRA #NoWar https://t.co/1z5srwl1HX",['FDUmilano'],"['Milano', 'NoWar']"," A Milano, una Piazza della Scala piena di gente per dire NO ALLA GUERRA NoWar",118,78,15
2022-02-24 19:34:38,RT @ClaudioStiglia1: Ora e sempre ❤️ https://t.co/d7ZpsmLEde,['ClaudioStiglia1'],[], Ora e sempre ❤️,60,16,4
2022-02-24 08:32:57,RT @stranisbalzi: che nervoso quando rispondono a monosillabi,['stranisbalzi'],[], che nervoso quando rispondono a monosillabi,61,44,6
2022-02-23 20:52:57,RT @RossSlik: Ma...vengono accolte in quel di Arcore?😳 https://t.co/DwYMCTufKk,['RossSlik'],[], Ma...vengono accolte in quel di Arcore?😳,78,41,6
2022-02-25 07:40:45,RT @OneArtist5: Ho appena finito questo GRANDISSIMO ALBUM. Irama si conferma uno degli artisti più versatili che ha il nostro paese. Versat…,['OneArtist5'],[], Ho appena finito questo GRANDISSIMO ALBUM. Irama si conferma uno degli artisti più versatili che ha il nostro paese. Versat…,140,125,20
2022-02-24 19:32:48,RT @KatiaCalderini: Noi il prof oggi non ce lo meritiamo! #tz101 https://t.co/rL3I4YutE7,['KatiaCalderini'],['tz101'], Noi il prof oggi non ce lo meritiamo! tz101,88,44,9
2022-02-25 05:54:24,"RT @Eveline90630041: Sentir
Vorrei
#unaVoce sola...

Quella che disarma ♥️",['Eveline90630041'],['unaVoce'], Sentir Vorrei unaVoce sola... Quella che disarma ♥️,74,52,8
2022-02-23 17:02:00,"RT @nomfup: Sono piuttosto sconfortato dal dibattito parlamentare sulla crisi ucraina. Con parole infagottate si prepara un ampio fronte, a…",['nomfup'],[]," Sono piuttosto sconfortato dal dibattito parlamentare sulla crisi ucraina. Con parole infagottate si prepara un ampio fronte, a…",140,129,18
2022-02-24 08:03:20,la necessità di https://t.co/wsigQKa4h1,[],[],la necessità di,39,15,3
2022-02-25 00:14:37,J3ssics help che finaccia ha perso la testa #GFVIP,[],['GFVIP'],J3ssics help che finaccia ha perso la testa GFVIP,50,49,9
2022-02-24 18:28:28,@i91frylwt Non vale,['i91frylwt'],[],Non vale,19,8,2
2022-02-24 11:37:45,RT @Apndp: #travaglio non capisce un ca**o di politica. Messi peggio di lui ci sono solo #giuseppi #conte e #dibattista. Non a caso erano t…,['Apndp'],"['travaglio', 'giuseppi', 'conte', 'dibattista']", travaglio non capisce un ca**o di politica. Messi peggio di lui ci sono solo giuseppi conte e dibattista. Non a caso erano t…,140,126,23
2022-02-24 10:40:21,"https://t.co/1AChZmv8bh
negano l'evidenza,cercano la correlazione
x sti figli di puttane non basta che prima del vaccino stava benissimo e che subito dopo ha avuto problemi,cercano la correlazione x non ammettere il fallimento totale di questo piscio che chiamano vaccino",[],[],"negano l'evidenza,cercano la correlazione x sti figli di puttane non basta che prima del vaccino stava benissimo e che subito dopo ha avuto problemi,cercano la correlazione x non ammettere il fallimento totale di questo piscio che chiamano vaccino",271,247,38
2022-02-24 17:23:43,@betagamma12 🤦🏼‍♀️ provo a chiamare alla Farnesina,['betagamma12'],[],🤦🏼‍♀️ provo a chiamare alla Farnesina,50,37,6
2022-02-23 21:38:01,"@ansioliticaa_ esatto.. se lui si fosse comportato diversamente da come ha fatto, avrei capito e pensato fosse imbarazzo ma non è imbarazzo, tanto che lei sta in un piano per farlo andare a dormire da lei ergo escluderei l'ipotesi.",['ansioliticaa_'],[],"esatto.. se lui si fosse comportato diversamente da come ha fatto, avrei capito e pensato fosse imbarazzo ma non è imbarazzo, tanto che lei sta in un piano per farlo andare a dormire da lei ergo escluderei l'ipotesi.",231,216,38
2022-02-23 21:54:09,"RT @EdoardoBuffoni: Gli stabilimenti balneari che la destra difende come un tesoro nazionale inviolabile: 
pagano 115 milioni all'anno ma h…",['EdoardoBuffoni'],[], Gli stabilimenti balneari che la destra difende come un tesoro nazionale inviolabile: pagano 115 milioni all'anno ma h…,140,120,18
2022-02-24 23:28:26,"RT @Sofitwirl: Pier Silvio vedi te cosa devi fare con il pelato e con sto cesso di programma, per cortesia

#jessvip  #jeru",['Sofitwirl'],"['jessvip', 'jeru']"," Pier Silvio vedi te cosa devi fare con il pelato e con sto cesso di programma, per cortesia jessvip jeru",123,105,20
2022-02-23 21:42:19,"@petergomezblog @fattoquotidiano E ci credo,con l'incompetenza che possiede...","['petergomezblog', 'fattoquotidiano']",[],"E ci credo,con l'incompetenza che possiede...",78,45,6
2022-02-24 19:17:23,@anari56 Sono d'accordo su quello che dici,['anari56'],[],Sono d'accordo su quello che dici,42,33,6
2022-02-24 23:44:34,RT @messaggidivita: @IlGenerale97 Social per uomini soia e mignotte. Non fa per me,"['messaggidivita', 'IlGenerale97']",[], Social per uomini soia e mignotte. Non fa per me,82,49,10
2022-02-24 17:28:25,RT @paoloragazzii: potremmo essere noi ma tu abiti in culo https://t.co/Kn4xnoZuPI,['paoloragazzii'],[], potremmo essere noi ma tu abiti in culo,82,40,8
2022-02-25 04:58:14,RT @Kth91biby: Amore lui! 🥺😭❤️  #jeru https://t.co/NnUkEwmN2m,['Kth91biby'],['jeru'], Amore lui! 🥺😭❤️ jeru,61,21,4
2022-02-24 10:30:51,@Politic01774202 @DiegoFusaro Fasc*sti che fanno il tifo per un dittatore comunista..😂😂🤦‍♂️🤦‍♂️..!! https://t.co/1pFAL0Vv3r,"['Politic01774202', 'DiegoFusaro']",[],Fasc*sti che fanno il tifo per un dittatore comunista..😂😂🤦‍♂️🤦‍♂️..!!,123,69,9
2022-02-25 06:53:04,"@justmeez2021 @joannajetfan @joannajet Yes
Sì
Qui'","['justmeez2021', 'joannajetfan', 'joannajet']",[],Yes Sì Qui',50,11,3
2022-02-23 17:48:00,RT @RHolzeisen: Ogni #parlamentare che dà la fiducia ad un #governo che pone il voto di fiducia sull‘imposizione del trattamento dei cittad…,['RHolzeisen'],"['parlamentare', 'governo']", Ogni parlamentare che dà la fiducia ad un governo che pone il voto di fiducia sull‘imposizione del trattamento dei cittad…,140,123,20
2022-02-25 05:21:44,"Su @atlanticomag Matteo Navacci (@mrk4m1) sul Canada “battistrada” di cosa significherà avere moneta e identità digitale sotto il controllo dello stato. Scenari inquietanti 

https://t.co/k5UZCYp4au","['atlanticomag', 'mrk4m1']",[],Su Matteo Navacci () sul Canada “battistrada” di cosa significherà avere moneta e identità digitale sotto il controllo dello stato. Scenari inquietanti,198,151,22
2022-02-24 09:54:50,RT @mywifeluna: Buongiorno e tanto #marteditette a tutti ❤️💋 bacini 💋💋 #mywifeluna ❤️ https://t.co/EiHacBxhiz,['mywifeluna'],"['marteditette', 'mywifeluna']", Buongiorno e tanto marteditette a tutti ❤️💋 bacini 💋💋 mywifeluna ❤️,109,68,11
2022-02-25 01:53:21,"RT @stellinasplend3: non piagnucolare che mi dai fastidio !
SONIA QUEEN 👑#GFVIP https://t.co/p4GnZyWiIE",['stellinasplend3'],['GFVIP'], non piagnucolare che mi dai fastidio ! SONIA QUEEN 👑GFVIP,103,58,10
2022-02-23 17:50:17,RT @user9748241: sono dei meme viventi aiut #jerù https://t.co/P1jdb6F58E,['user9748241'],['jerù'], sono dei meme viventi aiut jerù,73,32,6
2022-02-25 01:29:59,"RT @IramaRockstar: ""mi chiedono chi è irama, di sicuro non sei tu"" HA TIRATO DIRETTAMENTE TUTTO L'ARCIERE #iramanewalbum",['IramaRockstar'],['iramanewalbum']," ""mi chiedono chi è irama, di sicuro non sei tu"" HA TIRATO DIRETTAMENTE TUTTO L'ARCIERE iramanewalbum",120,101,16
2022-02-24 10:37:16,Ma non avete vergogna io sono completamente allucinata stamattina https://t.co/36UEP33N4r,[],[],Ma non avete vergogna io sono completamente allucinata stamattina,89,65,9
2022-02-24 21:27:13,"RT @PaolaPaolin: Era chiamato libretto delle giustificazioni , in realtà era 
il primo corso di falsario 
che si faceva 😂 https://t.co/H4pt…",['PaolaPaolin'],[]," Era chiamato libretto delle giustificazioni , in realtà era il primo corso di falsario che si faceva 😂",140,103,18
2022-02-25 07:38:49,RT @ChemtrailsRoma: Fino a che date retta a questa stampa vi faranno credere che ci esistono anche gli unicorni https://t.co/5z4szNeTj7,['ChemtrailsRoma'],[], Fino a che date retta a questa stampa vi faranno credere che ci esistono anche gli unicorni,135,92,17
2022-02-23 18:27:49,RT @jessygiu12: Io non ho parole per descrivere la bellezza ma poi ogni giorno sempre di più AAAAAOOOOEEEEEE #jeru https://t.co/TpxKobwpGl,['jessygiu12'],['jeru'], Io non ho parole per descrivere la bellezza ma poi ogni giorno sempre di più AAAAAOOOOEEEEEE jeru,138,98,17
2022-02-23 20:25:31,@GIORGIOMALAVOL1 @Smartitina Sul punto 1 sei la conferma scritta.,"['GIORGIOMALAVOL1', 'Smartitina']",[],Sul punto 1 sei la conferma scritta.,65,36,7
2022-02-25 02:27:16,"RT @MussiFabrizio: Mentre #Annunziata sfotte gli Ucraini, #Renzi prova a proporre che #Merkel sia incaricata da #UE e #NATO di fare da medi…",['MussiFabrizio'],"['Annunziata', 'Renzi', 'Merkel', 'UE', 'NATO']"," Mentre Annunziata sfotte gli Ucraini, Renzi prova a proporre che Merkel sia incaricata da UE e NATO di fare da medi…",140,117,21
2022-02-23 23:19:57,RT @HoUnNomeCorto: Fino a che punto noi https://t.co/9Bjr85Pq6o,['HoUnNomeCorto'],[], Fino a che punto noi,63,21,5
2022-02-24 13:17:20,RT @LuciferusVAL: @DralienVAL @probablyxen Porta rispetto per mio fratello Xen che ti pullappiamo in 10 in Uni scemo di merda https://t.co/…,"['LuciferusVAL', 'DralienVAL', 'probablyxen']",[], Porta rispetto per mio fratello Xen che ti pullappiamo in 10 in Uni scemo di merda,140,83,16
2022-02-24 18:12:35,"@matteosalvinimi Baaasta! Non ti caga più nessuno. Ma nessuno dimentica la votazione di ieri, te lo possiamo assicurare. Falsi come la mer...a.
Impara a parlare senza sputare, buffone.",['matteosalvinimi'],[],"Baaasta! Non ti caga più nessuno. Ma nessuno dimentica la votazione di ieri, te lo possiamo assicurare. Falsi come la mer...a. Impara a parlare senza sputare, buffone.",184,167,27
2022-02-24 10:51:57,Penso che passerò la giornata a guardare LOL e Stasera tutto è Possibile....,[],[],Penso che passerò la giornata a guardare LOL e Stasera tutto è Possibile....,76,76,13
2022-02-25 06:48:04,RT @alainhoupert: Bravo cher @Villepin !,"['alainhoupert', 'Villepin']",[], Bravo cher !,40,13,3
2022-02-23 22:37:01,"@sdaamyl /le acaricia la cabezita 
Es un tierno uwu",['sdaamyl'],[],/le acaricia la cabezita Es un tierno uwu,51,41,8
2022-02-23 17:38:05,@FedericaNappi2 @mariofusco__ non è lui,"['FedericaNappi2', 'mariofusco__']",[],non è lui,39,9,3
2022-02-24 18:11:14,"@Tg3web niente, non si impara nulla dalla storia, cosa la studiamo a fare, hanno ragione i nostri figli!",['Tg3web'],[],"niente, non si impara nulla dalla storia, cosa la studiamo a fare, hanno ragione i nostri figli!",104,96,17
2022-02-24 20:50:20,@SrLebron se sintio chevere en carolina bella,['SrLebron'],[],se sintio chevere en carolina bella,45,35,6
2022-02-23 17:24:32,"CHIUSA LA PRIMA FASE

La prima fase del campionato si conclude con un altro referto rosa per la Coelsanus contro Valceresio nella sfida poco utile ai fini della classifica finale del girone che vede infatti i gialloblù già ...

Per l'articolo completo ⬇️⬇️
https://t.co/rUw7l8Jsoa https://t.co/tZEqiJS0Wd",[],[],CHIUSA LA PRIMA FASE La prima fase del campionato si conclude con un altro referto rosa per la Coelsanus contro Valceresio nella sfida poco utile ai fini della classifica finale del girone che vede infatti i gialloblù già ... Per l'articolo completo ⬇️⬇️,304,254,43
2022-02-24 11:19:24,"@Tommasolabate Giusto, fino ad oggi abbiamo scherzato. Io davvero non so come cazzo facciano a uscirvi dalla tastiera queste puttanate,",['Tommasolabate'],[],"Giusto, fino ad oggi abbiamo scherzato. Io davvero non so come cazzo facciano a uscirvi dalla tastiera queste puttanate,",135,120,19
2022-02-24 11:32:45,"Il Covid ha fatto capire a Putin di che pasta è fatta l’Europa, ammesso che non lo sapesse già",[],[],"Il Covid ha fatto capire a Putin di che pasta è fatta l’Europa, ammesso che non lo sapesse già",94,94,19
2022-02-24 18:46:28,"@DZAladan Esatto, sembra anche a me.",['DZAladan'],[],"Esatto, sembra anche a me.",36,26,5
2022-02-24 06:13:18,RT @lo_spiffero: In @regionepiemonte si predispone lo smantellamento dell'Unità di Crisi https://t.co/RKROtnDhK1,"['lo_spiffero', 'regionepiemonte']",[], In si predispone lo smantellamento dell'Unità di Crisi,112,55,8
2022-02-23 22:35:50,"RT @liberoanto: Chi me lo fa venire duro?

@Erlupoxo @BoysItalian @HottPornGay @sborratoio_ @Gayitalianvide1 @CockDevotion @nsfwprofile @ne…","['liberoanto', 'Erlupoxo', 'BoysItalian', 'HottPornGay', 'sborratoio_', 'Gayitalianvide1', 'CockDevotion', 'nsfwprofile']",[], Chi me lo fa venire duro? …,140,28,7
2022-02-24 11:50:42,RT @mywifekatia: il mio personalissimo Buongiorno 💋 https://t.co/8VMLteojFr,['mywifekatia'],[], il mio personalissimo Buongiorno 💋,75,35,5
2022-02-24 15:39:15,RT @stanzasingola2: cosa vuol dire un’altra sfilata?  https://t.co/8MkHeq4aLQ,['stanzasingola2'],[], cosa vuol dire un’altra sfilata?,77,33,5
2022-02-25 06:57:06,"RT @mauriziocanetta: #permattinieri🇺🇦🇷🇺Invasione russa, attacco a Kiev, 137 morti secondo gli ucraini, fuga in massa dal paese. Europa e US…",['mauriziocanetta'],['permattinieri']," permattinieri🇺🇦🇷🇺Invasione russa, attacco a Kiev, 137 morti secondo gli ucraini, fuga in massa dal paese. Europa e US…",140,119,18
2022-02-23 17:05:06,SCUSATE HO BISOGNO DI SAPERE QUESTA COSA PER LA MIA SANITÀ MENTALE E PER PREPARARMI PSICOLOGICAMENTE. MA STASERA LA FARANNO LA LB? #jeru,[],['jeru'],SCUSATE HO BISOGNO DI SAPERE QUESTA COSA PER LA MIA SANITÀ MENTALE E PER PREPARARMI PSICOLOGICAMENTE. MA STASERA LA FARANNO LA LB? jeru,136,135,23
2022-02-25 06:59:14,RT @alainhoupert: Bravo cher @Villepin !,"['alainhoupert', 'Villepin']",[], Bravo cher !,40,13,3
2022-02-24 10:46:07,"RT @_Nico_Piro_: Prima ipotesi, l'attacco russo fuori dal donbass serve a disabilitare la capacità militare ucraina cioè a prevenire una ri…",['_Nico_Piro_'],[]," Prima ipotesi, l'attacco russo fuori dal donbass serve a disabilitare la capacità militare ucraina cioè a prevenire una ri…",140,124,19
2022-02-24 12:17:05,"RT @itsmeback_: ""Ma è mai possibile
che ci si preoccupa dell'attacco russo all'Ucraina e non si tengono in conto i problemi di casa nostra?…",['itsmeback_'],[]," ""Ma è mai possibile che ci si preoccupa dell'attacco russo all'Ucraina e non si tengono in conto i problemi di casa nostra?…",140,125,22
2022-02-24 22:43:45,Ma poi con sta faccia cattiva lo dice #GFVIP,[],['GFVIP'],Ma poi con sta faccia cattiva lo dice GFVIP,44,43,9
2022-02-24 19:46:32,RT @SimoneMoriOff: I tetti colorati di #Kiev https://t.co/Dq1RoZgrXZ,['SimoneMoriOff'],['Kiev'], I tetti colorati di Kiev,68,25,5
2022-02-23 20:25:13,"RT @giovanniemara: Io non mi intendo di politica, sono un semplice cittadino, ma, da quello che vedo e sento x me l'unico che parla da vero…",['giovanniemara'],[]," Io non mi intendo di politica, sono un semplice cittadino, ma, da quello che vedo e sento x me l'unico che parla da vero…",140,122,24
2022-02-24 18:25:45,"RT @Katerina8988: @DKFCLithuania DIMASH NEW RELEASE - OKAY
 @dimash_official
#FlyAway
#DimashConcertDubai
#DimashNewSong
#DimashNewMV
🎶🎧🎶
E…","['Katerina8988', 'DKFCLithuania', 'dimash_official']","['FlyAway', 'DimashConcertDubai', 'DimashNewSong', 'DimashNewMV']", DIMASH NEW RELEASE - OKAY FlyAway DimashConcertDubai DimashNewSong DimashNewMV 🎶🎧🎶 E…,140,86,11
2022-02-23 21:10:16,"RT @Cambiacasacca: Ma la scena più bella nel bar del paesino di mio padre.
Ciro, 79 anni, detto ""la cisterna"" seduto al tavolo.
Giunge il n…",['Cambiacasacca'],[]," Ma la scena più bella nel bar del paesino di mio padre. Ciro, 79 anni, detto ""la cisterna"" seduto al tavolo. Giunge il n…",140,122,24
2022-02-24 19:45:54,"@frcphs @HuffPostItalia ah
e cosa ha risposto biden riguardo cina e india?? o la percentuale degli alliati dell'occidente? o anche il percentuale delle misure contro la russia??
il mondo d'ora in poi é bipolare. e cio dara benefisci a certi paesi di scegliere di stare o cambiare campo!","['frcphs', 'HuffPostItalia']",[],ah e cosa ha risposto biden riguardo cina e india?? o la percentuale degli alliati dell'occidente? o anche il percentuale delle misure contro la russia?? il mondo d'ora in poi é bipolare. e cio dara benefisci a certi paesi di scegliere di stare o cambiare campo!,286,262,46
2022-02-24 12:39:36,"La Russia è pronta a tenere negoziati con la leadership ucraina sul suo status neutrale e sulla promessa di non ospitare armi sul suo territorio: lo ha detto il portavoce del Cremlino, Dmitry Peskov, secondo quanto riporta Interfax.",[],[],"La Russia è pronta a tenere negoziati con la leadership ucraina sul suo status neutrale e sulla promessa di non ospitare armi sul suo territorio: lo ha detto il portavoce del Cremlino, Dmitry Peskov, secondo quanto riporta Interfax.",232,232,38
2022-02-24 01:41:58,@riotta In Italia se tutto va bene proiettando la bandiera al contrario.,['riotta'],[],In Italia se tutto va bene proiettando la bandiera al contrario.,72,64,11
2022-02-25 01:36:08,@miataylorfetus to brincando é giulia ne,['miataylorfetus'],[],to brincando é giulia ne,40,24,5
2022-02-23 19:52:05,"F1, Ferrari, Leclerc: ""Sensazioni positive ma non guardiamo i tempi"" https://t.co/EWBpYhIHFR",[],[],"F1, Ferrari, Leclerc: ""Sensazioni positive ma non guardiamo i tempi""",92,68,10
2022-02-23 22:17:03,"@orcodiio Io 🤝 cercare una persona che mi ami per ciò che sono e non per il mio fisico...

Si sono dannatamente cogliona.",['orcodiio'],[],Io 🤝 cercare una persona che mi ami per ciò che sono e non per il mio fisico... Si sono dannatamente cogliona.,121,110,22
2022-02-25 00:53:10,Alimentare:in E-R progetto per creare il pomodoro del futuro https://t.co/zYbAaLyFGE #Rimini #Notizie,[],"['Rimini', 'Notizie']",Alimentare:in E-R progetto per creare il pomodoro del futuro Rimini Notizie,101,75,11
2022-02-23 22:07:30,la tangenziale mi viene da piangere #theseabeyond,[],['theseabeyond'],la tangenziale mi viene da piangere theseabeyond,49,48,7
2022-02-23 17:04:39,"Ditemi che è meglio il rotuleo del collaterale, vi prego ditemi che è così!

#KaioJorge #Juve",[],"['KaioJorge', 'Juve']","Ditemi che è meglio il rotuleo del collaterale, vi prego ditemi che è così! KaioJorge Juve",93,90,16
2022-02-24 09:57:03,"RT @SemplicementeMM: @mengonimarco Grazie Marco, è stato un piacere ascoltarvi","['SemplicementeMM', 'mengonimarco']",[]," Grazie Marco, è stato un piacere ascoltarvi",78,44,7
2022-02-23 20:40:11,"Io tri vaccinato per scelta personale e libera.
E da uomo libero dico:” TOGLIETE LA MASCHERINA ED IL #greenpass.
Chiuso.
#controcorrente",[],"['greenpass', 'controcorrente']",Io tri vaccinato per scelta personale e libera. E da uomo libero dico:” TOGLIETE LA MASCHERINA ED IL greenpass. Chiuso. controcorrente,136,134,21
2022-02-24 17:39:38,@xhugmematt che è succ?,['xhugmematt'],[],che è succ?,23,11,3
2022-02-23 17:49:50,"RT @ROSARIA80334531: Il privilegio di un anno in più 
Oggi offro io 🥂🥂🎶🎉🎊 https://t.co/tpO6BzWp7b",['ROSARIA80334531'],[], Il privilegio di un anno in più Oggi offro io 🥂🥂🎶🎉🎊,97,52,11
2022-02-23 20:34:53,RT @TV2000it: #Ucraina #Kiev chiede lo stato d’emergenza e mobilita i riservisti. La #Russia lancia nuove minacce e allontana il dialogo co…,['TV2000it'],"['Ucraina', 'Kiev', 'Russia']", Ucraina Kiev chiede lo stato d’emergenza e mobilita i riservisti. La Russia lancia nuove minacce e allontana il dialogo co…,140,124,20
2022-02-23 17:46:08,"#F1 Si può sorridere in casa Ferrari al termine del day-1: si è ancora all'inizio di un percorso, ma i segnali sono buoni e le famose ""branchie"" sono già state riprese da tutti, Mercedes e Red Bull comprese...#day1 #Barcelona

https://t.co/sa6PoguLDp",[],"['F1', 'day1', 'Barcelona']","F1 Si può sorridere in casa Ferrari al termine del day-1: si è ancora all'inizio di un percorso, ma i segnali sono buoni e le famose ""branchie"" sono già state riprese da tutti, Mercedes e Red Bull comprese...day1 Barcelona",250,222,39
2022-02-24 05:18:27,"RT @patuc12: Nei nostri sogni siamo in grado di volare...e forse questo
è un ricordo di come siamo stati pensati per essere.
Madeleine Engl…",['patuc12'],[], Nei nostri sogni siamo in grado di volare...e forse questo è un ricordo di come siamo stati pensati per essere. Madeleine Engl…,140,128,22
2022-02-23 22:26:46,@PandArancio PARTE LO STESSOOOO https://t.co/gJXZka75GM,['PandArancio'],[],PARTE LO STESSOOOO,55,18,3
2022-02-24 02:25:39,"RT @RadioRadioWeb: ""Il sistema immunitario è talmente depresso dopo la terza dose e ancora di più dopo la quarta che è come se si fosse pre…",['RadioRadioWeb'],[]," ""Il sistema immunitario è talmente depresso dopo la terza dose e ancora di più dopo la quarta che è come se si fosse pre…",140,122,24
2022-02-24 19:16:36,"@Ubiklandia @intuslegens Appunto perché non è nella NATO, gli Stati Uniti dovrebbero pensare ai loro problemi. Credo sia la prima ""guerra"" che non cominciano loro. 
Sono un cancro. E il problema è che se ingeriscono troppo nella contesa, USA e NATO dovranno fare i conti con CINA e COREA del nord.","['Ubiklandia', 'intuslegens']",[],"Appunto perché non è nella NATO, gli Stati Uniti dovrebbero pensare ai loro problemi. Credo sia la prima ""guerra"" che non cominciano loro. Sono un cancro. E il problema è che se ingeriscono troppo nella contesa, USA e NATO dovranno fare i conti con CINA e COREA del nord.",297,271,49
2022-02-25 06:43:35,RT @MassimoMalvest1: Quelli che ci impediscono di lavorare e imposto l'apartheid sono in tv a parlare di libertà per l'Ucraina. https://t.c…,['MassimoMalvest1'],[], Quelli che ci impediscono di lavorare e imposto l'apartheid sono in tv a parlare di libertà per l'Ucraina.,140,107,18
2022-02-23 20:11:45,Raga ma mi ero scordata che c'è ancora il biglietto di ritornooooo forse ce l'ha Dave! #jerù,[],['jerù'],Raga ma mi ero scordata che c'è ancora il biglietto di ritornooooo forse ce l'ha Dave! jerù,92,91,17
2022-02-23 21:12:48,la mia é messa peggio pero,[],[],la mia é messa peggio pero,26,26,6
2022-02-24 07:00:11,”positive☆dance time” by kinoshita (nene solo) https://t.co/WodvLfUlSA,[],[],”positive☆dance time” by kinoshita (nene solo),70,46,6
2022-02-24 12:29:29,devo proprio distrarmi da tutta questa situazione,[],[],devo proprio distrarmi da tutta questa situazione,49,49,7
2022-02-24 21:41:16,"RT @onordelvero2: “è una donna fantastica…mi sto avvicinando a lei, adoro passare del tempo con lei, parliamo e sto bene con lei e questo è…",['onordelvero2'],[]," “è una donna fantastica…mi sto avvicinando a lei, adoro passare del tempo con lei, parliamo e sto bene con lei e questo è…",140,123,23
2022-02-24 07:07:28,"L'unica cosa che la pandemia ha evidenziato è l'incapacità dei ns ministri dei quali #Speranza è certamente un ottimo rappresentante.....

https://t.co/UCOfmw1zy0",[],['Speranza'],L'unica cosa che la pandemia ha evidenziato è l'incapacità dei ns ministri dei quali Speranza è certamente un ottimo rappresentante.....,162,136,20
2022-02-24 21:25:49,"RT @Frances66296817: QUESTO POST PER CHI ANCORA LEGGE QUEL CESSO DI GIORNALE.
PUR DI ANDARE CONTRO DRAGHI E A FAVORE DI PUTIN NON SA CHE CA…",['Frances66296817'],[], QUESTO POST PER CHI ANCORA LEGGE QUEL CESSO DI GIORNALE. PUR DI ANDARE CONTRO DRAGHI E A FAVORE DI PUTIN NON SA CHE CA…,140,120,24
2022-02-24 18:25:10,"RT @NicolaPorro: Guerra in Ucraina, come finirà? Ecco tre scenari possibili👇
https://t.co/ZWSxyGL3z8",['NicolaPorro'],[]," Guerra in Ucraina, come finirà? Ecco tre scenari possibili👇",100,60,9
2022-02-24 16:28:55,RT @valeangelsback: I camionisti in protesta per il caro carburanti e per il super green pass bloccano il porto di Ravenna. https://t.co/ok…,['valeangelsback'],[], I camionisti in protesta per il caro carburanti e per il super green pass bloccano il porto di Ravenna.,140,104,19
2022-02-24 20:50:27,JWDFHIORJFOIHWE NECESITO,[],[],JWDFHIORJFOIHWE NECESITO,24,24,2
2022-02-25 02:07:26,Mancano solo 190 euro ! La verità deve  uscire per forza ! Forza #jeru #jessvip #gfvip,[],"['jeru', 'jessvip', 'gfvip']",Mancano solo 190 euro ! La verità deve uscire per forza ! Forza jeru jessvip gfvip,86,82,16
2022-02-24 09:01:58,"Se non si hanno gli strumenti per parlare, allora forse il silenzio e la soluzione migliore. Notizie vere direttamente dall’Ucraina mischiate a meme. Questo posto oggi è il degrado vero",[],[],"Se non si hanno gli strumenti per parlare, allora forse il silenzio e la soluzione migliore. Notizie vere direttamente dall’Ucraina mischiate a meme. Questo posto oggi è il degrado vero",185,185,30
2022-02-24 17:34:04,RT @GeopoliticalCen: Chernobyl è sotto il controllo delle forze militari russe,['GeopoliticalCen'],[], Chernobyl è sotto il controllo delle forze militari russe,78,58,9
2022-02-25 00:26:12,RT @Silvia18036649: Cotto🥺🥰 #gfvip #miriagio,['Silvia18036649'],"['gfvip', 'miriagio']", Cotto🥺🥰 gfvip miriagio,44,23,3
2022-02-24 15:34:11,"🔵 #Sciopero : sindacati, domani nuovo stop nazionale bus e metro 

Nelle principali città si terranno presidi per sollecitare il confronto per sbloccare la trattativa di rinnovo del #contratto.

Leggi il comunicato completo: https://t.co/ItMUvOk5id https://t.co/pVFWzMt2c2",[],"['Sciopero', 'contratto']","🔵 Sciopero : sindacati, domani nuovo stop nazionale bus e metro Nelle principali città si terranno presidi per sollecitare il confronto per sbloccare la trattativa di rinnovo del contratto. Leggi il comunicato completo:",272,219,33
2022-02-24 14:52:19,RT @blvssomdiary: Cosmary che recupera il telefono cantando povero gabbiano la mia vita è completa https://t.co/mw0ANBKsdt,['blvssomdiary'],[], Cosmary che recupera il telefono cantando povero gabbiano la mia vita è completa,122,81,13
2022-02-24 01:53:29,"Questo concetto. 
All'epoca mi tremava ancora il culo al pensiero che in casa c'era ancora Basciano che era di troppo.
#jerú #jessvip",[],"['jerú', 'jessvip']",Questo concetto. All'epoca mi tremava ancora il culo al pensiero che in casa c'era ancora Basciano che era di troppo. jerú jessvip,133,130,22
2022-02-24 19:10:46,"@Malcontenta1 Per me non esce nessuno, vogliono solo farli strizzare un po'. E occupare dei DT, perché sia mai che ci facciano vedere quello che vogliamo",['Malcontenta1'],[],"Per me non esce nessuno, vogliono solo farli strizzare un po'. E occupare dei DT, perché sia mai che ci facciano vedere quello che vogliamo",153,139,25
2022-02-24 18:19:38,Tavola Pace Cremona mobilitazione UCRAINA: FERMIAMO LA GUERRA! 26/2 ore 11.30 https://t.co/mBVyJ7Mtv4 via @WelfareNetwork,['WelfareNetwork'],[],Tavola Pace Cremona mobilitazione UCRAINA: FERMIAMO LA GUERRA! 26/2 ore 11.30 via,121,81,12
2022-02-24 20:34:27,RT @callmeesaraa: SE CI SIETE BATTETE UN COLPO https://t.co/QdMRm4YPxe,['callmeesaraa'],[], SE CI SIETE BATTETE UN COLPO,70,29,6
2022-02-24 12:05:15,"rientrare e  finire in ospedale con una polmonite virale bilaterale, 40 gg di ospedale e altrettanti di cure a casa.
Questo è solo uno dei tanti teatri di guerra in cui è andato.
Li odio tutti.
Odio i potenti che giocano con la vita degli innocenti.

#RussiaUkarineConflict",[],['RussiaUkarineConflict'],"rientrare e finire in ospedale con una polmonite virale bilaterale, 40 gg di ospedale e altrettanti di cure a casa. Questo è solo uno dei tanti teatri di guerra in cui è andato. Li odio tutti. Odio i potenti che giocano con la vita degli innocenti. RussiaUkarineConflict",273,270,47
2022-02-23 22:45:01,Dopo stasera i miracoli esistono...... #MichelleImpossible,[],['MichelleImpossible'],Dopo stasera i miracoli esistono...... MichelleImpossible,58,57,6
2022-02-23 20:00:26,@barbarab1974 Ma quanto sei invidiosa cara barbi,['barbarab1974'],[],Ma quanto sei invidiosa cara barbi,48,34,6
2022-02-24 12:51:51,No future in unison.,[],[],No future in unison.,20,20,4
2022-02-24 08:20:26,RT @BaroneZaza70: @dianadep1 @ejlazar @1Atsuhimerose2 @marmelyr @neblaruz @angelicadisogno @ampomata @BrindusaB1 @Spiros209 @peac4love @djo…,"['BaroneZaza70', 'dianadep1', 'ejlazar', '1Atsuhimerose2', 'marmelyr', 'neblaruz', 'angelicadisogno', 'ampomata', 'BrindusaB1', 'Spiros209', 'peac4love']",[], …,140,2,1
2022-02-24 09:06:46,"ELDEN RING è uno dei giochi più recensiti della storia, L'attesa e l'hype erano veramente tanti e a quanto pare, guardando le recensioni, ELDEN RING non delude affatto.  #bandainamco #eldenring #main

https://t.co/LzcWh4wp9E https://t.co/hAFB2oHOJB",[],"['bandainamco', 'eldenring', 'main']","ELDEN RING è uno dei giochi più recensiti della storia, L'attesa e l'hype erano veramente tanti e a quanto pare, guardando le recensioni, ELDEN RING non delude affatto. bandainamco eldenring main",248,195,31
2022-02-23 22:10:16,RT @hrtvshells: purtroppo anche oggi super disperata 🕯🕯🕯 https://t.co/hj53s1tQYR,['hrtvshells'],[], purtroppo anche oggi super disperata 🕯🕯🕯,80,41,6
2022-02-25 06:57:48,"RT @Paolo_Tumolo: La stampa italiana in un video.

Il @tg2rai, durante un servizio sull'#Ucraina, manda in onda le immagini prese dal video…","['Paolo_Tumolo', 'tg2rai']",['Ucraina']," La stampa italiana in un video. Il , durante un servizio sull'Ucraina, manda in onda le immagini prese dal video…",140,114,20
2022-02-25 04:40:23,RT @aAnnanka: La comunità di sant'Egidio fa le veglie di preghiere per la pace e poi lascia i  clochard a morire di freddo perché sprovvist…,['aAnnanka'],[], La comunità di sant'Egidio fa le veglie di preghiere per la pace e poi lascia i clochard a morire di freddo perché sprovvist…,140,126,23
2022-02-24 23:55:23,@stopconinomi ❤️ E come sempre cogli momenti significativi,['stopconinomi'],[],❤️ E come sempre cogli momenti significativi,58,44,7
2022-02-25 00:57:53,C’è anche il resto del tavolo ma la luce era brutta 😬 https://t.co/eHzTdY0US8,[],[],C’è anche il resto del tavolo ma la luce era brutta 😬,77,53,12
2022-02-24 16:45:41,ma porcodio la tentazione di mandarglielo.,[],[],ma porcodio la tentazione di mandarglielo.,42,42,6
2022-02-23 19:29:25,"RT @RobertaFinizio: Alcune volte viene propio da chiederti se la dimensione dove vivi sia la stessa dove abitano gli altri. 
#comeTuttiGliA…",['RobertaFinizio'],[], Alcune volte viene propio da chiederti se la dimensione dove vivi sia la stessa dove abitano gli altri. comeTuttiGliA…,140,119,19
2022-02-23 19:26:30,"@Iooneylupin Oh, e che devi farmi vedere? :)",['Iooneylupin'],[],"Oh, e che devi farmi vedere? :)",44,31,7
2022-02-24 21:40:44,"Sergione nostro intanto ha convocato una riunione del consiglio supremo di difesa.
mo sì che Putin se caca sotto…",[],[],Sergione nostro intanto ha convocato una riunione del consiglio supremo di difesa. mo sì che Putin se caca sotto…,113,113,19
2022-02-24 20:22:41,RT @MinoErraiola: Incredibile come sti nullafacenti trovino qualsiasi scusa pur di non andare a scuola https://t.co/TADKcIlODX,['MinoErraiola'],[], Incredibile come sti nullafacenti trovino qualsiasi scusa pur di non andare a scuola,126,85,13
2022-02-24 14:27:37,RT @RaiRadio2: «Pensare verde non è solo necessario ma anche conveniente. Complimenti a @caterpillarrai per il suo impegno nella sostenibil…,"['RaiRadio2', 'caterpillarrai']",[], «Pensare verde non è solo necessario ma anche conveniente. Complimenti a per il suo impegno nella sostenibil…,140,110,17
2022-02-24 01:55:30,Esaurimento …. A questo ci portate ….. lezione di geografia alle 02:55 ma si può ?! 😂😂#jeru,[],['jeru'],Esaurimento …. A questo ci portate ….. lezione di geografia alle 02:55 ma si può ?! 😂😂jeru,91,90,17
2022-02-24 22:44:19,Adorooo finalmente un video con questa canzone 🥰🥰🥰 SEI TU❤️ #prelemi,[],['prelemi'],Adorooo finalmente un video con questa canzone 🥰🥰🥰 SEI TU❤️ prelemi,68,67,11
2022-02-24 15:55:51,"RT @Lu_181905087: L'amore andrà oltre le vostre inutili guerre.
#RussiaUkraineConflict
#StopWar https://t.co/4GAiT4Hp8S",['Lu_181905087'],"['RussiaUkraineConflict', 'StopWar']", L'amore andrà oltre le vostre inutili guerre. RussiaUkraineConflict StopWar,119,76,9
2022-02-25 06:14:08,@jooncoeur la amo tanto basta,['jooncoeur'],[],la amo tanto basta,29,18,4
2022-02-24 02:02:06,"Sophie e Lulu che suggeriscono a Jess di cosa parlare con Baru e la fanno ridere.
La vera solidarietà femminile di questo programma.
#jeru #jessvip https://t.co/92WKbI2qRH",[],"['jeru', 'jessvip']",Sophie e Lulu che suggeriscono a Jess di cosa parlare con Baru e la fanno ridere. La vera solidarietà femminile di questo programma. jeru jessvip,171,145,25
2022-02-24 09:22:31,RT @Giovanna88gajdu: In Ucraina biolab USA/alleati. Russia sta abbattendo lab di armi batteriologiche NATO con il sostegno della Cina.,['Giovanna88gajdu'],[], In Ucraina biolab USA/alleati. Russia sta abbattendo lab di armi batteriologiche NATO con il sostegno della Cina.,134,114,17
2022-02-24 23:18:20,RT @MimmoAdinolfi: Attenzione qui potrebbe svoltare davvero tutto https://t.co/hgs6MsOayd,['MimmoAdinolfi'],[], Attenzione qui potrebbe svoltare davvero tutto,89,47,6
2022-02-24 11:47:45,Io dopo aver letto le news stamattina. https://t.co/JS72ISA9U9,[],[],Io dopo aver letto le news stamattina.,62,38,7
2022-02-23 23:04:32,"Vedi, tutto questo tempo passato che ormai è il mio passato, non è mai passato",[],[],"Vedi, tutto questo tempo passato che ormai è il mio passato, non è mai passato",78,78,15
2022-02-23 20:38:12,"RT @enzoben43: Il ministro degli Esteri russo che insulta il nostro Di Maio dandogli
del turista digiuno dei rudimenti diplomatici schiaffe…",['enzoben43'],[], Il ministro degli Esteri russo che insulta il nostro Di Maio dandogli del turista digiuno dei rudimenti diplomatici schiaffe…,140,126,19
2022-02-24 21:24:14,"RT @FrancescaBB3: Jessica non è timida, è una cazzo di DONNA con la D maiuscola e non una ragazzina che si butta su un tipo sempre e comunq…",['FrancescaBB3'],[]," Jessica non è timida, è una cazzo di DONNA con la D maiuscola e non una ragazzina che si butta su un tipo sempre e comunq…",140,123,26
2022-02-25 00:07:10,"RT @sxjeru: ""Per quello che ne so, non è mai stata mandata in onda""

PERCHÉ CENSURATE APPENA SI NOMINA QUELLA DONNA

#jerù",['sxjeru'],['jerù']," ""Per quello che ne so, non è mai stata mandata in onda"" PERCHÉ CENSURATE APPENA SI NOMINA QUELLA DONNA jerù",122,108,20
2022-02-24 17:54:23,"#Putin va arginato con ogni mezzo e va bloccato subito!
Domani sarà ancora più doloroso.
Voglio tranquillizzare i cagasotto estranei a questioni militari che, complessivamente, in uno scontro #NATO/#Russia la Federazione ne uscirebbe a pezzi e ciò a loro è assolutamente chiaro!",[],"['Putin', 'NATO', 'Russia']","Putin va arginato con ogni mezzo e va bloccato subito! Domani sarà ancora più doloroso. Voglio tranquillizzare i cagasotto estranei a questioni militari che, complessivamente, in uno scontro NATO/Russia la Federazione ne uscirebbe a pezzi e ciò a loro è assolutamente chiaro!",278,275,42
2022-02-24 23:54:17,La crisi ucraina e quel tifo da stadio (ancora) che non aiuta https://t.co/FF47KrjpE7,[],[],La crisi ucraina e quel tifo da stadio (ancora) che non aiuta,85,61,12
2022-02-24 01:08:53,"RT @Dylan8Dog: @redazioneiene vomitare ignoranza sulla gente, pretendendo che tutti rimangano ignoranti.
Il bitcoin è libertà, e la libertà…","['Dylan8Dog', 'redazioneiene']",[]," vomitare ignoranza sulla gente, pretendendo che tutti rimangano ignoranti. Il bitcoin è libertà, e la libertà…",140,111,16
2022-02-24 09:56:01,"STN #76 - I campioni investono in isole virtuali 🏝 

Non perderti la mia ultima newsletter:
https://t.co/m9LDFSjoIr https://t.co/m3qbBbUye6",[],[],STN 76 - I campioni investono in isole virtuali 🏝 Non perderti la mia ultima newsletter:,139,88,16
2022-02-25 04:46:33,@Ipanema_501 @defichain @cakedefi @BittrexExchange @kucoincom Finanza decentralizzata con $DFI su #DeFiChain tramite #cakedefi. È un gioco da ragazzi. #RoadTo50,"['Ipanema_501', 'defichain', 'cakedefi', 'BittrexExchange', 'kucoincom']","['DeFiChain', 'cakedefi', 'RoadTo50']",Finanza decentralizzata con $DFI su DeFiChain tramite cakedefi. È un gioco da ragazzi. RoadTo50,160,95,14
2022-02-24 17:16:59,"@JesseeR6 @CyanR6S Bro le basi, in questo momento devi warmupparti su Kafè","['JesseeR6', 'CyanR6S']",[],"Bro le basi, in questo momento devi warmupparti su Kafè",74,55,10
2022-02-24 19:41:12,"RT @innomedeltrash: cantano ""con il nastro rosa"" e io piango https://t.co/2V50gibk1W
#jeru",['innomedeltrash'],['jeru']," cantano ""con il nastro rosa"" e io piango jeru",90,46,9
2022-02-24 16:38:52,"RT @intuslegens: #Draghi che fa la voce grossa con #Putin.
Dopo aver affossato l'economia italiana con abnormi restrizioni pandemiche, ora…",['intuslegens'],"['Draghi', 'Putin']"," Draghi che fa la voce grossa con Putin. Dopo aver affossato l'economia italiana con abnormi restrizioni pandemiche, ora…",139,121,18
2022-02-25 07:51:29,"@giuseppe_cesari @TgLa7 @EsercitoCrucian Sono d'accordo, probabilmente sono schierati per ricevere  la povera gente che fugge dalla guerra.","['giuseppe_cesari', 'TgLa7', 'EsercitoCrucian']",[],"Sono d'accordo, probabilmente sono schierati per ricevere la povera gente che fugge dalla guerra.",139,97,14
2022-02-24 22:51:14,@GrandeFratello Finalmente ce la siamo tolta dalle p... Infame fino alla fine,['GrandeFratello'],[],Finalmente ce la siamo tolta dalle p... Infame fino alla fine,77,61,11
2022-02-24 12:01:06,@pamsworth_ È andato a cantare povero gabbiano in patria 😂,['pamsworth_'],[],È andato a cantare povero gabbiano in patria 😂,58,46,9
2022-02-25 02:53:45,"RT @maroto_mari: kavvo, te amo",['maroto_mari'],[]," kavvo, te amo",30,14,3
2022-02-24 19:05:33,"ON AIR - Lucariello: ""Maradona aveva un legame fortissimo con Napoli"" https://t.co/1K6SU35zSX",[],[],"ON AIR - Lucariello: ""Maradona aveva un legame fortissimo con Napoli""",93,69,11
2022-02-23 21:43:52,"RT @wireditalia: Dall'alta carica virale alla presenza di auto-anticorpi diretti contro il nostro stesso organismo, dal virus della mononuc…",['wireditalia'],[]," Dall'alta carica virale alla presenza di auto-anticorpi diretti contro il nostro stesso organismo, dal virus della mononuc…",140,124,17
2022-02-24 22:20:11,"RT @RWBDTrashtalker: Se agapo re alani! @ShaqInTheBox
🟥⬜ #OLYAXM https://t.co/gAxC9BIPlb","['RWBDTrashtalker', 'ShaqInTheBox']",['OLYAXM'], Se agapo re alani! 🟥⬜ OLYAXM,88,29,6
2022-02-24 19:21:04,"Oggi prima s'è offesa la matrona poi Elon Musk, l'azienda scuole medie dc https://t.co/cHvIza44xw",[],[],"Oggi prima s'è offesa la matrona poi Elon Musk, l'azienda scuole medie dc",97,73,13
2022-02-24 18:59:29,"RT @GioChirilly: Tiggì: neanche una parola sul Covid. Non gli frega più niente dei positivi e morti.
Ora solo missili.
Cialtroni",['GioChirilly'],[], Tiggì: neanche una parola sul Covid. Non gli frega più niente dei positivi e morti. Ora solo missili. Cialtroni,128,112,19
2022-02-24 15:35:53,RT @nonsinominabrun: E IO COME DOVREI ASPETTARE FINO A DOMANI? #Amici21,['nonsinominabrun'],['Amici21'], E IO COME DOVREI ASPETTARE FINO A DOMANI? Amici21,71,50,9
2022-02-25 00:31:50,@zpollastra tutti tatuaggi piccoli sono belli sulle ragazze,['zpollastra'],[],tutti tatuaggi piccoli sono belli sulle ragazze,59,47,7
2022-02-25 07:48:36,@CloudsInClod @Ladyshadow1985 @Defcon1979 @eleonmars @AnnaToniolo @Papaverargemo @MissAntropa666 @Ale_CNCC @AntoLello2 @vodka_revolver Ho una mia personale convinzione: più della metà delle persone che scrivono sull’Ucraina non saprebbero collocarla sul mappamondo manco se fosse evidenziata al neon.,"['CloudsInClod', 'Ladyshadow1985', 'Defcon1979', 'eleonmars', 'AnnaToniolo', 'Papaverargemo', 'MissAntropa666', 'Ale_CNCC', 'AntoLello2', 'vodka_revolver']",[],Ho una mia personale convinzione: più della metà delle persone che scrivono sull’Ucraina non saprebbero collocarla sul mappamondo manco se fosse evidenziata al neon.,300,165,24
2022-02-24 18:25:13,"RT @Ylenz_: Barù a Jess: “stavo preparando il tuo impasto prima, è sempre più importante.”

 #jeru https://t.co/dDoxVt1t3B",['Ylenz_'],['jeru']," Barù a Jess: “stavo preparando il tuo impasto prima, è sempre più importante.” jeru",122,84,14
2022-02-24 15:58:32,"RT @frankgabbani: A maggio 2017 mi trovavo a Kiev per l’Eurovision song Contest con Occidentali’s Karma. 
Mai come adesso le parole “L’evol…",['frankgabbani'],[], A maggio 2017 mi trovavo a Kiev per l’Eurovision song Contest con Occidentali’s Karma. Mai come adesso le parole “L’evol…,140,122,20
2022-02-24 16:59:25,"RT @taekookceo: Ho bisogno di un immenso aiuto, mi servono i soldi per potermi ricomprare il telefono che mi è stato rubato nella metro di…",['taekookceo'],[]," Ho bisogno di un immenso aiuto, mi servono i soldi per potermi ricomprare il telefono che mi è stato rubato nella metro di…",139,124,23
2022-02-24 19:30:47,"Fate capire ad un'ignorante: 
a #Putin tagliano i fondi e infliggono sanzioni;
lui allora ci taglia il gas; 
parte una lotta a chi ce l'ha più lungo, e intanto la gente muore (BAMBINI INCLUSI brutte teste di c*)? 
#RussiaUkraineConflict #RussiaUkraine #RussiaUcrania",[],"['Putin', 'RussiaUkraineConflict', 'RussiaUkraine', 'RussiaUcrania']","Fate capire ad un'ignorante: a Putin tagliano i fondi e infliggono sanzioni; lui allora ci taglia il gas; parte una lotta a chi ce l'ha più lungo, e intanto la gente muore (BAMBINI INCLUSI brutte teste di c*)? RussiaUkraineConflict RussiaUkraine RussiaUcrania",266,259,41
2022-02-24 08:33:09,@tanadineve Un paese che se ne sbatte il cazzo delle sanzioni perché ha la Cina e gli ex URRS come partner commerciali e dall'altro lato un'Europa che manda le persone a parlare di pace e a farsi ridere in faccia.,['tanadineve'],[],Un paese che se ne sbatte il cazzo delle sanzioni perché ha la Cina e gli ex URRS come partner commerciali e dall'altro lato un'Europa che manda le persone a parlare di pace e a farsi ridere in faccia.,213,201,39
2022-02-24 22:55:58,@mrs_winch sono molto debole,['mrs_winch'],[],sono molto debole,28,17,3
2022-02-24 10:15:22,@MarzianoAnsioso Sì. La guerra c'era prima anche in altre regioni del mondo.,['MarzianoAnsioso'],[],Sì. La guerra c'era prima anche in altre regioni del mondo.,76,59,11
2022-02-23 19:20:37,"RT @valy_s: #Farinetti “gli altri Paesi sono andati avanti, qua #COVID19 sembra diventato un’alibi. Qua c’è questa FOTTUTA PAURA alimentata…",['valy_s'],"['Farinetti', 'COVID19']"," Farinetti “gli altri Paesi sono andati avanti, qua COVID19 sembra diventato un’alibi. Qua c’è questa FOTTUTA PAURA alimentata…",140,127,18
2022-02-24 21:28:07,"Ecco una playlist per te… Bon Iver @Villafranca - 17/7/2019 di h876co838qukuq8gbekmzz31c
https://t.co/VQ4F5IA4jp",['VILLAFRANCA'],[],Ecco una playlist per te… Bon Iver - 17/7/2019 di h876co838qukuq8gbekmzz31c,112,75,11
2022-02-24 17:41:03,"RT @boni_castellane: I cittadini italiani sono mogli picchiate ogni giorno che dicono ""lui lo fa perché mi vuole bene"".",['boni_castellane'],[]," I cittadini italiani sono mogli picchiate ogni giorno che dicono ""lui lo fa perché mi vuole bene"".",119,99,17
2022-02-24 14:16:20,RT @dany_gone: va bene tutto ma non voglio morire vergine 🤙🏼,['dany_gone'],[], va bene tutto ma non voglio morire vergine 🤙🏼,60,46,9
2022-02-24 14:28:06,"il tuo amico il tuo nemico tu, la stessa persona",[],[],"il tuo amico il tuo nemico tu, la stessa persona",48,48,10
2022-02-24 21:36:31,RT @parenellatasca: come si chiama quando vuoi andare a dormire perché hai l’urgente bisogno di spegnere i pensieri?,['parenellatasca'],[], come si chiama quando vuoi andare a dormire perché hai l’urgente bisogno di spegnere i pensieri?,116,97,16
2022-02-23 17:25:13,RT @ultimenotizie: Un'invasione russa dell'#Ucraina potrebbe causare fino a cinque milioni di sfollati. Lo ha affermato l'ambasciatrice ame…,['ultimenotizie'],['Ucraina'], Un'invasione russa dell'Ucraina potrebbe causare fino a cinque milioni di sfollati. Lo ha affermato l'ambasciatrice ame…,140,121,16
2022-02-23 18:48:36,Baru sta nero ha detto che si deve sfogare,[],[],Baru sta nero ha detto che si deve sfogare,42,42,9
2022-02-23 21:20:41,@LudoNotValli Ciao ti posso chiedere una cosa se posso???,['LudoNotValli'],[],Ciao ti posso chiedere una cosa se posso???,57,43,8
2022-02-24 22:41:17,@EsmeRose1995 @billy_bunnie @secretsophia28 Siii tesoro mi piacerebbe tantissimo,"['EsmeRose1995', 'billy_bunnie', 'secretsophia28']",[],Siii tesoro mi piacerebbe tantissimo,80,36,5
2022-02-23 18:04:19,RT @melwoodcult: che cuori che sono davide e fra lo ripeterò all'infinito 🥺,['melwoodcult'],[], che cuori che sono davide e fra lo ripeterò all'infinito 🥺,75,59,11
2022-02-24 11:14:09,Non ci credo https://t.co/iNCX00KS4j,[],[],Non ci credo,36,12,3
2022-02-24 00:45:45,"AAAAA SO CUTEEE AAA JENNIE TE AMO
 https://t.co/OWNr8dON0v",[],[],AAAAA SO CUTEEE AAA JENNIE TE AMO,58,33,7
2022-02-23 20:28:47,"RT @vanabeau: Solo noi italiani possiamo prendere in giro #DiMaio.
A Mosca non si devono permettere!",['vanabeau'],['DiMaio'], Solo noi italiani possiamo prendere in giro DiMaio. A Mosca non si devono permettere!,100,86,14
2022-02-24 17:08:48,RT @Walter32099227: @LaNotiziaTweet Al Conte2 sul Mes il PD stava con Conte e adesso sta con Italia viva! E hanno il coraggio di dire al mo…,"['Walter32099227', 'LaNotiziaTweet']",[], Al Conte2 sul Mes il PD stava con Conte e adesso sta con Italia viva! E hanno il coraggio di dire al mo…,140,105,23
2022-02-25 02:32:38,RT @pbecchi: I no vax del futuro sono i russi. Trattati come aggressori quando sono gli aggrediti. L’aggressore non è chi spara il primo co…,['pbecchi'],[], I no vax del futuro sono i russi. Trattati come aggressori quando sono gli aggrediti. L’aggressore non è chi spara il primo co…,140,128,23
2022-02-24 14:13:08,"Altro giro, altro giocatore che fa la migliore prestazione degli ultimi 6 mesi.

Hurckacz non tirava fuori una prestazione così da Miami",[],[],"Altro giro, altro giocatore che fa la migliore prestazione degli ultimi 6 mesi. Hurckacz non tirava fuori una prestazione così da Miami",136,135,22
2022-02-24 14:47:11,@Agenzia_Italia @sandrogozi @masechi Chissà perché non ne sono stupito…,"['Agenzia_Italia', 'sandrogozi', 'masechi']",[],Chissà perché non ne sono stupito…,71,34,6
2022-02-24 19:08:19,"Alzati dai quel cazzo di divano
e vai a realizzare il tuo sogno🔥",[],[],Alzati dai quel cazzo di divano e vai a realizzare il tuo sogno🔥,64,64,13
2022-02-24 18:58:40,"RT @RaffaAngela: E’ difficile parlare di cosa si fa a Roma, mentre scoppia una guerra e muoiono vittime innocenti (persone che mai hanno pr…",['RaffaAngela'],[]," E’ difficile parlare di cosa si fa a Roma, mentre scoppia una guerra e muoiono vittime innocenti (persone che mai hanno pr…",140,124,22
2022-02-24 17:40:47,"RT @SpagnaInItalia: Desideriamo portarti alla scoperta delle perle nascoste di #Spagna ✨

Oggi siamo a #SetenilDeLasBodegas, un borgo incre…",['SpagnaInItalia'],"['Spagna', 'SetenilDeLasBodegas']"," Desideriamo portarti alla scoperta delle perle nascoste di Spagna ✨ Oggi siamo a SetenilDeLasBodegas, un borgo incre…",140,118,17
2022-02-24 19:37:20,RT @Maria25760009: Allora abbiamo la Russia in conflitto con mezza Europa mentre la Cina vuole prendersi Taiwan COSA CAZZO STA SUCCEDENDO I…,['Maria25760009'],[], Allora abbiamo la Russia in conflitto con mezza Europa mentre la Cina vuole prendersi Taiwan COSA CAZZO STA SUCCEDENDO I…,140,122,20
2022-02-23 23:06:04,@meeafshjgkl È un Virus politico in Italia. I veri malati sono al comando. Una mandria di psicopatici filo LGBTQ,['meeafshjgkl'],[],È un Virus politico in Italia. I veri malati sono al comando. Una mandria di psicopatici filo LGBTQ,112,99,18
2022-02-24 12:06:17,"RT @dottorbarbieri: 🔴🔴⚠️⚠️ FLASH Ucraina, forze russe sfondano difese: si dirigono verso la Capitale Kiev.",['dottorbarbieri'],[]," 🔴🔴⚠️⚠️ FLASH Ucraina, forze russe sfondano difese: si dirigono verso la Capitale Kiev.",106,87,13
2022-02-24 22:13:04,"RT @___likedaylight: STASERA LULÚ E JESSICA LETTERALMENTE DELLE REGINE CHE ASFALTANO CON CLASSE E CAZZIMMA 

VI DOVETE SPAVENTAREEEEEE 🔥🔥🔥🔥…",['___likedaylight'],[], STASERA LULÚ E JESSICA LETTERALMENTE DELLE REGINE CHE ASFALTANO CON CLASSE E CAZZIMMA VI DOVETE SPAVENTAREEEEEE 🔥🔥🔥🔥…,140,118,17
2022-02-24 19:50:43,"@lenzifra02 @IleniaC80 @matteosalvinimi democratica, lol
torna su tik tok dai
anche su sovrana ci sarebbe da dire visto il referendum del 2014","['lenzifra02', 'IleniaC80', 'matteosalvinimi']",[],"democratica, lol torna su tik tok dai anche su sovrana ci sarebbe da dire visto il referendum del 2014",142,102,19
2022-02-25 01:12:28,"RT @_Bbitch_Please: Retweet con tag del @Codacons‼‼‼ È consapevole di meritarsi la SQUALIFICA‼‼
#jeru #fairylu #jessvip #miriangeles","['_Bbitch_Please', 'Codacons']","['jeru', 'fairylu', 'jessvip', 'miriangeles']", Retweet con tag del ‼‼‼ È consapevole di meritarsi la SQUALIFICA‼‼ jeru fairylu jessvip miriangeles,132,100,15
2022-02-24 18:07:35,"RT @salvospampinato: cerco ancora qualcosa 
che mi faccia sorridere, 

e questa è 
una buona notizia",['salvospampinato'],[]," cerco ancora qualcosa che mi faccia sorridere, e questa è una buona notizia",100,76,13
2022-02-24 23:38:51,Donate deve volare il prima possibile #jeru #miriangels #fairylulu #jessvip,[],"['jeru', 'miriangels', 'fairylulu', 'jessvip']",Donate deve volare il prima possibile jeru miriangels fairylulu jessvip,75,71,10
2022-02-24 12:21:23,"RT @Adnkronos: La stretta di mano tra #Trump e #Putin domina il web. Una domanda su tutte, tra gli utenti ""Cosa sarebbe successo con lui pr…",['Adnkronos'],"['Trump', 'Putin']"," La stretta di mano tra Trump e Putin domina il web. Una domanda su tutte, tra gli utenti ""Cosa sarebbe successo con lui pr…",140,124,24
2022-02-24 22:58:22,Ma questa come cazzo si spegne #jeru,[],['jeru'],Ma questa come cazzo si spegne jeru,36,35,7
2022-02-23 21:53:15,RT @Blackbery1978: Arriverà anche la dodicesima 💉💉😈😈,['Blackbery1978'],[], Arriverà anche la dodicesima 💉💉😈😈,52,34,5
2022-02-25 02:44:03,RT @2010Smeraldo: @ManfrediPotenti @LegaCamera @LegaSalvini @borghi_claudio @matteosalvinimi @AngeloCiocca @Storace @MolinariRik @maxromeoM…,"['2010Smeraldo', 'ManfrediPotenti', 'LegaCamera', 'LegaSalvini', 'borghi_claudio', 'matteosalvinimi', 'AngeloCiocca', 'Storace', 'MolinariRik']",[], …,140,2,1
2022-02-23 22:40:40,@meryHL13 Sono io AHAHAHAH,['meryHL13'],[],Sono io AHAHAHAH,26,16,3
2022-02-23 22:49:04,non ho un sogno nel cassetto l'unica cosa che ci va vicino é camminare per la valle di elliðaey e sdraiarmi sull erba,[],[],non ho un sogno nel cassetto l'unica cosa che ci va vicino é camminare per la valle di elliðaey e sdraiarmi sull erba,117,117,23
2022-02-25 00:16:54,"RT @Heavenisaplace7: #jerù #gfvip 

Lulù a Nathaly: ripetila la frase razzista che hai detto l'altro giorno se hai coraggio
N: vuoi fare la…",['Heavenisaplace7'],"['jerù', 'gfvip']", jerù gfvip Lulù a Nathaly: ripetila la frase razzista che hai detto l'altro giorno se hai coraggio N: vuoi fare la…,140,116,21
2022-02-23 21:41:16,"@AnnyPortilho Ice, é lost queimo o display",['AnnyPortilho'],[],"Ice, é lost queimo o display",42,28,6
2022-02-23 22:58:36,RT @deadghia: “no ma sto bene” e poi sei presa male un giorno sì e l’altro pure,['deadghia'],[], “no ma sto bene” e poi sei presa male un giorno sì e l’altro pure,79,66,15
2022-02-23 19:49:48,@gabriellarguez no le prestos suficiente atención a Ana JSJAKZJDJAJDJAJSJSJAJSJS,['gabriellarguez'],[],no le prestos suficiente atención a Ana JSJAKZJDJAJDJAJSJSJAJSJS,80,64,8
2022-02-24 14:04:52,@fIordeluna a quando pare non si sa…niente fidarsi è bene non fidarsi è meglio quindi…esultazione conclusa…perdonami 😞,['fIordeluna'],[],a quando pare non si sa…niente fidarsi è bene non fidarsi è meglio quindi…esultazione conclusa…perdonami 😞,118,106,16
2022-02-25 00:30:34,@DioBenedicaMe L mamma di SOLEIL dove è?,['DioBenedicaMe'],[],L mamma di SOLEIL dove è?,40,25,6
2022-02-24 08:22:06,"RT @ziomau: #Buongiorno per tutto il giorno ☀️
Non è una giornata serena, dobbiamo rimanere uniti nei valori fondamentali da affermare e di…",['ziomau'],['Buongiorno']," Buongiorno per tutto il giorno ☀️ Non è una giornata serena, dobbiamo rimanere uniti nei valori fondamentali da affermare e di…",140,128,21
2022-02-23 22:59:02,"RT @AvrilItalian: ""Ho scritto probabilmente 30 canzoni per questo album , e sento che sto per continuare. Il prossimo progetto che sento in…",['AvrilItalian'],[]," ""Ho scritto probabilmente 30 canzoni per questo album , e sento che sto per continuare. Il prossimo progetto che sento in…",140,123,21
2022-02-23 20:37:56,RT @MrtnG02: No raga il mio cuore non sta reggendo oggi https://t.co/TUI9N5oJ0V,['MrtnG02'],[], No raga il mio cuore non sta reggendo oggi,79,43,9
2022-02-24 18:47:17,il ribrezzo che mi fa questo uomo,[],[],il ribrezzo che mi fa questo uomo,33,33,7
2022-02-24 15:21:24,"@Foggiagrad Cioè, per una volta che non ti cacciano da twitter te ne vai tu? Dai no...",['Foggiagrad'],[],"Cioè, per una volta che non ti cacciano da twitter te ne vai tu? Dai no...",86,74,16
2022-02-23 16:31:16,Caro carburante: proteste da Taranto a Foggia dove è stato accoltellato uno dei manifestanti  https://t.co/VmBpO1L4ey,[],[],Caro carburante: proteste da Taranto a Foggia dove è stato accoltellato uno dei manifestanti,117,92,14
2022-02-24 12:00:32,Solidarietà al popolo Ucraino... https://t.co/qFKbmLPqB7,[],[],Solidarietà al popolo Ucraino...,56,32,4
2022-02-23 22:44:02,"RT @autocostruttore: La Ue nella morsa russo-cinese: il presente legato al gas di Mosca, il futuro ai pannelli solari cinesi
Ottima strateg…",['autocostruttore'],[]," La Ue nella morsa russo-cinese: il presente legato al gas di Mosca, il futuro ai pannelli solari cinesi Ottima strateg…",140,120,20
2022-02-23 16:59:49,RT @soleilstasiiii: Dite alle fan della Trevisan che chiedono la squalifica di nathaly che anche entrare in bagno in due e senza microfono…,['soleilstasiiii'],[], Dite alle fan della Trevisan che chiedono la squalifica di nathaly che anche entrare in bagno in due e senza microfono…,139,120,21
2022-02-24 20:35:59,RT @info_zampa: Twitter è pieno di anime belle che condannano Vlad il Terribile; sono gli stessi che o non hanno mai speso una parola di co…,['info_zampa'],[], Twitter è pieno di anime belle che condannano Vlad il Terribile; sono gli stessi che o non hanno mai speso una parola di co…,140,125,24
2022-02-24 09:06:37,"Cosa si prova a non capire mai niente e a dimostrarlo costantemente, puntuale come un orologio svizzero? Basta chiedere a Di Battista.
#RussiaUkraineConflict https://t.co/phoKPW4jLj",[],['RussiaUkraineConflict'],"Cosa si prova a non capire mai niente e a dimostrarlo costantemente, puntuale come un orologio svizzero? Basta chiedere a Di Battista. RussiaUkraineConflict",181,156,23
2022-02-24 20:23:11,"RT @AurelianoStingi: Sarò naif ma come si può volere una guerra dopo tutto quello che come umanità abbiamo passato dopo il Covid19. 
Non me…",['AurelianoStingi'],[], Sarò naif ma come si può volere una guerra dopo tutto quello che come umanità abbiamo passato dopo il Covid19. Non me…,140,119,22
2022-02-23 17:25:07,"RT @ITAedufin: ""Secondo il rapporto Comitato Edufin- Doxa, il 25% degli italiani dichiara di non avere obiettivi finanziari di medio-lungo…",['ITAedufin'],[]," ""Secondo il rapporto Comitato Edufin- Doxa, il 25% degli italiani dichiara di non avere obiettivi finanziari di medio-lungo…",139,125,18
2022-02-25 03:43:52,@SunLigth16 @Nxbuu_ Vos me lo relataste como un omegaversez Omega Omega Omega beta Omega,"['SunLigth16', 'Nxbuu_']",[],Vos me lo relataste como un omegaversez Omega Omega Omega beta Omega,88,68,12
2022-02-24 14:28:38,@fratotolo2 Una giornalista fa il suo lavoro in una zona di conflitto e tu da casa tua stai su twitter a scrivere questa roba? Io boh,['fratotolo2'],[],Una giornalista fa il suo lavoro in una zona di conflitto e tu da casa tua stai su twitter a scrivere questa roba? Io boh,133,121,25
2022-02-24 22:33:43,@conduselamello_ Mh secondo me si me lo sento un po’,['conduselamello_'],[],Mh secondo me si me lo sento un po’,52,35,9
2022-02-24 15:28:37,RT @pin_klo: gira sempre più questa brutta notizia.,['pin_klo'],[], gira sempre più questa brutta notizia.,51,39,6
2022-02-24 23:29:16,@in_incognit0 non vorrei dire ma sono nella classe dei madre lingua,['in_incognit0'],[],non vorrei dire ma sono nella classe dei madre lingua,67,53,10
2022-02-24 20:49:51,"RT @RaffoSarnataro: Stiamo abbuscando malamente contro il Barcellona, non fanno due passaggi di seguito, sono fissati con la costruzione da…",['RaffoSarnataro'],[]," Stiamo abbuscando malamente contro il Barcellona, non fanno due passaggi di seguito, sono fissati con la costruzione da…",140,121,18
2022-02-24 11:41:57,ho due compagni di classe rumeni di cui solo uno cittadino italiano. Le loro famiglie (che stanno ancora in romania) son state avvisate di stare attente perchè devono arruolarsi in caso di guerra e il cittadino non italiano ha ricevuto la notifica di doversi arruolare lui stesso-,[],[],ho due compagni di classe rumeni di cui solo uno cittadino italiano. Le loro famiglie (che stanno ancora in romania) son state avvisate di stare attente perchè devono arruolarsi in caso di guerra e il cittadino non italiano ha ricevuto la notifica di doversi arruolare lui stesso-,280,280,47
2022-02-25 07:54:40,"RT @GeorgeSpalluto: 40 mila dollari di multa per Zverev: 20 mila per ""verbal abuse"" e 20 per ""unsportsmanlike conduct"". Il massimo possibil…",['GeorgeSpalluto'],[]," 40 mila dollari di multa per Zverev: 20 mila per ""verbal abuse"" e 20 per ""unsportsmanlike conduct"". Il massimo possibil…",140,121,20
2022-02-24 20:30:20,RT @youngwerther__: Ad Amici19 avete tenuto Javier e Nicolai fino alla finale nonostante caratterialmente fossero da buttare fuori. Ad Amic…,['youngwerther__'],[], Ad Amici19 avete tenuto Javier e Nicolai fino alla finale nonostante caratterialmente fossero da buttare fuori. Ad Amic…,140,121,18
2022-02-24 13:13:48,@Corriere Dai o…cazzo! Ma dove vivete?,['Corriere'],[],Dai o…cazzo! Ma dove vivete?,38,28,5
2022-02-24 13:24:42,"RT @bvstiadiSatana: Dovete smetterla di dire ""ancora una guerra nel 2022:(("" madonna certi di voi si rifiutano di pensare che oltre l'Europ…",['bvstiadiSatana'],[]," Dovete smetterla di dire ""ancora una guerra nel 2022:(("" madonna certi di voi si rifiutano di pensare che oltre l'Europ…",140,121,20
2022-02-24 17:09:47,RT @aguantadorperu2: Comenzo la fiesta 💦💦💦🇵🇪 https://t.co/9DuzBVvpMG,['aguantadorperu2'],[], Comenzo la fiesta 💦💦💦🇵🇪,68,24,4
2022-02-25 00:22:33,"🇺🇦 Oggi con una delegazione di @fi_giovani al Consolato Generale d’#Ucraina a #Milano per condannare l’aggressione militare russa, manifestare vicinanza alla popolazione coinvolta e sostenere l’unità dell’Occidente davanti a questa grave violazione della Carta delle Nazioni Unite https://t.co/jAbxyFj8My",['fi_giovani'],"['Ucraina', 'Milano']","🇺🇦 Oggi con una delegazione di al Consolato Generale d’Ucraina a Milano per condannare l’aggressione militare russa, manifestare vicinanza alla popolazione coinvolta e sostenere l’unità dell’Occidente davanti a questa grave violazione della Carta delle Nazioni Unite",304,266,36
2022-02-24 16:03:04,RT @respiridicarta: Oggi più che mai. #WWIII https://t.co/VawOx7WqUL,['respiridicarta'],['WWIII'], Oggi più che mai. WWIII,68,24,5
2022-02-24 23:44:00,"Katia : ma tornate nel tuo paese 

Alfonso : 🥰😍❤️🤞🏻🤍

Qualcuno: esprime una sua opinione contro Katia 

Alfonso : IMPERDONABILE QUESTE MANCANZE DI RISPETTO GRATIS 😡#jeru",[],['jeru'],Katia : ma tornate nel tuo paese Alfonso : 🥰😍❤️🤞🏻🤍 Qualcuno: esprime una sua opinione contro Katia Alfonso : IMPERDONABILE QUESTE MANCANZE DI RISPETTO GRATIS 😡jeru,169,163,26
2022-02-24 15:51:02,"#jerù 

ma che carini, ma come lo guarda https://t.co/43I9P4dYht",[],['jerù'],"jerù ma che carini, ma come lo guarda",64,37,8
2022-02-24 19:49:00,Ma ……..Amanda Lear dei comunisti dove cazzo e’ stata fin’ora??? In concerto a Kiev ed ora è scappata???? https://t.co/FhiU3CCgNE,[],[],Ma ……..Amanda Lear dei comunisti dove cazzo e’ stata fin’ora??? In concerto a Kiev ed ora è scappata????,128,104,18
2022-02-24 19:18:40,RT @ValerioLivia: @claudioborlotto @albertopetro2 @Rebeka80721106 @smarucci461 @BaroneZaza70 @Messe11 @EnricoCastrovil @erminiopasquat1 @cm…,"['ValerioLivia', 'claudioborlotto', 'albertopetro2', 'Rebeka80721106', 'smarucci461', 'BaroneZaza70', 'Messe11', 'EnricoCastrovil', 'erminiopasquat1']",[], …,140,2,1
2022-02-25 02:41:04,"@CentralReaIity DG e Gustavo. PA e Scooby. 

Pra cima deles!",['CentralReaIity'],[],DG e Gustavo. PA e Scooby. Pra cima deles!,60,42,9
2022-02-23 18:17:42,"@KatiaCalderini @ManuelaMarzi Idem anch'io,ho controllato adesso,non ho idea di cosa ti sia successo sul profilo..","['KatiaCalderini', 'ManuelaMarzi']",[],"Idem anch'io,ho controllato adesso,non ho idea di cosa ti sia successo sul profilo..",114,84,13
2022-02-24 12:32:23,RT @sickcami: scopate prima che muoriamo tutti,['sickcami'],[], scopate prima che muoriamo tutti,46,33,5
2022-02-25 00:03:42,"@InstantCrush00 Ma io guarda preferisco che Nathaly abbia votato Miriana,così si è dichiarata per quella che è",['InstantCrush00'],[],"Ma io guarda preferisco che Nathaly abbia votato Miriana,così si è dichiarata per quella che è",110,94,16
2022-02-23 23:10:58,sono seduta sul water e la gattina è venuta sulle mie gambe e ora sta dormendo ma dc non si può neanche cagare in pace in questa casa,[],[],sono seduta sul water e la gattina è venuta sulle mie gambe e ora sta dormendo ma dc non si può neanche cagare in pace in questa casa,133,133,28
2022-02-24 19:42:34,sono state le 3 ore più lunghe della mia vita https://t.co/ANhMZIL9Dh,[],[],sono state le 3 ore più lunghe della mia vita,69,45,10
2022-02-24 21:34:23,"RT @OrtigiaP: Ma noi Italiani, noi Europei sappiamo davvero cosa vogliono gli Ucraini? o siamo sempre preda della narrazione mainstream che…",['OrtigiaP'],[]," Ma noi Italiani, noi Europei sappiamo davvero cosa vogliono gli Ucraini? o siamo sempre preda della narrazione mainstream che…",140,127,19
2022-02-23 17:13:06,RT @taeecookies: Io sono ferma qua #jeru https://t.co/VkTNdEi6V3,['taeecookies'],['jeru'], Io sono ferma qua jeru,64,23,5
2022-02-23 17:55:20,"@scarabocchio74 Non per vantarmi, ma io giro in bicicletta... https://t.co/qsVScjJIeX",['scarabocchio74'],[],"Non per vantarmi, ma io giro in bicicletta...",85,45,8
2022-02-23 18:13:25,@filippuccigian1 @LuigiSettemb92 Ci vuole del tempo per capirlo ma lo capiranno fuori una volta usciti come andrà,"['filippuccigian1', 'LuigiSettemb92']",[],Ci vuole del tempo per capirlo ma lo capiranno fuori una volta usciti come andrà,113,80,15
2022-02-24 15:00:59,@laraj_wil @Bertrand_Xav Io piango 😭,"['laraj_wil', 'Bertrand_Xav']",[],Io piango 😭,36,11,3
2022-02-24 16:55:09,"RT @frarallo: L’aveva detto Mia Martini che gli uomini non cambiano.
 #RussiaUkraineConflict https://t.co/ju8bgxZqmD",['frarallo'],['RussiaUkraineConflict'], L’aveva detto Mia Martini che gli uomini non cambiano. RussiaUkraineConflict,116,77,10
2022-02-24 14:30:00,RT @AlfioKrancic: Scanzi vs Viola. È accertato che le dosi di vaccino  ripetute diminuiscono la capacità di  difesa immunitaria. Non si cap…,['AlfioKrancic'],[], Scanzi vs Viola. È accertato che le dosi di vaccino ripetute diminuiscono la capacità di difesa immunitaria. Non si cap…,140,121,20
2022-02-24 04:38:57,Putin è un pazzo. Ci rompono i coglioni per anni per studiare guerre su guerre per far ciò che non riaccadano cose simili. Solo ora lo capisco.,[],[],Putin è un pazzo. Ci rompono i coglioni per anni per studiare guerre su guerre per far ciò che non riaccadano cose simili. Solo ora lo capisco.,143,143,27
2022-02-23 18:38:59,@CaproRoco @PaoloMa81781558 @dottorbarbieri Devono anche spiegargli che la deve mangiare...,"['CaproRoco', 'PaoloMa81781558', 'dottorbarbieri']",[],Devono anche spiegargli che la deve mangiare...,91,47,7
2022-02-24 21:16:15,RT @angyfrassanito: Purtroppo le bimbe minkia l'hanno portata in finale....pessimo esempìo per le ragazzine #gfvip,['angyfrassanito'],['gfvip'], Purtroppo le bimbe minkia l'hanno portata in finale....pessimo esempìo per le ragazzine gfvip,114,94,13
2022-02-24 12:03:24,"@Fannibalockian No, è lui. Lo show ha gestito tutta la cosa del Drago malissimo, senza profezie e banalizzando al massimo Rand per nasconderlo il più possibile. Nel libro Moiraine neanche dice ai ragazzi che potrebbero essere il Drago, il villaggio l'avrebbe cacciata a pedate😅",['Fannibalockian'],[],"No, è lui. Lo show ha gestito tutta la cosa del Drago malissimo, senza profezie e banalizzando al massimo Rand per nasconderlo il più possibile. Nel libro Moiraine neanche dice ai ragazzi che potrebbero essere il Drago, il villaggio l'avrebbe cacciata a pedate😅",277,261,43
2022-02-23 16:13:11,"Alfa Romeo F1 in pista con una livrea speciale nei test 2022

#alfaromeo #alfaromeof1 #f1 #formula1 #formulaone #formulauno #testf1 #f1test #f12022 #alfaromeoracing https://t.co/EuE4Q9GGiL",[],"['alfaromeo', 'alfaromeof1', 'f1', 'formula1', 'formulaone', 'formulauno', 'testf1', 'f1test', 'f12022', 'alfaromeoracing']",Alfa Romeo F1 in pista con una livrea speciale nei test 2022 alfaromeo alfaromeof1 f1 formula1 formulaone formulauno testf1 f1test f12022 alfaromeoracing,188,153,22
2022-02-24 15:51:00,RT @Gielle76: L'ossessione di Travaglio e figliocci ha del patologico. Se non si fosse dimesso cosa avreste detto?,['Gielle76'],[], L'ossessione di Travaglio e figliocci ha del patologico. Se non si fosse dimesso cosa avreste detto?,114,101,16
2022-02-24 15:44:45,"@iafraxcx Buon pomeriggio,
il significato delle varie varianti dell'espressione ""inculare"" non è riconducibile ad un concetto tangibile; sta infatti ad ogni soggetto che legge interpretarne un soggettivo valore.

Saluti, Calippa",['iafraxcx'],[],"Buon pomeriggio, il significato delle varie varianti dell'espressione ""inculare"" non è riconducibile ad un concetto tangibile; sta infatti ad ogni soggetto che legge interpretarne un soggettivo valore. Saluti, Calippa",228,217,29
2022-02-24 22:35:55,Voglia di sbocciare https://t.co/3UeHljs0MQ,[],[],Voglia di sbocciare,43,19,3
2022-02-24 08:33:23,RT @TCommodity: Non c'è solo il comparto energy a essere impattato da escalation militare in Ucraina. L'alluminio al London Metals Exchange…,['TCommodity'],[], Non c'è solo il comparto energy a essere impattato da escalation militare in Ucraina. L'alluminio al London Metals Exchange…,140,125,19
2022-02-25 08:04:45,RT @GianniRoberto1: #RussiaUkraineConflict Una bambina siriana chiude gli occhi della sua bambola perché non veda la mostruosità di una gue…,['GianniRoberto1'],['RussiaUkraineConflict'], RussiaUkraineConflict Una bambina siriana chiude gli occhi della sua bambola perché non veda la mostruosità di una gue…,140,120,18
2022-02-23 21:14:19,RT @MinistroEconom1: La UE mostra i muscoli e  per terrorizzare Putin gli invia le foto dell'Italia e della Grecia prima e dopo la cura.,['MinistroEconom1'],[], La UE mostra i muscoli e per terrorizzare Putin gli invia le foto dell'Italia e della Grecia prima e dopo la cura.,136,115,22
2022-02-24 15:18:51,"RT @Heavenisaplace7: #jerù 

""mi chiami questa, quella, che ti devo preparare le cose""
""venite a letto con me dai""
💀 https://t.co/3ZImVAOVV7",['Heavenisaplace7'],['jerù']," jerù ""mi chiami questa, quella, che ti devo preparare le cose"" ""venite a letto con me dai"" 💀",140,93,18
2022-02-23 19:42:58,"RT @GeMa7799: Fate girare, i giornalai sono bravi a nascondere tutto. Sud Italia.... https://t.co/4fJpl8cNJD",['GeMa7799'],[]," Fate girare, i giornalai sono bravi a nascondere tutto. Sud Italia....",108,71,11
2022-02-24 02:52:40,"RT @KRISKSB: Ora la Russia ci manderà pure da saldare il conto dei pranzi, degli aperitivi e delle consumazioni di Giggino e del suo codazz…",['KRISKSB'],[]," Ora la Russia ci manderà pure da saldare il conto dei pranzi, degli aperitivi e delle consumazioni di Giggino e del suo codazz…",140,128,23
2022-02-24 11:11:36,"RT @fattoquotidiano: L'INTERVISTA
""Il Senato è stato trascinato in una contesa che non ha nulla a che fare col diritto"" https://t.co/97e2MD…",['fattoquotidiano'],[]," L'INTERVISTA ""Il Senato è stato trascinato in una contesa che non ha nulla a che fare col diritto""",140,99,18
2022-02-24 18:23:25,RT @EroticaGrazia: Che voglia di fare sesso con un estraneo mentre mio marito guarda arrapato 😘😘 Retwitta https://t.co/ev81FU5XYo,['EroticaGrazia'],[], Che voglia di fare sesso con un estraneo mentre mio marito guarda arrapato 😘😘 Retwitta,129,87,15
2022-02-23 18:55:31,il film non sapevo neanche cosa fosse i just wanted to go on a cute date,[],[],il film non sapevo neanche cosa fosse i just wanted to go on a cute date,72,72,16
2022-02-23 17:07:34,"RT @londontipton_e: orgasmo se me lo chiedete #jeru 

 https://t.co/R1Bl0omFa2",['londontipton_e'],['jeru'], orgasmo se me lo chiedete jeru,78,31,6
2022-02-23 19:10:15,ma che cazz…,[],[],ma che cazz…,12,12,3
2022-02-24 20:32:23,@gervasoni1968 Non c'è ancora manco il vaccino contro chi ancora ritwitta e risponde alle tue cagate purtroppo. Lo scrivo qui così forse lo capiscono.,['gervasoni1968'],[],Non c'è ancora manco il vaccino contro chi ancora ritwitta e risponde alle tue cagate purtroppo. Lo scrivo qui così forse lo capiscono.,150,135,23
2022-02-24 21:04:43,"@liliaragnar @Ilconservator Putin ha promesso deNAZIFICAZIONE, giusto per essere chiaro.","['liliaragnar', 'Ilconservator']",[],"Putin ha promesso deNAZIFICAZIONE, giusto per essere chiaro.",88,60,8
2022-02-23 18:18:47,"Jajsjsjsjsjsjs sisoiiiiiiii 
Le tengo un repertorio de canciones a los perros",[],[],Jajsjsjsjsjsjs sisoiiiiiiii Le tengo un repertorio de canciones a los perros,77,76,11
2022-02-24 00:39:15,Lo so già che tra un po’ mi addormento.. ieri notte ho fatto le 5:30 appresso a loro e stanotte dovrei rifare lo stesso? #jerù,[],['jerù'],Lo so già che tra un po’ mi addormento.. ieri notte ho fatto le 5:30 appresso a loro e stanotte dovrei rifare lo stesso? jerù,126,125,25
2022-02-24 06:55:38,@EmanuelaSono @Rosy26008342 Il genere umano...la PEGGIORE forma di vita sulla terra...,"['EmanuelaSono', 'Rosy26008342']",[],Il genere umano...la PEGGIORE forma di vita sulla terra...,86,58,9
2022-02-25 03:02:41,03:54 #A1 Traffico da Sasso Marconi - SS325 a Strada Provinciale 325.Velocità:5Km/h,[],['A1'],03:54 A1 Traffico da Sasso Marconi - SS325 a Strada Provinciale 325.Velocità:5Km/h,83,82,12
2022-02-24 23:07:25,"MA IN TUTTO CIÒ VOGLIAMO PARLARE DEL 50% DI DAVIDE? 🥶
#solearmy #teamsoleil #gfvip",[],"['solearmy', 'teamsoleil', 'gfvip']",MA IN TUTTO CIÒ VOGLIAMO PARLARE DEL 50% DI DAVIDE? 🥶 solearmy teamsoleil gfvip,82,79,14
2022-02-24 23:15:45,"Felice di stare dalla parte sbagliata
Miriana lulu e Jessica, avete un esercito fuori💖 #gfvip",[],['gfvip'],"Felice di stare dalla parte sbagliata Miriana lulu e Jessica, avete un esercito fuori💖 gfvip",93,92,15
2022-02-24 23:11:44,"Does it turn you on? Drop a ✨ below for the questions.

1 doverosi 
2 obv 
3 senza esagerare
4 2000% 
5 obv 
6 obvissimo 
7 sì
8 sii
9 la migliore di tutte
10 più se lo faccio io
11 sì
12 yas 
13 yas 
14 non posso non farlo io devo farlo
15 vedi 14
16 obv 
17 nei limiti 
18 yes",[],[],Does it turn you on? Drop a ✨ below for the questions. 1 doverosi 2 obv 3 senza esagerare 4 2000% 5 obv 6 obvissimo 7 sì 8 sii 9 la migliore di tutte 10 più se lo faccio io 11 sì 12 yas 13 yas 14 non posso non farlo io devo farlo 15 vedi 14 16 obv 17 nei limiti 18 yes,278,268,64
2022-02-24 19:45:02,RT @federico_rivi: Un tizio (chi è?) in una delle più note trasmissioni italiane dice che chi compra #Bitcoin “non è padrone del proprio de…,['federico_rivi'],['Bitcoin'], Un tizio (chi è?) in una delle più note trasmissioni italiane dice che chi compra Bitcoin “non è padrone del proprio de…,140,121,22
2022-02-24 08:36:38,Il Tribunale di Pisa smaschera i tiranni Conte e Draghi – Dietro il Sipario – Talk Show - https://t.co/SLiObrviKs Tribunale di Pisa smaschera i tiranni Conte e Draghi – Dietro il Sipario – Ta... https://t.co/tcAWJnBY0r,[],[],Il Tribunale di Pisa smaschera i tiranni Conte e Draghi – Dietro il Sipario – Talk Show - Tribunale di Pisa smaschera i tiranni Conte e Draghi – Dietro il Sipario – Ta...,218,170,33
2022-02-24 08:33:03,RT @Avv_Bianco_Nero: Volevate Andonio e per fortuna decide @andagn :  a 15 milioni di sterline/anno non ha neppure il coraggio di dimetters…,"['Avv_Bianco_Nero', 'andagn']",[], Volevate Andonio e per fortuna decide : a 15 milioni di sterline/anno non ha neppure il coraggio di dimetters…,140,111,19
2022-02-23 16:23:09,"RT @claudiocerasa: ""Il mio algoritmo è semplicissimo: se si mantiene costante la quantità di gas totale - quindi, si ha lo stesso impatto a…",['claudiocerasa'],[]," ""Il mio algoritmo è semplicissimo: se si mantiene costante la quantità di gas totale - quindi, si ha lo stesso impatto a…",140,122,22
2022-02-24 07:02:27,A quanto pare no.,[],[],A quanto pare no.,17,17,4
2022-02-24 08:05:04,@dx_l1a avrai altre 37262 di playlist,['dx_l1a'],[],avrai altre 37262 di playlist,37,29,5
2022-02-24 10:30:05,"RT @JDBITALIANCREW: .@StixxTaylor via Instagram:#

#JUSTICE TOUR TORNA QUESTA SETTIMANA ‼️🤌🏾⚡️🤌🏾

https://t.co/XkwoxYxnKK","['JDBITALIANCREW', 'StixxTaylor']",['JUSTICE'], . via Instagram:# JUSTICE TOUR TORNA QUESTA SETTIMANA ‼️🤌🏾⚡️🤌🏾,121,63,9
2022-02-24 13:11:52,"@boni_castellane Kharkiv, altri schieramenti non ho certezza di dove siano.",['boni_castellane'],[],"Kharkiv, altri schieramenti non ho certezza di dove siano.",75,58,9
2022-02-24 02:27:53,"RT @Pontifex_it: Invito tutti a fare il prossimo 2 marzo, Mercoledì delle ceneri, una Giornata di digiuno per la #pace: i credenti si dedic…",['Pontifex_it'],['pace']," Invito tutti a fare il prossimo 2 marzo, Mercoledì delle ceneri, una Giornata di digiuno per la pace: i credenti si dedic…",140,123,22
2022-02-24 23:01:00,Comunque signorini non capisce proprio un cazzo. #jeru #gfvip,[],"['jeru', 'gfvip']",Comunque signorini non capisce proprio un cazzo. jeru gfvip,61,59,9
2022-02-23 20:20:17,"RT @petunianelsole: Draghi: ""Metteremo gradualmente fine all'obbligo di utilizzo del certificato verde rafforzato, a partire dalle attività…",['petunianelsole'],[]," Draghi: ""Metteremo gradualmente fine all'obbligo di utilizzo del certificato verde rafforzato, a partire dalle attività…",140,121,15
2022-02-23 22:01:16,"RT @949905e897cf45a: Ma ancora no? Che stress !!!!
#SCANUALLEIENE",['949905e897cf45a'],['SCANUALLEIENE'], Ma ancora no? Che stress !!!! SCANUALLEIENE,65,44,7
2022-02-24 15:43:38,"Facciamo il pieno alla macchina a €1,80 al litro oggi, per abbracciarci e andare a piedi domani quando arriverà a €2,20 al litro

#RussiaUcraina",[],['RussiaUcraina'],"Facciamo il pieno alla macchina a €1,80 al litro oggi, per abbracciarci e andare a piedi domani quando arriverà a €2,20 al litro RussiaUcraina",144,142,24
2022-02-24 13:58:45,RT @ragazzinudireal: Comunque Vittozzi lo ha davvero grosso 🍆 https://t.co/946vsZ5baR,['ragazzinudireal'],[], Comunque Vittozzi lo ha davvero grosso 🍆,85,41,7
2022-02-25 05:39:01,"RT @Pietro_Otto: Ancora una fake news, questa volta trasmessa dal Tg2, Rai, si parla di una pioggia di missili su Kiev, mai avvenuta. Le se…",['Pietro_Otto'],[]," Ancora una fake news, questa volta trasmessa dal Tg2, Rai, si parla di una pioggia di missili su Kiev, mai avvenuta. Le se…",140,124,23
2022-02-24 21:38:21,volevo guardare una serie tv ma ho fatto l’errore di andare su witty e non su netflix immaginate come sto adesso,[],[],volevo guardare una serie tv ma ho fatto l’errore di andare su witty e non su netflix immaginate come sto adesso,112,112,21
2022-02-24 22:11:43,"RT @SDany89: Vorrei essere al posto di Sanem in questo momento 

#ErkenciKuş #SoñarContigo https://t.co/MRuuSniHMe",['SDany89'],"['ErkenciKuş', 'SoñarContigo']", Vorrei essere al posto di Sanem in questo momento ErkenciKuş SoñarContigo,114,74,11
2022-02-23 16:55:40,RT @marcodifonzo: +++ Draghi: Voglio annunciare che è intenzione del Governo non prorogare lo stato d’emergenza oltre il 31 marzo. Da allor…,['marcodifonzo'],[], +++ Draghi: Voglio annunciare che è intenzione del Governo non prorogare lo stato d’emergenza oltre il 31 marzo. Da allor…,140,123,20
2022-02-23 22:21:03,@ZioKlint A me sembra tanto lo stesso percorso di #Salvini,['ZioKlint'],['Salvini'],A me sembra tanto lo stesso percorso di Salvini,58,47,9
2022-02-23 17:10:10,"La @LegaProOfficial, attraverso una nota ufficiale, ha comunicato le date dei play off. 
Si parte domenica 1º maggio con il primo turno.
✍️ La news ➡️ https://t.co/CBmK2B95Iw
#ForzaEntella #UnaSolaSquadra",['LegaProOfficial'],"['ForzaEntella', 'UnaSolaSquadra']","La , attraverso una nota ufficiale, ha comunicato le date dei play off. Si parte domenica 1º maggio con il primo turno. ✍️ La news ➡️ ForzaEntella UnaSolaSquadra",204,161,28
2022-02-24 23:36:25,#gfvip  Baru non ha detto nemmeno una parola di conforto a Soleil e fortuna che sarebbe lei quella che gli piace..... ma va va,[],['gfvip'],gfvip Baru non ha detto nemmeno una parola di conforto a Soleil e fortuna che sarebbe lei quella che gli piace..... ma va va,126,124,24
2022-02-25 00:12:41,"I testi di FILIPPO sono sempre bellissimi, ma il ritmo, hip hipnon gli si addice c’è raga dopo ovunque sarai mi aspettavo un cd come i vecchi tempi, invece ha puntato tutto su un altro stile. Non ammazzatemi ho espresso la mia opinione, può anche essere che ascoltandole mi piace",[],[],"I testi di FILIPPO sono sempre bellissimi, ma il ritmo, hip hipnon gli si addice c’è raga dopo ovunque sarai mi aspettavo un cd come i vecchi tempi, invece ha puntato tutto su un altro stile. Non ammazzatemi ho espresso la mia opinione, può anche essere che ascoltandole mi piace",279,279,50
2022-02-24 23:09:44,"RT @napolimagazine: PAGELLE NM - Napoli-Barcellona, i voti di Petrazzuolo: ""6 a Politano"" https://t.co/sCA7OuaqTr",['napolimagazine'],[]," PAGELLE NM - Napoli-Barcellona, i voti di Petrazzuolo: ""6 a Politano""",113,70,11
2022-02-24 15:39:07,@sandrobah @escoconfederica I piselli invece sono quelli fini fini 🤣🤣🤣,"['sandrobah', 'escoconfederica']",[],I piselli invece sono quelli fini fini 🤣🤣🤣,70,42,8
2022-02-23 21:45:52,jaasjjsjsjsjsj te amo maria luz!!!,[],[],jaasjjsjsjsjsj te amo maria luz!!!,34,34,5
2022-02-23 19:08:06,@catiuz92 @matylel In che senso devasto cosa mi sono perso?😂,"['catiuz92', 'matylel']",[],In che senso devasto cosa mi sono perso?😂,60,41,8
2022-02-24 15:42:49,@SofikaVikinga2 Comer un rico lemmon pie https://t.co/sNRBpsCbS0,['SofikaVikinga2'],[],Comer un rico lemmon pie,64,24,5
2022-02-24 10:25:34,"RT @giuliocavalli: Avviso a quelli ""dove sono i pacifisti?"": ringraziate che i pacifisti siano anche pacifici perché altrimenti prenderebbe…",['giuliocavalli'],[]," Avviso a quelli ""dove sono i pacifisti?"": ringraziate che i pacifisti siano anche pacifici perché altrimenti prenderebbe…",140,122,17
2022-02-24 23:09:54,@One_PiusJadwar @KakwenzaRukira Chi chi...olimbega??,"['One_PiusJadwar', 'KakwenzaRukira']",[],Chi chi...olimbega??,52,20,2
2022-02-24 07:17:43,"RT @valepetrucci_: Le sirene dei raid aerei stanno suonando nella capitale Kiev 

#RussiaUkraineConflict https://t.co/3yl5P256ci",['valepetrucci_'],['RussiaUkraineConflict'], Le sirene dei raid aerei stanno suonando nella capitale Kiev RussiaUkraineConflict,128,83,11
2022-02-23 17:55:53,@marco_rogerio_ Non è un caso che inizialmente chiesa e de ligt partivano fuori..,['marco_rogerio_'],[],Non è un caso che inizialmente chiesa e de ligt partivano fuori..,81,65,12
2022-02-25 04:57:22,MANO,[],[],MANO,4,4,1
2022-02-23 20:47:15,"RT @dottorbarbieri: E anche stasera, l'urgente DL sulle #bollette (oltre che quello sul #superbonus110) non è in Gazzetta Ufficiale.

eheh",['dottorbarbieri'],"['bollette', 'superbonus110']"," E anche stasera, l'urgente DL sulle bollette (oltre che quello sul superbonus110) non è in Gazzetta Ufficiale. eheh",138,116,18
2022-02-25 07:50:50,"Day 3 di isolamento da COVID, io e la mia compagna di stanza abbiamo cercato il più possibile di separare letti e scrivanie per evitare che anche lei si contagi 
La situa é un po' critica, io però sto meglio",[],[],"Day 3 di isolamento da COVID, io e la mia compagna di stanza abbiamo cercato il più possibile di separare letti e scrivanie per evitare che anche lei si contagi La situa é un po' critica, io però sto meglio",207,206,40
2022-02-24 18:44:44,"@AlanPanassiti Ma questo è sempre più una merda!
#Salvini 
#RussiaUcraina",['AlanPanassiti'],"['Salvini', 'RussiaUcraina']",Ma questo è sempre più una merda! Salvini RussiaUcraina,73,55,9
2022-02-23 21:02:37,"@CartaCastelli Già 🙄
Felice serata cara🤗😘",['CartaCastelli'],[],Già 🙄 Felice serata cara🤗😘,41,26,5
2022-02-24 10:42:47,Ma draghi cosa vorrebbe “DIRE” in questa conferenza? Ditegli di stare zitto per favore #RussiaUkraineConflict,[],['RussiaUkraineConflict'],Ma draghi cosa vorrebbe “DIRE” in questa conferenza? Ditegli di stare zitto per favore RussiaUkraineConflict,109,108,15
2022-02-24 21:44:14,"RT @MBrufolo: ""Amò stasera usciamo, ci spacchiamo.""

Sempre io e il mio ragazzo alle dieci di sera. #GFvip #JERU https://t.co/CdOgyeYwI3",['MBrufolo'],"['GFvip', 'JERU']"," ""Amò stasera usciamo, ci spacchiamo."" Sempre io e il mio ragazzo alle dieci di sera. GFvip JERU",136,96,17
2022-02-24 19:40:35,"@darkofjin quello di semantic error però bisogna vederlo hanno pure fatto le pagine ig!!
also l'attore di jaeyoung è un figo",['darkofjin'],[],quello di semantic error però bisogna vederlo hanno pure fatto le pagine ig!! also l'attore di jaeyoung è un figo,124,113,20
2022-02-24 14:15:27,"@DaliaDaliaanfo Stanno lanciando caramelle, infatti 🤦🏼‍♂️

Ma per i complottisti sgamati,che per darsi un senso devono farti credere che Cristo è morto di freddo, non si potrebbe prevedere il bonus psichiatria?",['DaliaDaliaanfo'],[],"Stanno lanciando caramelle, infatti 🤦🏼‍♂️ Ma per i complottisti sgamati,che per darsi un senso devono farti credere che Cristo è morto di freddo, non si potrebbe prevedere il bonus psichiatria?",210,193,30
2022-02-24 06:25:06,@come_la_moto Ne ho tutti i diritti oggi😘,['come_la_moto'],[],Ne ho tutti i diritti oggi😘,41,27,6
2022-02-25 03:21:00,"RT @percepisco: Barú: ""Le Selassie mi hanno reso succube con i loro poteri""

STO MORENDO, LUI PERCULANDO N4THALY  ⚰

#jerù",['percepisco'],['jerù']," Barú: ""Le Selassie mi hanno reso succube con i loro poteri"" STO MORENDO, LUI PERCULANDO N4THALY ⚰ jerù",122,103,18
2022-02-24 15:02:28,@elenabertolotto Che fisico e cosce perfette😭 <3,['elenabertolotto'],[],Che fisico e cosce perfette😭 <3,48,31,6
2022-02-23 16:54:37,@Reggina_1914 Non giochiamo a 3 dietro da 2 anni. Speriamo bene,['Reggina_1914'],[],Non giochiamo a 3 dietro da 2 anni. Speriamo bene,63,49,10
2022-02-23 21:21:55,#gfvip #gfvipparty @alfosignorini @AdrianaVolpeTV @SBruganelli cara Nataly la complicità senza fini ce l'hanno tutti.perchè defi sporcare tu gli altri?Mi sa che è innamorata di Antonio xè 1 volta gli e scappata 1 fraseche gli piaceva ..... (andatea vedere i video),"['alfosignorini', 'AdrianaVolpeTV', 'SBruganelli']","['gfvip', 'gfvipparty']",gfvip gfvipparty cara Nataly la complicità senza fini ce l'hanno tutti.perchè defi sporcare tu gli altri?Mi sa che è innamorata di Antonio xè 1 volta gli e scappata 1 fraseche gli piaceva ..... (andatea vedere i video),264,218,37
2022-02-24 16:55:30,"@argentofisico Quando dico che non esiste peggior fascista di un anti fascista, questa ne é l'Icona.",['argentofisico'],[],"Quando dico che non esiste peggior fascista di un anti fascista, questa ne é l'Icona.",100,85,15
2022-02-23 19:38:49,@ClaudioSeganti1 Peggio: lo toglieranno ma senza che cambi nulla,['ClaudioSeganti1'],[],Peggio: lo toglieranno ma senza che cambi nulla,64,47,8
2022-02-25 02:40:55,Insomma Basc ha detto a Barù di fare il primo passo #jeru,[],['jeru'],Insomma Basc ha detto a Barù di fare il primo passo jeru,57,56,12
2022-02-23 16:33:19,@zucconiluca Qua non chiudono nulla,['zucconiluca'],[],Qua non chiudono nulla,35,22,4
2022-02-24 15:51:47,"RT @Palazzo_Chigi: #Ucraina, Draghi: L’Ucraina è un Paese europeo, una Nazione amica, una democrazia colpita nella propria legittima sovran…",['Palazzo_Chigi'],['Ucraina']," Ucraina, Draghi: L’Ucraina è un Paese europeo, una Nazione amica, una democrazia colpita nella propria legittima sovran…",140,121,17
2022-02-23 18:56:25,RT @miviendapianger: ma vi immaginate che cameo ci avrebbe donato Stan Lee per spiderman nwh,['miviendapianger'],[], ma vi immaginate che cameo ci avrebbe donato Stan Lee per spiderman nwh,92,72,13
2022-02-24 16:55:41,"Syria Libia Serbia bene.
Ucraina male.
Afghanistan bene poi male.

> Se seguissimo le parole del poeta eterno non avremmo di questi problemi https://t.co/m6OUDoFtbM",[],[],Syria Libia Serbia bene. Ucraina male. Afghanistan bene poi male. > Se seguissimo le parole del poeta eterno non avremmo di questi problemi,164,139,23
2022-02-24 13:57:21,RT @lipassmilex_: Quelli stanno comodi dietro le loro poltrone ed ecco cosa deve subire questa povera gente. Un dolore che non si può nemme…,['lipassmilex_'],[], Quelli stanno comodi dietro le loro poltrone ed ecco cosa deve subire questa povera gente. Un dolore che non si può nemme…,140,123,22
2022-02-23 23:23:03,"Le guerre di religione dei secoli passati si radicavano su presupposti ideologici pseudo-religiosi esattamente come oggi le guerre pro-vax/no-vax si radicano su presupposti ideologici pseudo-scientifici.
Così va la storia dell’uomo !",[],[],Le guerre di religione dei secoli passati si radicavano su presupposti ideologici pseudo-religiosi esattamente come oggi le guerre pro-vax/no-vax si radicano su presupposti ideologici pseudo-scientifici. Così va la storia dell’uomo !,233,233,31
2022-02-24 22:44:36,RT @JadeCa1408: Io che aspetto la linea della vita di Jess 🥱 #gfvip #jeru https://t.co/eWwFHzlwaY,['JadeCa1408'],"['gfvip', 'jeru']", Io che aspetto la linea della vita di Jess 🥱 gfvip jeru,97,56,12
2022-02-24 20:33:50,"RT @AStramezzi: 1/2 L’Avv. Holzeisen, che mi onoro di conoscere e che ha contribuito professionalmente (e pro-bono) alla Onlus Covid Healer…",['AStramezzi'],[]," 1/2 L’Avv. Holzeisen, che mi onoro di conoscere e che ha contribuito professionalmente (e pro-bono) alla Onlus Covid Healer…",140,125,19
2022-02-24 13:08:51,è così che è andata davvero @StrangisThjngs @fakecryminal @alexmalinconia https://t.co/Wl3trguRHr,"['StrangisThjngs', 'fakecryminal', 'alexmalinconia']",[],è così che è andata davvero,97,27,6
2022-02-24 17:43:45,@Th_Dm4570 @LilloScara @Adnkronos Chissà perché Putin ha sentito il bisogno di invadere l’Ucraina dopo 13 mesi di presidenza Biden.,"['Th_Dm4570', 'LilloScara', 'Adnkronos']",[],Chissà perché Putin ha sentito il bisogno di invadere l’Ucraina dopo 13 mesi di presidenza Biden.,131,97,16
2022-02-23 17:28:18,"📍 Trust Gaming GXT 1175 Imperius Scrivania Gaming XL, Nero

💰 A soli 189,99€ invece di 239,99€ (-20%)

🔎 https://t.co/QfMMgkNGO0 https://t.co/AqZ3C43SEu",[],[],"📍 Trust Gaming GXT 1175 Imperius Scrivania Gaming XL, Nero 💰 A soli 189,99€ invece di 239,99€ (-20%) 🔎",152,102,19
2022-02-23 19:19:03,"@midonitas Sisi, creo era bloodykyoka",['midonitas'],[],"Sisi, creo era bloodykyoka",37,26,4
2022-02-24 21:48:58,RT @bagnotrash: che palle la voce di davide mi ricorda todaro #gfvip,['bagnotrash'],['gfvip'], che palle la voce di davide mi ricorda todaro gfvip,68,52,10
2022-02-24 17:42:45,"Putin Appello ai russi all’alba del 24 febbraio 2022
Traduzione simultanea di Mark Bernardini 
Telecountrynews la web tv fatta per Te con Te  
https://t.co/O1mglSv2Zu  
#russia #ucraina #putin #Donbass #crisiucraina #Guerra #attacchi #bombe #carriarmati",[],"['russia', 'ucraina', 'putin', 'Donbass', 'crisiucraina', 'Guerra', 'attacchi', 'bombe', 'carriarmati']",Putin Appello ai russi all’alba del 24 febbraio 2022 Traduzione simultanea di Mark Bernardini Telecountrynews la web tv fatta per Te con Te russia ucraina putin Donbass crisiucraina Guerra attacchi bombe carriarmati,253,215,32
2022-02-25 06:32:20,sta stronza me l’ha fottuto,[],[],sta stronza me l’ha fottuto,27,27,5
2022-02-24 11:53:01,ma questo folle sta a napoli aiuto https://t.co/Q1G34uufq4,[],[],ma questo folle sta a napoli aiuto,58,34,7
2022-02-25 05:51:21,RT @permiamoglie: RT se ti piace la donna che squirta? 💦💦💦 https://t.co/XdcgWYn7lm,['permiamoglie'],[], RT se ti piace la donna che squirta? 💦💦💦,82,41,9
2022-02-23 20:20:39,RT @lastgiuli: non importa quanto siate arrabbiati con una persona se usate le sue debolezze contro di lei solo per ferirla siete automatic…,['lastgiuli'],[], non importa quanto siate arrabbiati con una persona se usate le sue debolezze contro di lei solo per ferirla siete automatic…,140,126,21
2022-02-24 14:23:38,"RT @pinguini_bot: ti ho usata come una risposta
ma eri milioni di domande",['pinguini_bot'],[], ti ho usata come una risposta ma eri milioni di domande,73,56,11
2022-02-24 14:24:13,"RT @giorgia_theb: Il terrore di non poter rivedere la persona che più al mondo...

IMMAGINI STRAZIANTI 💔
#RussiaUkraineConflict https://t.c…",['giorgia_theb'],['RussiaUkraineConflict'], Il terrore di non poter rivedere la persona che più al mondo... IMMAGINI STRAZIANTI 💔 RussiaUkraineConflict,140,108,16
2022-02-24 06:24:54,"RT @valepetrucci_: Le sirene dei raid aerei stanno suonando nella capitale Kiev 

#RussiaUkraineConflict https://t.co/3yl5P256ci",['valepetrucci_'],['RussiaUkraineConflict'], Le sirene dei raid aerei stanno suonando nella capitale Kiev RussiaUkraineConflict,128,83,11
2022-02-24 17:40:23,"@Banto000 @SalvoOlivo Perdonami, ma quello che tu chiedi è un compromesso troppo oneroso, perché come dice Salvo pregiudicherebbe l'esistenza stessa dell'Ucraina come stato. Potremmo pensare ai cittadini del donbass, visto che tutto è partito da lì, ma a Putin non sembra importare granché.","['Banto000', 'SalvoOlivo']",[],"Perdonami, ma quello che tu chiedi è un compromesso troppo oneroso, perché come dice Salvo pregiudicherebbe l'esistenza stessa dell'Ucraina come stato. Potremmo pensare ai cittadini del donbass, visto che tutto è partito da lì, ma a Putin non sembra importare granché.",290,268,41
2022-02-23 19:30:24,"RT @ultimora_pol: #Italia #Lazio #Roma
È comparso a Roma uno striscione a favore delle repubbliche separatiste filorusse.

@ultimora_pol ht…","['ultimora_pol', 'ultimora_pol']","['Italia', 'Lazio', 'Roma']", Italia Lazio Roma È comparso a Roma uno striscione a favore delle repubbliche separatiste filorusse. ht…,140,105,16
2022-02-24 22:53:41,@Vicidominus Infatti guarda GDL come lo spinge per andare a chiudere centrale ahahaha porco il demonio,['Vicidominus'],[],Infatti guarda GDL come lo spinge per andare a chiudere centrale ahahaha porco il demonio,102,89,15
2022-02-24 18:04:51,"@neverajoy17 @andrewsword2 La mia è anche ruvida. Un must , ci sono colonie di lesbo che mi raggiungono tramite il passa parola","['neverajoy17', 'andrewsword2']",[],"La mia è anche ruvida. Un must , ci sono colonie di lesbo che mi raggiungono tramite il passa parola",127,100,20
2022-02-23 16:19:40,"@euphormione @apqcalypse Sono masochista, mi mandi la fanart?","['euphormione', 'apqcalypse']",[],"Sono masochista, mi mandi la fanart?",61,36,6
2022-02-24 20:37:02,"Solo a me infastidiscono i meme su Putin e la guerra in atto, l'ironia spicciola a spese di tantissime persone che vivono l'incubo peggiore di sempre?",[],[],"Solo a me infastidiscono i meme su Putin e la guerra in atto, l'ironia spicciola a spese di tantissime persone che vivono l'incubo peggiore di sempre?",150,150,26
2022-02-23 19:44:36,"RT @ag_othe: Chi avrà la fortuna di sentire le domande dei nipoti, dovrà rispondere: come avete permesso tutto questo? Perché non vi siete…",['ag_othe'],[]," Chi avrà la fortuna di sentire le domande dei nipoti, dovrà rispondere: come avete permesso tutto questo? Perché non vi siete…",139,127,21
2022-02-23 16:54:37,RT @AlessiaArduini6: Quel TUTTO ! sei il suo tutto @manuel_bortuzzo ❤#fairylu,"['AlessiaArduini6', 'manuel_bortuzzo']",['fairylu'], Quel TUTTO ! sei il suo tutto ❤fairylu,77,39,8
2022-02-24 21:31:03,@valeria_frezza Giovedì scarso e magro,['valeria_frezza'],[],Giovedì scarso e magro,38,22,4
2022-02-24 19:01:17,"RT @Niichinsurakun: Vergon truco uwu, dame rt para mostrar lo puto que soy :* https://t.co/Xqq1HQ39un",['Niichinsurakun'],[]," Vergon truco uwu, dame rt para mostrar lo puto que soy :*",101,58,12
2022-02-23 22:21:09,@itsesaurimento se aspetti che gli altri rispondano a te buonanotte,['itsesaurimento'],[],se aspetti che gli altri rispondano a te buonanotte,67,51,9
2022-02-24 12:19:49,devo imparare il velocity con vs,[],[],devo imparare il velocity con vs,32,32,6
2022-02-23 20:18:08,Ma io dico quando sti cazzo di ecologisti e perbenisti blaterano sanno farsi i conti e quanto inciderebbe il costo della conversione sull’economia? E quanto sarebbe il reale guadagno? Ci guadagnano solo le banche e chi gestisce questi sistemi ciò che si doveva fare non si è fatto,[],[],Ma io dico quando sti cazzo di ecologisti e perbenisti blaterano sanno farsi i conti e quanto inciderebbe il costo della conversione sull’economia? E quanto sarebbe il reale guadagno? Ci guadagnano solo le banche e chi gestisce questi sistemi ciò che si doveva fare non si è fatto,280,280,48
2022-02-24 10:28:24,"L'attacco dell'#Inter non segna più 
https://t.co/oQqvHK8Scu",[],['Inter'],L'attacco dell'Inter non segna più,60,34,5
2022-02-24 10:29:56,Ho così tanta paura in questo momento 🥺,[],[],Ho così tanta paura in questo momento 🥺,39,39,8
2022-02-23 22:03:00,@Gianluca_Rubeo @andreapurgatori Stasera anche di più,"['Gianluca_Rubeo', 'andreapurgatori']",[],Stasera anche di più,53,20,4
2022-02-24 21:03:21,Da piccolo giocavo all'impiccato e adesso ho scoperto veramnente che le parole possono uccidere...💔💔,[],[],Da piccolo giocavo all'impiccato e adesso ho scoperto veramnente che le parole possono uccidere...💔💔,100,100,14
2022-02-24 22:03:51,"— Day 6:  Foto favorita de Joel con Zuni 

@prettjoel / @JOELDELE0N https://t.co/9QMcTXE5kd","['prettjoel', 'JOELDELE0N']",[],— Day 6: Foto favorita de Joel con Zuni /,91,41,10
2022-02-24 08:48:23,Mi sto sentendo male 💔,[],[],Mi sto sentendo male 💔,22,22,5
2022-02-24 04:43:30,⏲️ Il petrolio vola oltre i 100 dollari,[],[],⏲️ Il petrolio vola oltre i 100 dollari,39,39,8
2022-02-24 15:14:25,RT @Mimmi_14: Non ci sono parole.. solo tanto dolore. #worldwar3 #RussiaUkraineConflict https://t.co/lmi8cb7a54,['Mimmi_14'],"['worldwar3', 'RussiaUkraineConflict']", Non ci sono parole.. solo tanto dolore. worldwar3 RussiaUkraineConflict,111,72,9
2022-02-23 18:28:57,"@LucyRebirth Ho finito ora dì leggerla 🥺 è stata splendida tanto quanto la saga di Willow, forse addirittura mi è piaciuta di più per lo splendido rapporto tra Rey e Akemi, nonché quel finale 🥺🥺🥺 bellissima la descrizione ed il concetto di “Sottomondo” parallelo al nostro-",['LucyRebirth'],[],"Ho finito ora dì leggerla 🥺 è stata splendida tanto quanto la saga di Willow, forse addirittura mi è piaciuta di più per lo splendido rapporto tra Rey e Akemi, nonché quel finale 🥺🥺🥺 bellissima la descrizione ed il concetto di “Sottomondo” parallelo al nostro-",273,260,45
2022-02-24 21:56:54,"E la scuola? Il suo ruolo? ""Non c’è più rispetto per gli insegnanti. Mi tocca dire che l’unica riforma seria è stata la riforma Gentile del fascismo""!
Francesco Guccini",[],[],"E la scuola? Il suo ruolo? ""Non c’è più rispetto per gli insegnanti. Mi tocca dire che l’unica riforma seria è stata la riforma Gentile del fascismo""! Francesco Guccini",168,168,29
2022-02-24 12:30:46,"Comunque al netto della propaganda del giornalismo e delle dichiarazioni di facciata di Zelensky, i russi stanno procedendo via lisci e indisturbati e reparti interi dell'esercito ucraino si arrendono senza colpo ferire. 

I militari erano ""the only way"".",[],[],"Comunque al netto della propaganda del giornalismo e delle dichiarazioni di facciata di Zelensky, i russi stanno procedendo via lisci e indisturbati e reparti interi dell'esercito ucraino si arrendono senza colpo ferire. I militari erano ""the only way"".",255,253,38
2022-02-23 19:35:59,RT @fenice_risorta: Con #giggettolafrottola stiamo facendo ridere il mondo🤡🤡🤡 https://t.co/CaJJX1cBtl,['fenice_risorta'],['giggettolafrottola'], Con giggettolafrottola stiamo facendo ridere il mondo🤡🤡🤡,101,57,7
2022-02-24 22:39:23,@lo_stasi Questi stanno davvero male,['lo_stasi'],[],Questi stanno davvero male,36,26,4
2022-02-25 07:17:25,#UkraineRussiaConflict a me sembra che in TV non abbiano un cazzo da raccontare... #Guerra,[],"['UkraineRussiaConflict', 'Guerra']",UkraineRussiaConflict a me sembra che in TV non abbiano un cazzo da raccontare... Guerra,90,88,14
2022-02-23 22:40:23,ti giuro stai rompendo il cazzo,[],[],ti giuro stai rompendo il cazzo,31,31,6
2022-02-24 11:14:04,RT @OmbramaifuPenna: Quando sei un soprano stratosferico ma canti negli anni in cui trionfano Maria Callas e  Renata Tebaldi e dopo Scotto…,['OmbramaifuPenna'],[], Quando sei un soprano stratosferico ma canti negli anni in cui trionfano Maria Callas e Renata Tebaldi e dopo Scotto…,139,118,20
2022-02-24 15:16:30,"RT @iti_angelo: Anche oggi che è un altro giorno. La vera svolta non è quella di togliere le mascherine al chiuso,ma quella di togliere def…",['iti_angelo'],[]," Anche oggi che è un altro giorno. La vera svolta non è quella di togliere le mascherine al chiuso,ma quella di togliere def…",140,125,23
2022-02-25 02:25:06,"RT @catiuz92: Casualmente solo Miriana e Manila non hanno sentito Nathaly dire ""urlate come scimmie""..
Grazie Sophie per difendere così Sol…",['catiuz92'],[]," Casualmente solo Miriana e Manila non hanno sentito Nathaly dire ""urlate come scimmie"".. Grazie Sophie per difendere così Sol…",140,127,19
2022-02-24 23:48:37,RT @FurioGarbagnati: Se quasi la metà dei percettori del reddito di cittadinanza sono lavoratori poveri dovrebbe essere evidente che il pro…,['FurioGarbagnati'],[], Se quasi la metà dei percettori del reddito di cittadinanza sono lavoratori poveri dovrebbe essere evidente che il pro…,140,120,19
2022-02-24 20:29:54,"Se in Italia arbitrassero tutti come l'arbitro di stasera in #NapoliBarca, la Serie A si adeguerebbe al ritmo del calcio europeo ad alti livelli...",[],['NapoliBarca'],"Se in Italia arbitrassero tutti come l'arbitro di stasera in NapoliBarca, la Serie A si adeguerebbe al ritmo del calcio europeo ad alti livelli...",147,146,24
2022-02-24 12:10:21,@rjnenu hai semesta,['rjnenu'],[],hai semesta,19,11,2
2022-02-25 00:15:51,E mo facciamo il devasto 🔥🔥🔥🔥🔥 #jerù,[],['jerù'],E mo facciamo il devasto 🔥🔥🔥🔥🔥 jerù,36,35,7
2022-02-24 22:17:26,Raga ma la sorella e i nipoti di Dave sono uguali a Dave 😂 #jerù,[],['jerù'],Raga ma la sorella e i nipoti di Dave sono uguali a Dave 😂 jerù,64,63,15
2022-02-25 02:25:14,"RT @TormalinaB: A Palermo,nascosta tra i vicoli del centro storico,c'è la libreria itinerante di Pietro Tramonte che, amante della lettura,…",['TormalinaB'],[]," A Palermo,nascosta tra i vicoli del centro storico,c'è la libreria itinerante di Pietro Tramonte che, amante della lettura,…",140,125,18
2022-02-24 07:03:39,@Palazzo_Chigi Un successo questo tweet🥰gradimento alle stelle!!!,['Palazzo_Chigi'],[],Un successo questo tweet🥰gradimento alle stelle!!!,65,50,6
2022-02-23 22:34:01,@laggiu17 @Mathison1211 Bea figlio fa mamma mucca queste tue parole valgono anche per tutti voi pezzi di merda è  la stessa identica cosa che state facendo al popolo Italiano ma prima o poi ti dovrai nascondere,"['laggiu17', 'Mathison1211']",[],Bea figlio fa mamma mucca queste tue parole valgono anche per tutti voi pezzi di merda è la stessa identica cosa che state facendo al popolo Italiano ma prima o poi ti dovrai nascondere,210,185,34
2022-02-25 05:27:34,"@zothyria ""Sono allo studio..."" e intanto la guerra è finita",['zothyria'],[],"""Sono allo studio..."" e intanto la guerra è finita",60,50,9
2022-02-24 12:16:52,"RT @inChesterarms: Traduzione: ci hanno sparato con Grad(missili?) ma per fortuna siamo tutti vivi. Per ogni evenienza, mamma, papà vi amo.…",['inChesterarms'],[]," Traduzione: ci hanno sparato con Grad(missili?) ma per fortuna siamo tutti vivi. Per ogni evenienza, mamma, papà vi amo.…",140,122,19
2022-02-24 11:06:47,RT @adolfo_urso: Alle 11.30 ho convocato una riunione straordinaria del Comitato con l’audizione dell'Autorità delegata alla sicurezza dell…,['adolfo_urso'],[], Alle 11.30 ho convocato una riunione straordinaria del Comitato con l’audizione dell'Autorità delegata alla sicurezza dell…,140,124,16
2022-02-24 14:47:39,@lookatreb @MattiaZenzola Quanto sei bella cazzo❤️‍🩹,"['lookatreb', 'MattiaZenzola']",[],Quanto sei bella cazzo❤️‍🩹,52,26,4
2022-02-24 07:14:24,Quindi dice che è giusto attaccare l'Ucraina. Che Vergogna,[],[],Quindi dice che è giusto attaccare l'Ucraina. Che Vergogna,58,58,9
2022-02-25 07:57:47,"@mgmaglie L ho sempre apprezzata  per capacità di analisi ed obiettività...da due anni a questa parte l ho sempre annoverata dalla parte della libertà e democrazia...democrazia significa anche confronto...ma se nemmeno lei ci crede, evidentemente l'avevo valutata male...",['mgmaglie'],[],"L ho sempre apprezzata per capacità di analisi ed obiettività...da due anni a questa parte l ho sempre annoverata dalla parte della libertà e democrazia...democrazia significa anche confronto...ma se nemmeno lei ci crede, evidentemente l'avevo valutata male...",271,260,37
2022-02-23 20:10:00,Raga voglio troppo andare alla finale di coppia italia di pallavolo ma è a Bologna cristo santo costa 25€ biglietto + autobus andata e ritorno cioè è pochissimo 😭😭,[],[],Raga voglio troppo andare alla finale di coppia italia di pallavolo ma è a Bologna cristo santo costa 25€ biglietto + autobus andata e ritorno cioè è pochissimo 😭😭,163,163,29
2022-02-23 22:10:53,RT @userdisagiata: quando leggo fan di christian che criticano il modo di rispondere di nunzio ai prof quando christian fa la stessa cosa #…,['userdisagiata'],[], quando leggo fan di christian che criticano il modo di rispondere di nunzio ai prof quando christian fa la stessa cosa #…,140,122,22
2022-02-23 18:28:05,Ma quanto è buffa 😻 #ÖzgeGürel,[],['ÖzgeGürel'],Ma quanto è buffa 😻 ÖzgeGürel,30,29,6
2022-02-24 14:33:32,"RT @Misurelli77: Per non dimenticare...
Quando #Salvini diceva gratis: 
(luglio 2019,era ministro degli interni)
""Putin è uno dei migliori…",['Misurelli77'],['Salvini']," Per non dimenticare... Quando Salvini diceva gratis: (luglio 2019,era ministro degli interni) ""Putin è uno dei migliori…",139,121,17
2022-02-23 18:57:05,"RT @confundustria: Luigi #DiMaio: ""Stiamo valutando di stanziare 110 milioni di euro per sostenere l'economia ucraina.""

I 10,6 milioni di…",['confundustria'],['DiMaio']," Luigi DiMaio: ""Stiamo valutando di stanziare 110 milioni di euro per sostenere l'economia ucraina."" I 10,6 milioni di…",139,119,18
2022-02-23 16:42:05,"SEGUI LA MIA  #FanPage 
@viky1moore ❤❤🌈🌈✌💦💦
⭐⭐⭐⭐⭐⭐⭐🔝🔝🔝🔝🔝",['viky1moore'],['FanPage'],SEGUI LA MIA FanPage ❤❤🌈🌈✌💦💦 ⭐⭐⭐⭐⭐⭐⭐🔝🔝🔝🔝🔝,56,41,6
2022-02-23 16:31:35,@GonnelliLuca Sono fantastici: a loro daremo le nostre scorte di gas (importandolo ulteriormente e pagandolo con il sangue) in cambio ci riempiono di immigrati non accettando i ricollocamenti #Europa,['GonnelliLuca'],['Europa'],Sono fantastici: a loro daremo le nostre scorte di gas (importandolo ulteriormente e pagandolo con il sangue) in cambio ci riempiono di immigrati non accettando i ricollocamenti Europa,199,184,28
2022-02-24 07:44:43,"RT @MarcoNoel19: L'uomo è un animale pacifico.

Ma asintomatico.

#Guerra",['MarcoNoel19'],['Guerra'], L'uomo è un animale pacifico. Ma asintomatico. Guerra,73,54,8
2022-02-24 21:43:47,@AlbertoBagnai Pensa alle porcate che diceva il tuo padrone quando andava a Mosca ed esaltava Putin...sciroccato che non sei altro!!!!!,['AlbertoBagnai'],[],Pensa alle porcate che diceva il tuo padrone quando andava a Mosca ed esaltava Putin...sciroccato che non sei altro!!!!!,135,120,19
2022-02-25 01:09:55,"RT @unagiaslifes: ADESSO DITEMI CHE NON È TUTELATA.
Se pensi alla squalifica SAI di aver detto determinate cose. #jeru https://t.co/roiSl6k…",['unagiaslifes'],['jeru'], ADESSO DITEMI CHE NON È TUTELATA. Se pensi alla squalifica SAI di aver detto determinate cose. jeru,140,100,17
2022-02-23 20:40:05,@utentesegreto21 @Ale_CNCC Io tra due giorni scoprirò quanto pagherò di luce secondo me sui mille. Mi sparo,"['utentesegreto21', 'Ale_CNCC']",[],Io tra due giorni scoprirò quanto pagherò di luce secondo me sui mille. Mi sparo,107,80,15
2022-02-24 13:38:00,RT @CottarelliCPI: Il Dipartimento della Funzione Pubblica lancia una consultazione pubblica per individuare le 600 procedure da semplifica…,['CottarelliCPI'],[], Il Dipartimento della Funzione Pubblica lancia una consultazione pubblica per individuare le 600 procedure da semplifica…,140,122,16
2022-02-24 14:47:37,RT @MolliMolli09: Quando un'immagine vale più di tutti i giornali italiani oggi in edicola https://t.co/TQQFRHERPA,['MolliMolli09'],[], Quando un'immagine vale più di tutti i giornali italiani oggi in edicola,114,73,12
2022-02-25 04:32:46,Il confessionale di barù: https://t.co/oy1ZRJMMpW,[],[],Il confessionale di barù:,49,25,4
2022-02-23 20:40:19,e quando si presenterà così stanotte in arancione then what #jeru https://t.co/fxbMFQDt86,[],['jeru'],e quando si presenterà così stanotte in arancione then what jeru,89,64,11
2022-02-24 14:48:29,@LucaPedano E non solo ...☮️🌹,['LucaPedano'],[],E non solo ...☮️🌹,29,17,4
2022-02-24 14:57:34,"Il Colosseo a #Roma sarà illuminato da stanotte, la Porta di Brandeburgo a #Berlino e il Municipio di #Parigi sono già ornati con i colori della bandiera ucraina da ieri sera
Ecco le foto 
https://t.co/DJZnni1wZ6
#UkraineRussiaCrisis",[],"['Roma', 'Berlino', 'Parigi', 'UkraineRussiaCrisis']","Il Colosseo a Roma sarà illuminato da stanotte, la Porta di Brandeburgo a Berlino e il Municipio di Parigi sono già ornati con i colori della bandiera ucraina da ieri sera Ecco le foto UkraineRussiaCrisis",233,204,35
2022-02-23 16:33:12,@1nessuno100mil2 @cgilnazionale “Non esiste la libertà del gruista “... santo cielo che imbarazzo ...,"['1nessuno100mil2', 'cgilnazionale']",[],“Non esiste la libertà del gruista “... santo cielo che imbarazzo ...,101,69,12
2022-02-25 07:02:04,"RT @Soleilandia: Soleil: ""Io non sto difendendo Katia, sto dicendo che non dovete dire cose ipocrite perché tutti qua dentro hanno offeso q…",['Soleilandia'],[]," Soleil: ""Io non sto difendendo Katia, sto dicendo che non dovete dire cose ipocrite perché tutti qua dentro hanno offeso q…",140,124,21
2022-02-24 17:49:24,"Ansia pre #NapoliBarcellona ne abbiamo? 
#ForzaNapoliSempre https://t.co/jxcSpNCG7J",[],"['NapoliBarcellona', 'ForzaNapoliSempre']",Ansia pre NapoliBarcellona ne abbiamo? ForzaNapoliSempre,83,56,6
2022-02-23 19:50:04,"@aAnnanka È vero ?
se è così, è fantastico 🙏🇮🇹 https://t.co/ksRsecVZFS",['aAnnanka'],[],"È vero ? se è così, è fantastico 🙏🇮🇹",70,36,9
2022-02-24 17:56:05,"RT @Poesiaitalia: “I mostri esistono, ma sono troppo pochi per essere davvero pericolosi. Sono più pericolosi gli uomini comuni, i funziona…",['Poesiaitalia'],[]," “I mostri esistono, ma sono troppo pochi per essere davvero pericolosi. Sono più pericolosi gli uomini comuni, i funziona…",140,123,19
2022-02-23 20:51:44,@anvmena sei lenta,['anvmena'],[],sei lenta,18,9,2
2022-02-24 11:17:05,@leviackermanv GAYQOAVWJSUWHWOA MI SPACCO si chiama lucky paradise,['leviackermanv'],[],GAYQOAVWJSUWHWOA MI SPACCO si chiama lucky paradise,66,51,7
2022-02-24 10:33:46,Margherita chi come te riesce a descrivere le mie relazioni da 21 anni a questa parte,[],[],Margherita chi come te riesce a descrivere le mie relazioni da 21 anni a questa parte,85,85,16
2022-02-23 20:00:27,"Mentre l'Ordine dei Medici cerca di sospendere @Barbarab1974, ha indagato quanti medici di famiglia dei pazienti morti di COVlD non li hanno mai visitati in violazione dei principi medici e gli hanno prescritto la Tachipirina per telefono? È un numero facilmente quantificabile.",['barbarab1974'],[],"Mentre l'Ordine dei Medici cerca di sospendere , ha indagato quanti medici di famiglia dei pazienti morti di COVlD non li hanno mai visitati in violazione dei principi medici e gli hanno prescritto la Tachipirina per telefono? È un numero facilmente quantificabile.",278,265,42
2022-02-24 20:21:11,"RT @revardeauxcg: #Milan, piazza della Scala.
#SolidariteUkraine #StandWithUkraine https://t.co/8yuLN7ArbG",['revardeauxcg'],"['Milan', 'SolidariteUkraine', 'StandWithUkraine']"," Milan, piazza della Scala. SolidariteUkraine StandWithUkraine",106,62,6
2022-02-24 19:29:41,"RT @satyagrahaaa: Vanno disciolti:

- NATO
- Ordine giornalisti
- Ordine medici
- Partito Democratico
- Codice della strada
- Unione Europea",['satyagrahaaa'],[], Vanno disciolti: - NATO - Ordine giornalisti - Ordine medici - Partito Democratico - Codice della strada - Unione Europea,140,122,20
2022-02-24 09:37:30,RT @Noninfluente: Che Dio preservi almeno gli animali perché gli esseri umani hanno sbagliato tutto. #RussiaUkraineConflict #Guerra https:/…,['Noninfluente'],"['RussiaUkraineConflict', 'Guerra']", Che Dio preservi almeno gli animali perché gli esseri umani hanno sbagliato tutto. RussiaUkraineConflict Guerra https:/…,140,121,16
2022-02-25 06:09:50,RT @lxcreziaa: volevamo solo viverci la gioventù normalmente. https://t.co/YDvps81gyC,['lxcreziaa'],[], volevamo solo viverci la gioventù normalmente.,85,47,6
2022-02-24 17:20:08,"RT @Giulia93399173: Amore bello che ci vuoi fare? Ti temono troppo.
Nn sn riusciti a buttarti fuori cn le sfide, sminuendoti, e nemmeno cer…",['Giulia93399173'],[]," Amore bello che ci vuoi fare? Ti temono troppo. Nn sn riusciti a buttarti fuori cn le sfide, sminuendoti, e nemmeno cer…",140,121,22
2022-02-24 09:31:11,RT @SkyTG24: Un'esplosione molto forte si è verifica a #Kiev durante la diretta di Sky TG24 dalla capitale dell'#Ucraina. L'attacco russo è…,['SkyTG24'],"['Kiev', 'Ucraina']", Un'esplosione molto forte si è verifica a Kiev durante la diretta di Sky TG24 dalla capitale dell'Ucraina. L'attacco russo è…,140,126,20
2022-02-24 16:36:52,Questo ragazzo è surreale,[],[],Questo ragazzo è surreale,25,25,4
2022-02-24 19:38:08,"RT @Iperbole_: La patetica sceneggiata di Salvini che va all'ambasciata ucraina a Roma dopo aver sostenuto e difeso Putin per anni, nonosta…",['Iperbole_'],[]," La patetica sceneggiata di Salvini che va all'ambasciata ucraina a Roma dopo aver sostenuto e difeso Putin per anni, nonosta…",140,126,20
2022-02-24 19:21:51,"RT @OGiannino: A tutti dovrebbero essere chiare 3 cose
La politica di Putin è mentire, mentire  e poi colpire
Ha idee da zarismo imperiale,…",['OGiannino'],[]," A tutti dovrebbero essere chiare 3 cose La politica di Putin è mentire, mentire e poi colpire Ha idee da zarismo imperiale,…",140,125,22
2022-02-24 11:39:39,"RT @VittorioXlater: @signorLeBoschi @discordoconme Ancora questo antiamericanismo d'accatto, riflesso di pavlov sessantottino? I danni veri…","['VittorioXlater', 'signorLeBoschi', 'discordoconme']",[]," Ancora questo antiamericanismo d'accatto, riflesso di pavlov sessantottino? I danni veri…",140,90,11
2022-02-24 17:31:52,"RT @Leon4rd__: Voi ridete e scherzate ma lì fuori ci sono persone che si definiscono ""immunizzate"" nonostante risultano positivi al covid c…",['Leon4rd__'],[]," Voi ridete e scherzate ma lì fuori ci sono persone che si definiscono ""immunizzate"" nonostante risultano positivi al covid c…",140,126,20
2022-02-24 15:49:03,"RT @anna_salvaje: Agli americani non manca il bidet.
Gli manca proprio il cesso e vanno a cacare sempre a casa d'altri.",['anna_salvaje'],[], Agli americani non manca il bidet. Gli manca proprio il cesso e vanno a cacare sempre a casa d'altri.,119,102,19
2022-02-23 20:19:16,"Ma sì, annunciamo il ritorno in Cina, mi sembra la degna conclusione di questa giornata",[],[],"Ma sì, annunciamo il ritorno in Cina, mi sembra la degna conclusione di questa giornata",87,87,15
2022-02-24 07:05:50,"RT @devonnessmiIe: “operazione militare speciale”, putin ti prego, non farmi ridere 

 #RussiaUkraineConflict https://t.co/dqPxo8wJuK",['devonnessmiIe'],['RussiaUkraineConflict']," “operazione militare speciale”, putin ti prego, non farmi ridere RussiaUkraineConflict",133,87,10
2022-02-23 21:05:29,so comprendere anche il latino se volete https://t.co/okSTrJ1ZKf  https://t.co/Sg4XJbzA3b,[],[],so comprendere anche il latino se volete,89,40,7
2022-02-23 18:39:56,"A Trieste nessuno è fielice.
#ammuzzo",[],['ammuzzo'],A Trieste nessuno è fielice. ammuzzo,37,36,6
2022-02-23 18:49:58,"RT @Capobianco2005C: @LaVeritaWeb La pubblicazione del ""Team di John Ioannidis"" ricava quel dato acriticamente da uno studio israeliano di…","['Capobianco2005C', 'LaVeritaWeb']",[]," La pubblicazione del ""Team di John Ioannidis"" ricava quel dato acriticamente da uno studio israeliano di…",139,106,16
2022-02-23 20:02:13,"RT @MassimoMalvest1: @myrtamerlino Fanno bene, prima viene il profitto.
Si ricordi che le hanno fatto firmare che sono caxxi suoi se avrà e…","['MassimoMalvest1', 'myrtamerlino']",[]," Fanno bene, prima viene il profitto. Si ricordi che le hanno fatto firmare che sono caxxi suoi se avrà e…",140,106,20
2022-02-25 00:58:54,"io la salvo.
Infondo lo sanno tutti che questa dinamiche e nata a causa della gelosia per la ship e poi giustamente nathaly ha risposto a tono ( SBAGLIANDO ANCHE )
e ha ragione su baru, si è attaccato alle principesse da quando ha capito che sono amate ( non solo lui) #gfvip",[],['gfvip'],"io la salvo. Infondo lo sanno tutti che questa dinamiche e nata a causa della gelosia per la ship e poi giustamente nathaly ha risposto a tono ( SBAGLIANDO ANCHE ) e ha ragione su baru, si è attaccato alle principesse da quando ha capito che sono amate ( non solo lui) gfvip",275,274,53
2022-02-24 21:32:03,"Ecco chi vince LOL
https://t.co/6eHRYrUKx0",[],[],Ecco chi vince LOL,42,18,4
2022-02-24 08:55:26,@GiorgiaMeloni Occidente e comunità internazionale hanno avuto 8 anni di tempo per intervenire e mediare. Questo è il periodo del protrarsi degli scontri nel Donbass. Il loro immobilismo è inaccettabile quanto l'attacco russo,['GiorgiaMeloni'],[],Occidente e comunità internazionale hanno avuto 8 anni di tempo per intervenire e mediare. Questo è il periodo del protrarsi degli scontri nel Donbass. Il loro immobilismo è inaccettabile quanto l'attacco russo,225,210,32
2022-02-23 17:39:07,io non parlo,[],[],io non parlo,12,12,3
2022-02-24 21:36:32,"RT @perlachiama: l’intervento di sonia ✨

#jeru https://t.co/xNZqqDAmOn",['perlachiama'],['jeru'], l’intervento di sonia ✨ jeru,71,29,5
2022-02-24 15:44:29,Oddio daytime sulla famosa notte con lulu ⚰ #Jeru,[],['Jeru'],Oddio daytime sulla famosa notte con lulu ⚰ Jeru,49,48,9
2022-02-23 20:46:52,"RT @AlbaPinter: Finalmente la solidarietà 😍
#NoGreeenPass #DraghiVattene #Speranzadimettiti #BarbaraBalanzoni",['AlbaPinter'],"['NoGreeenPass', 'DraghiVattene', 'Speranzadimettiti', 'BarbaraBalanzoni']", Finalmente la solidarietà 😍 NoGreeenPass DraghiVattene Speranzadimettiti BarbaraBalanzoni,109,90,8
2022-02-24 22:08:32,@AnnamariaGaleo2 @shadownclouds merita tutto christian♥️,"['AnnamariaGaleo2', 'shadownclouds']",[],merita tutto christian♥️,56,24,3
2022-02-24 10:38:30,@EnricoLetta Andate a fare merenda! Siete vergognosi!,['EnricoLetta'],[],Andate a fare merenda! Siete vergognosi!,53,40,6
2022-02-24 07:39:26,"Questo è quello che è successo stanotte in #Ucraina

#RussiaUcraina #Putin #Ucrainarussia #russianukraineconflict #guerra  #Ucrainarussia #NoWar https://t.co/aJj4HqHzTU",[],"['Ucraina', 'RussiaUcraina', 'Putin', 'Ucrainarussia', 'russianukraineconflict', 'guerra', 'Ucrainarussia', 'NoWar']",Questo è quello che è successo stanotte in Ucraina RussiaUcraina Putin Ucrainarussia russianukraineconflict guerra Ucrainarussia NoWar,168,134,16
2022-02-24 04:05:19,RT @4NNIEXO: Sinceramente vi dovete togliere questo vizio di fotografare tutti gli sconosciuti che vedete per fare 3 likes,['4NNIEXO'],[], Sinceramente vi dovete togliere questo vizio di fotografare tutti gli sconosciuti che vedete per fare 3 likes,122,110,17
2022-02-23 20:23:24,@YumikonSarugaki pensa quando l'animeranno,['YumikonSarugaki'],[],pensa quando l'animeranno,42,25,3
2022-02-24 23:25:12,BELLISSIMA@AVVISO LA MIA PREFERITA,[],[],BELLISSIMA LA MIA PREFERITA,34,27,4
2022-02-24 15:26:45,"RT @Pontifex_it: «Non stanchiamoci di fare il bene» (Gal 6,9). https://t.co/lCByelBmWv",['Pontifex_it'],[]," «Non stanchiamoci di fare il bene» (Gal 6,9).",86,46,8
2022-02-24 19:02:53,@MetaErmal Domani cosa??? Dai che sono curiosa 😬😅,['MetaErmal'],[],Domani cosa??? Dai che sono curiosa 😬😅,49,38,7
2022-02-23 19:21:48,@tokyoluvie ho visto un tizio americano vincere più di 30 volte fan meeting perché comprava centinaia di album quasi,['tokyoluvie'],[],ho visto un tizio americano vincere più di 30 volte fan meeting perché comprava centinaia di album quasi,116,104,18
2022-02-23 21:36:18,@Tatiana_Cunha_ AHAHAHAHAHAHAH SE QUISERES TENHO,['Tatiana_Cunha_'],[],AHAHAHAHAHAHAH SE QUISERES TENHO,48,32,4
2022-02-24 20:42:05,"RT @Iperbole_: La patetica sceneggiata di Salvini che va all'ambasciata ucraina a Roma dopo aver sostenuto e difeso Putin per anni, nonosta…",['Iperbole_'],[]," La patetica sceneggiata di Salvini che va all'ambasciata ucraina a Roma dopo aver sostenuto e difeso Putin per anni, nonosta…",140,126,20
2022-02-24 16:58:59,"📻 Questa sera #24febbraio segui #LuigiSbarra in diretta su @IsoradioRai  a partire dalle ore 20.00, ospite della trasmissione ‘Il Sorpasso’, intervistato da @MonicaSetta su #invasionerussa dell’ #Ucraina https://t.co/OcWmzeOTBP","['IsoradioRai', 'MonicaSetta']","['24febbraio', 'LuigiSbarra', 'invasionerussa', 'Ucraina']","📻 Questa sera 24febbraio segui LuigiSbarra in diretta su a partire dalle ore 20.00, ospite della trasmissione ‘Il Sorpasso’, intervistato da su invasionerussa dell’ Ucraina",227,172,25
2022-02-24 18:13:51,@RobertoRenga Senza parole.... Come direbbe Vasco,['RobertoRenga'],[],Senza parole.... Come direbbe Vasco,49,35,5
2022-02-25 00:45:33,"Buonanotte Ucraina, se notte ci sarà 🏳️‍🌈 https://t.co/6y6yEdT8AY",[],[],"Buonanotte Ucraina, se notte ci sarà 🏳️‍🌈",65,41,7
2022-02-24 21:59:07,esatto!!!! #amici21,[],['amici21'],esatto!!!! amici21,19,18,2
2022-02-24 12:12:00,"RT @GiuseppeConteIT: Oggi il Governo tedesco aumenta il #salariominimo, in Italia siamo ancora all’anno zero. Se necessario lo ripeteremo o…",['GiuseppeConteIT'],['salariominimo']," Oggi il Governo tedesco aumenta il salariominimo, in Italia siamo ancora all’anno zero. Se necessario lo ripeteremo o…",140,119,18
2022-02-24 13:10:41,"Da un paio d’anni dico che non capisco gli #italiani, in specie certi pseudo #liberali, malati di #putinismo. In tanti ci vedemmo lungo. Rivediamo il brutto #film di #Varsavia1939. #RussiaUcraina #RussoUkrainianWar #russianinvasion #Ucrainarussia #Guerra #guerraucrania #putin",[],"['italiani', 'liberali', 'putinismo', 'film', 'Varsavia1939', 'RussiaUcraina', 'RussoUkrainianWar', 'russianinvasion', 'Ucrainarussia', 'Guerra', 'guerraucrania', 'putin']","Da un paio d’anni dico che non capisco gli italiani, in specie certi pseudo liberali, malati di putinismo. In tanti ci vedemmo lungo. Rivediamo il brutto film di Varsavia1939. RussiaUcraina RussoUkrainianWar russianinvasion Ucrainarussia Guerra guerraucrania putin",276,264,36
2022-02-24 18:06:29,@theIMEU Malcolm X in Gaza ! https://t.co/3b7Y7RfduK,['theIMEU'],[],Malcolm X in Gaza !,52,19,5
2022-02-24 18:12:09,"RT @lauracesaretti1: Ho guardato per un quarto d’ora La7. È imbarazzante l’inadeguatezza dei nostri anchor tv, abituati a gestire il mini-f…",['lauracesaretti1'],[]," Ho guardato per un quarto d’ora La7. È imbarazzante l’inadeguatezza dei nostri anchor tv, abituati a gestire il mini-f…",140,120,19
2022-02-24 15:11:13,RT @MyWifeFeet2: Quando capisci che comanda lei 😂😂#sexyfeet #sexyheels https://t.co/s9ubQGk1AL,['MyWifeFeet2'],"['sexyfeet', 'sexyheels']", Quando capisci che comanda lei 😂😂sexyfeet sexyheels,94,52,7
2022-02-24 10:00:20,"@alef26118227 @Corriere L'Italia non bombarda il trentino da 8 anni, in Donbass succedeva quello, la grande differenza è questa","['alef26118227', 'Corriere']",[],"L'Italia non bombarda il trentino da 8 anni, in Donbass succedeva quello, la grande differenza è questa",127,103,17
2022-02-24 04:53:16,Una guerra è davvero l'ultima cosa di cui il mondo intero ha bisogno in questo momento. 🙏,[],[],Una guerra è davvero l'ultima cosa di cui il mondo intero ha bisogno in questo momento. 🙏,89,89,17
2022-02-24 11:55:03,"RT @ognivoItaecosi: ""spero che i miei fan mi seguano per dei motivi belli e importanti, non abbiamo bisogno delle pecore""

EMMA SEI LA MIA…",['ognivoItaecosi'],[]," ""spero che i miei fan mi seguano per dei motivi belli e importanti, non abbiamo bisogno delle pecore"" EMMA SEI LA MIA…",139,119,22
2022-02-24 22:36:34,RT @maxdantoni: Continuo a leggere che questa sarebbe la prima rottura della pace in terra europea dopo la fine della seconda Guerra mondia…,['maxdantoni'],[], Continuo a leggere che questa sarebbe la prima rottura della pace in terra europea dopo la fine della seconda Guerra mondia…,140,125,21
2022-02-24 13:28:43,"RT @PatimoStefano: Bollettino Coronavirus Puglia, i dati di oggi 24 febbraio 2022 https://t.co/ycBYvGS0sE",['PatimoStefano'],[]," Bollettino Coronavirus Puglia, i dati di oggi 24 febbraio 2022",105,63,10
2022-02-23 21:53:25,@Nynphea sei bellissimissimissimaaaaaaaa🧡,['Nynphea'],[],sei bellissimissimissimaaaaaaaa🧡,41,32,2
2022-02-23 18:40:50,"RT @RadioRadioWeb: ⚠️ Approfondimenti, notizie e idee senza censure: esci fuori dal coro, ascolta Radio Radio!

🔴 Alle 10.35 in diretta il…",['RadioRadioWeb'],[]," ⚠️ Approfondimenti, notizie e idee senza censure: esci fuori dal coro, ascolta Radio Radio! 🔴 Alle 10.35 in diretta il…",139,120,20
2022-02-24 12:57:41,"#Putin, ovvero la stupidità arrogante che occupa il potere. https://t.co/u9FzDtcZYC",[],['Putin'],"Putin, ovvero la stupidità arrogante che occupa il potere.",83,58,9
2022-02-24 16:56:53,@ZioKlint potrebbero attaccare la Russia con il covid 😷,['ZioKlint'],[],potrebbero attaccare la Russia con il covid 😷,55,45,8
2022-02-24 14:47:22,"@SergioCamillo85 @myrtamerlino Bene, la mia risposta era x far sapere la verità non per stare dalla parte di putin...ma se uno viene provocato è ovvio che risponda, ma mai vorrei che si spargesse sangue!","['SergioCamillo85', 'myrtamerlino']",[],"Bene, la mia risposta era x far sapere la verità non per stare dalla parte di putin...ma se uno viene provocato è ovvio che risponda, ma mai vorrei che si spargesse sangue!",203,172,32
2022-02-25 00:23:21,Baru e Basci quaquaraquà Sophie.Jesse. INDESCRIVIBILI,[],[],Baru e Basci quaquaraquà Sophie.Jesse. INDESCRIVIBILI,53,53,6
2022-02-24 13:18:42,"RT @duesoli: I vicini sono partiti in Ucraina. 

Nel loro condominio aria di tristezza
Hanno cercato di convincerli a partire almeno in aer…",['duesoli'],[], I vicini sono partiti in Ucraina. Nel loro condominio aria di tristezza Hanno cercato di convincerli a partire almeno in aer…,140,126,21
2022-02-24 10:37:49,RT @vins_monaco: Quanto son belli quegli account che scrivono ciò che pensano. Quelli che non sono alla continua ricerca delle pubbliche ap…,['vins_monaco'],[], Quanto son belli quegli account che scrivono ciò che pensano. Quelli che non sono alla continua ricerca delle pubbliche ap…,140,124,20
2022-02-23 23:42:42,"sarà strano da dire ma quanto sono contenta che all’Eurovision si sosterranno a vicenda, soprattutto per Blanco non abituato a tutto questo che avrà Mahmood ad “accompagnarlo” dato che lui ci è già passato
E spaccheranno, tireranno giú quel palco🤍✨",[],[],"sarà strano da dire ma quanto sono contenta che all’Eurovision si sosterranno a vicenda, soprattutto per Blanco non abituato a tutto questo che avrà Mahmood ad “accompagnarlo” dato che lui ci è già passato E spaccheranno, tireranno giú quel palco🤍✨",248,248,40
2022-02-24 14:25:28,"'Tra i governanti quanti perfetti e inutili buffoni' 
(Cit) 

E lo riscopriamo sistematicamente, e ancora e ancora e ancora e ancora e ancora e ancora e ancora e ancora e ancora e ancora..

 verso l'infinito e oltre",[],[],"'Tra i governanti quanti perfetti e inutili buffoni' (Cit) E lo riscopriamo sistematicamente, e ancora e ancora e ancora e ancora e ancora e ancora e ancora e ancora e ancora e ancora.. verso l'infinito e oltre",215,210,37
2022-02-24 09:06:50,"@AnnalisaAntas Hai ragione. Vedendolo, tutto si risolverebbe con una 'ridarella' generale.",['AnnalisaAntas'],[],"Hai ragione. Vedendolo, tutto si risolverebbe con una 'ridarella' generale.",90,75,10
2022-02-24 22:05:58,"RT @Heavenisaplace7: #jerù #gfvip 

Katia: ah povero Barù, è meglio che cambi aria
Jessica: EH GIA', tanto solo queste cose sai dire

JESSI…",['Heavenisaplace7'],"['jerù', 'gfvip']"," jerù gfvip Katia: ah povero Barù, è meglio che cambi aria Jessica: EH GIA', tanto solo queste cose sai dire JESSI…",140,115,21
2022-02-24 19:38:54,@Lilithsatan2020 @baffi_francesco X me sono due teste di cazzo alla pari,"['Lilithsatan2020', 'baffi_francesco']",[],X me sono due teste di cazzo alla pari,72,38,9
2022-02-25 04:36:51,Esa miraditaaaa ahhgggf te esbarato😵‍💫😵‍💫,[],[],Esa miraditaaaa ahhgggf te esbarato😵‍💫😵‍💫,41,41,5
2022-02-23 22:57:46,"#Pregliasco ha fatto la risatina isterica? 
Se si, me la sono persa. 
#controcorrente",[],"['Pregliasco', 'controcorrente']","Pregliasco ha fatto la risatina isterica? Se si, me la sono persa. controcorrente",85,81,13
2022-02-23 21:14:05,"RT @ViaColTrash: Sto guardando ora il dialogo tra Jessica e Antonio e sono basita.

Nathaly è stata CARINISSIMA con Antonio sin da quando è…",['ViaColTrash'],[], Sto guardando ora il dialogo tra Jessica e Antonio e sono basita. Nathaly è stata CARINISSIMA con Antonio sin da quando è…,140,123,22
2022-02-23 17:37:49,Vorrei salutare Zauditù (Jessica) che ci segue ogni giorno sui social . Tesorino non siamo scemi. Sappiamo che hai il telefono in camera. #gfvip #SoleilSorge #solearmy #teamsoleil #solphie #basciagoni ✌️,[],"['gfvip', 'SoleilSorge', 'solearmy', 'teamsoleil', 'solphie', 'basciagoni']",Vorrei salutare Zauditù (Jessica) che ci segue ogni giorno sui social . Tesorino non siamo scemi. Sappiamo che hai il telefono in camera. gfvip SoleilSorge solearmy teamsoleil solphie basciagoni ✌️,203,197,30
2022-02-24 10:35:32,@cherotturadicaz Esatto bisogna che esca nathalie,['cherotturadicaz'],[],Esatto bisogna che esca nathalie,49,32,5
2022-02-24 09:25:43,@mvcalcio @Forzasuccesso @milan_corner @capuanogio Varini per favore bloccami che di leggere cagate in TL perché ti mettono like non ho sbatta,"['mvcalcio', 'Forzasuccesso', 'milan_corner', 'capuanogio']",[],Varini per favore bloccami che di leggere cagate in TL perché ti mettono like non ho sbatta,142,91,17
2022-02-25 07:18:32,la venita nazi de la UE,[],[],la venita nazi de la UE,23,23,6
2022-02-24 17:49:06,"RT @Rididori: La badante di mamma è ucraina.
Là ha due figlie e un nipotino, grandissima preoccupazione.
La mia mamma ha detto che se neces…",['Rididori'],[]," La badante di mamma è ucraina. Là ha due figlie e un nipotino, grandissima preoccupazione. La mia mamma ha detto che se neces…",140,127,23
2022-02-25 05:36:30,JSJEDJDJSSJSJSJSSJSJAJAJA,[],[],JSJEDJDJSSJSJSJSSJSJAJAJA,25,25,1
2022-02-24 19:41:27,"vorrei stannare i TXT da un po' , cioè so di essere in ritardo, ma se qualcuno tra i 4 gatti che mi seguono potesse aiutarmi ne sarei davvero grata ho davvero bisogno di distrarmi :)",[],[],"vorrei stannare i TXT da un po' , cioè so di essere in ritardo, ma se qualcuno tra i 4 gatti che mi seguono potesse aiutarmi ne sarei davvero grata ho davvero bisogno di distrarmi :)",182,182,36
2022-02-23 18:11:27,@AlfioKrancic Resta pronto per spingere con ricatto alla quarta dose è chiaro,['AlfioKrancic'],[],Resta pronto per spingere con ricatto alla quarta dose è chiaro,77,63,11
2022-02-24 15:51:16,"@DAVIDPARENZO Parenzo, ma noi facciamo la guerra dal tavolo di casa e con la salsiccia e il nero d'Avola a portata.
Queste tirannie non fanno altro che impoverirci tutto.
Invece che parteggiare, chiediamo che si smetta di massacrare uomini e donne.
Il resto non ha senso.",['DAVIDPARENZO'],[],"Parenzo, ma noi facciamo la guerra dal tavolo di casa e con la salsiccia e il nero d'Avola a portata. Queste tirannie non fanno altro che impoverirci tutto. Invece che parteggiare, chiediamo che si smetta di massacrare uomini e donne. Il resto non ha senso.",271,257,45
2022-02-24 04:03:51,"RT @Agenzia_Ansa: ""Il presidente russo Vladimir Putin ha scelto una guerra premeditata che porterà una catastrofica perdita di vite umane e…",['Agenzia_Ansa'],[]," ""Il presidente russo Vladimir Putin ha scelto una guerra premeditata che porterà una catastrofica perdita di vite umane e…",140,123,19
2022-02-24 20:20:41,"RT @Michele02828265: Tutti abbandonino le armi, distruggano gli arsenali e abbraccino chi gli sta vicino. Tutti chiamino fratello o sorella…",['Michele02828265'],[]," Tutti abbandonino le armi, distruggano gli arsenali e abbraccino chi gli sta vicino. Tutti chiamino fratello o sorella…",140,120,18
2022-02-23 17:30:48,Questo. Army se in Italia non facciamo vedere che c'è domanda loro non verrano mai qui. Mettetevelo in testa per piacere. Prima di lamentarvi pensate a cosa fate di concreto per i ragazzi.,[],[],Questo. Army se in Italia non facciamo vedere che c'è domanda loro non verrano mai qui. Mettetevelo in testa per piacere. Prima di lamentarvi pensate a cosa fate di concreto per i ragazzi.,188,188,33
2022-02-23 22:05:20,"RT @fravella74: Chi ti conosce bene, conosce i tuoi sguardi e i tuoi silenzi",['fravella74'],[]," Chi ti conosce bene, conosce i tuoi sguardi e i tuoi silenzi",76,61,12
2022-02-24 21:02:26,"RT @claudiovelardi: C’è chi balbetta, chi organizza sit-in e chi propone iniziative politiche. Merkel voce unica di Europa e Nato mi sembra…",['claudiovelardi'],[]," C’è chi balbetta, chi organizza sit-in e chi propone iniziative politiche. Merkel voce unica di Europa e Nato mi sembra…",140,121,20
2022-02-23 18:52:26,"RT @boh2378: Il modo in cui l’ha presa in braccio..🧎‍♀️

Vabbè ..
#solphie #gfvip

 https://t.co/uhohdfvqGm",['boh2378'],"['solphie', 'gfvip']", Il modo in cui l’ha presa in braccio..🧎‍♀️ Vabbè .. solphie gfvip,107,66,12
2022-02-23 17:09:31,RT @moonvol6hs: Nicolà Nicolì e Nicoletto #gavetta https://t.co/SQMQ9ndLRd,['moonvol6hs'],['gavetta'], Nicolà Nicolì e Nicoletto gavetta,74,34,5
2022-02-24 21:19:31,"@MartaEcca @RobertoRenga A loro, grazie.","['MartaEcca', 'RobertoRenga']",[],"A loro, grazie.",40,15,3
2022-02-24 13:21:00,"RT @Ilconservator: Ma  per  i  rifugi  antiatomici  serve  il   green pass ?
#Guerra 
#worldwar3",['Ilconservator'],"['Guerra', 'worldwar3']", Ma per i rifugi antiatomici serve il green pass ? Guerra worldwar3,96,67,12
2022-02-23 21:18:19,RT @theireyesonlyx: Barù che sbatte la carne for 1 minute straight #jeru https://t.co/M2EvZhpAGr,['theireyesonlyx'],['jeru'], Barù che sbatte la carne for 1 minute straight jeru,96,52,10
2022-02-23 20:41:41,MA SEI SCEM,[],[],MA SEI SCEM,11,11,3
2022-02-25 02:13:27,"RT @adrianabastagai: @MauroLeonardi3 Per Michele e per  gli altri cari defunti, per i figli in vita, per le anime del purgatorio, per tutti…","['adrianabastagai', 'MauroLeonardi3']",[]," Per Michele e per gli altri cari defunti, per i figli in vita, per le anime del purgatorio, per tutti…",140,103,20
2022-02-23 17:48:44,RT @boni_castellane: vedo #NoGreeenPass in tendenza,['boni_castellane'],['NoGreeenPass'], vedo NoGreeenPass in tendenza,51,30,4
2022-02-24 21:07:07,"RT @MarcoRCapelli: @FmMosca Quando siete là, trovate un lavoro anche per me? Sistemista e programmatore da 27 anni.","['MarcoRCapelli', 'FmMosca']",[]," Quando siete là, trovate un lavoro anche per me? Sistemista e programmatore da 27 anni.",115,88,15
2022-02-23 22:02:36,"tracollo delle 23 
https://t.co/5M89B25mAl",[],[],tracollo delle 23,42,17,3
2022-02-24 12:22:39,RT @faecat_: Se c’è qialcuno che non è mai cambiata nonostante gli aerei e i televoti vinti quella è Lulu pls,['faecat_'],[], Se c’è qialcuno che non è mai cambiata nonostante gli aerei e i televoti vinti quella è Lulu pls,109,97,19
2022-02-24 09:09:05,@renaudpila Il teste... il teste... il teste...,['renaudpila'],[],Il teste... il teste... il teste...,47,35,6
2022-02-23 17:24:47,"RT @SilvyTricot8: @myrtamerlino Gli hai fatto propaganda per un anno! 
Vergognati! MI FAI SCHIFO https://t.co/Olbw7grnhq","['SilvyTricot8', 'myrtamerlino']",[], Gli hai fatto propaganda per un anno! Vergognati! MI FAI SCHIFO,120,64,11
2022-02-24 19:58:40,RT @hsxxtpwk: l’immagine parla da sola  #RussiaUkraineConflict https://t.co/vF3B81Tauy,['hsxxtpwk'],['RussiaUkraineConflict'], l’immagine parla da sola RussiaUkraineConflict,86,47,5
2022-02-24 07:18:15,@Lion7o7 @leleadani Pensa se non arrivate nemmeno 4. Dopo 100 milioni sul mercato di gennaio. CLAMOROSO,"['Lion7o7', 'leleadani']",[],Pensa se non arrivate nemmeno 4. Dopo 100 milioni sul mercato di gennaio. CLAMOROSO,103,83,14
2022-02-24 10:09:16,non so spiegarlo non ha fatto nulla di speciale ma è stata la più importante,[],[],non so spiegarlo non ha fatto nulla di speciale ma è stata la più importante,76,76,15
2022-02-24 21:51:51,"Sala è un fascista. Se vuole interrompere una collaborazione lo faccia. Chiedere di esprimersi in un modo solo, cioè come vuole lui, è solo da epigoni del ventennio.",[],[],"Sala è un fascista. Se vuole interrompere una collaborazione lo faccia. Chiedere di esprimersi in un modo solo, cioè come vuole lui, è solo da epigoni del ventennio.",165,165,28
2022-02-25 00:28:35,@selvatica_12 ma sarà questa la domanda??,['selvatica_12'],[],ma sarà questa la domanda??,41,27,5
2022-02-24 09:34:28,"RT @boni_castellane: Alla fine tra tutti i ""filorussi"" che la sinistra globalista ha indicato nel corso di questi anni, da Trump a Farage a…",['boni_castellane'],[]," Alla fine tra tutti i ""filorussi"" che la sinistra globalista ha indicato nel corso di questi anni, da Trump a Farage a…",140,120,22
2022-02-24 13:18:30,"Due anni di covid e ora questo .
Per colpa dei politici, del potere e dei soldi, chi ne prende le dure conseguenze è la povera gente che non ha colpa di nulla e deve subire il tutto. 
NESSUNO SI MERITA LA MORTE SENZA ALCUN MOTIVO. VERGOGNA PUTIN !! #RussiaUkraineConflict https://t.co/YLzEMmA4FB",[],['RussiaUkraineConflict'],"Due anni di covid e ora questo . Per colpa dei politici, del potere e dei soldi, chi ne prende le dure conseguenze è la povera gente che non ha colpa di nulla e deve subire il tutto. NESSUNO SI MERITA LA MORTE SENZA ALCUN MOTIVO. VERGOGNA PUTIN !! RussiaUkraineConflict",295,269,50
2022-02-24 14:25:07,"Save the Date: Presentazione della Guida Paesi di Confindustria Est Europa - 9 marzo 2022, ore 14.30: In occasione dell'evento interverranno, oltre alla Presidente di Confindustria Est Europa, Maria Luisa Meroni, la Vice Presidente di Confindustria per… https://t.co/FEEBytiC0G",[],[],"Save the Date: Presentazione della Guida Paesi di Confindustria Est Europa - 9 marzo 2022, ore 14.30: In occasione dell'evento interverranno, oltre alla Presidente di Confindustria Est Europa, Maria Luisa Meroni, la Vice Presidente di Confindustria per…",277,253,37
2022-02-23 19:43:59,RT @supercap70: @AlexBazzaro Votato la fiducia? 🤔,"['supercap70', 'AlexBazzaro']",[], Votato la fiducia? 🤔,49,21,4
2022-02-24 04:28:26,@CinziaSally Che fogna!,['CinziaSally'],[],Che fogna!,23,10,2
2022-02-24 16:31:47,"@mlgranati @GrandeFratello @MediasetPlay Poi da quando é andato via Alex Belli, pessimo vero ma che l’ha fatto venire fuori, a parte la pizza che altro ha fatto???  Covare livore… VIA FUORI DAVIDE!! #gfvip","['mlgranati', 'GrandeFratello', 'MediasetPlay']",['gfvip'],"Poi da quando é andato via Alex Belli, pessimo vero ma che l’ha fatto venire fuori, a parte la pizza che altro ha fatto??? Covare livore… VIA FUORI DAVIDE!! gfvip",205,162,30
2022-02-23 18:32:10,RT @arty_von: Finalmente a CASA! adesso mi spoglio! Doccia! Oggi è stata pesissima in ufficio.. ogni tanto mi tocca lavoare senza distrazio…,['arty_von'],[], Finalmente a CASA! adesso mi spoglio! Doccia! Oggi è stata pesissima in ufficio.. ogni tanto mi tocca lavoare senza distrazio…,140,127,20
2022-02-24 21:48:27,"Per colpa di Soleil e Alex si è limitato della conoscenza con Aldo

Davide mi chiedo se hai un tuo cervello per pensare e decidere per te
#Gfvip",[],['Gfvip'],Per colpa di Soleil e Alex si è limitato della conoscenza con Aldo Davide mi chiedo se hai un tuo cervello per pensare e decidere per te Gfvip,144,142,28
2022-02-24 18:54:46,Bitcoin e la crisi ucraina https://t.co/mewTEEGzTe,[],[],Bitcoin e la crisi ucraina,50,26,5
2022-02-24 09:44:41,@CarmineSavio @LegaSalvini E LA PRIMA CONTRIBUISCE A FATTERE 240 MLD OGNI AN O AGLI ITALIANI CON I BLA BLA BLA E PARASSITISMO https://t.co/aeEEhE56a5,"['CarmineSavio', 'LegaSalvini']",[],E LA PRIMA CONTRIBUISCE A FATTERE 240 MLD OGNI AN O AGLI ITALIANI CON I BLA BLA BLA E PARASSITISMO,149,98,20
2022-02-24 16:39:57,@pentothal78 Oggi come ieri sotto attacco dell' idiozia!!,['pentothal78'],[],Oggi come ieri sotto attacco dell' idiozia!!,57,44,7
2022-02-25 00:33:43,"@Max_Pacca73 Dire che è un furbo, un camaleonte che si inginocchia a chi gli fa comodo e usa simboli e pensieri al solo scopo di ingannare molti, come ha fatto con il discorso dei voler uscire dall'Euro o di voler la secessione, poi dimostratesi tutti false.",['Max_Pacca73'],[],"Dire che è un furbo, un camaleonte che si inginocchia a chi gli fa comodo e usa simboli e pensieri al solo scopo di ingannare molti, come ha fatto con il discorso dei voler uscire dall'Euro o di voler la secessione, poi dimostratesi tutti false.",258,245,45
2022-02-24 16:14:49,@loonaselcabot @chooerrymotion questa è la mia di fidanzata AOOOOO MA A ME NON LA MANDI MAI MA CHE CAZZO,"['loonaselcabot', 'chooerrymotion']",[],questa è la mia di fidanzata AOOOOO MA A ME NON LA MANDI MAI MA CHE CAZZO,104,73,17
2022-02-23 19:18:24,"RT @nonstoplivee: le parole di randall
pura verità 💗

#ThisIsUs https://t.co/10OYrSTlUv",['nonstoplivee'],['ThisIsUs'], le parole di randall pura verità 💗 ThisIsUs,87,44,8
2022-02-23 20:06:35,@StaseraItalia @davidefaraone Il genio incompreso questa sera sullo schermo 📺 fil horror,"['StaseraItalia', 'davidefaraone']",[],Il genio incompreso questa sera sullo schermo 📺 fil horror,88,58,10
2022-02-23 16:17:51,"@ComunistaRosso “palese violazione del diritto interazionale” di #Mosca ...“si tratta di potere, non di principi”. Sul punto basta guardare la guerra in #Yemen ...di cui non importa nulla a nessuno @RStatecraft #Putin #RussiaUcraina #RussiaUkraineConflict #Kosovo https://t.co/lJFEOtRdxZ","['ComunistaRosso', 'RStatecraft']","['Mosca', 'Yemen', 'Putin', 'RussiaUcraina', 'RussiaUkraineConflict', 'Kosovo']","“palese violazione del diritto interazionale” di Mosca ...“si tratta di potere, non di principi”. Sul punto basta guardare la guerra in Yemen ...di cui non importa nulla a nessuno Putin RussiaUcraina RussiaUkraineConflict Kosovo",287,228,33
2022-02-25 00:38:48,@fmtoday Saper gomen le ni,['fmtoday'],[],Saper gomen le ni,26,17,4
2022-02-23 22:34:56,@Clara020428 @Chia_onedirecti eri troppo bella x non farlo vedere al mondo,"['Clara020428', 'Chia_onedirecti']",[],eri troppo bella x non farlo vedere al mondo,74,44,9
2022-02-24 20:33:38,comunque forse ho intuito chi ha la tc per me…,[],[],comunque forse ho intuito chi ha la tc per me…,46,46,10
2022-02-25 00:23:44,RT @Thomahtr: Indovinello notturno solo per i più perspicaci https://t.co/vHU5MgcIVL,['Thomahtr'],[], Indovinello notturno solo per i più perspicaci,84,47,7
2022-02-24 19:46:46,@bi4zayn immagina essere così imbarazzante da difendere il tuo amichetto,['bi4zayn'],[],immagina essere così imbarazzante da difendere il tuo amichetto,72,63,9
2022-02-23 16:45:56,MIA PROTETTA #gavetta,[],['gavetta'],MIA PROTETTA gavetta,21,20,3
2022-02-23 22:45:02,RT @in_che_senso_: LA REUNION DEGLI ARTICOLO 31 AAHHSNXNF #MichelleImpossible https://t.co/9u0zhBR82g,['in_che_senso_'],['MichelleImpossible'], LA REUNION DEGLI ARTICOLO 31 AAHHSNXNF MichelleImpossible,101,58,7
2022-02-24 16:16:29,"menomale che domani vedo la mia bff, ho proprio bisogno di lei lately 🫂",[],[],"menomale che domani vedo la mia bff, ho proprio bisogno di lei lately 🫂",71,71,14
2022-02-24 22:22:32,@HelencitaSalas Te duele?,['HelencitaSalas'],[],Te duele?,25,9,2
2022-02-25 00:47:05,"RT @Thetrut63021213: L'impegno Nato di non espandersi a Est si basa su un verbale desecretato, ha ragione Putin. Dopo la caduta del Muro di…",['Thetrut63021213'],[]," L'impegno Nato di non espandersi a Est si basa su un verbale desecretato, ha ragione Putin. Dopo la caduta del Muro di…",140,120,22
2022-02-24 09:26:01,"Io se fossi l'europa manderei via tutti i russi li rimanderei al loro paese,ma siamo troppo pavidi siamo schiavi di Cina Russia e Turchia 3 paesi DEMOCRATICI.",[],[],"Io se fossi l'europa manderei via tutti i russi li rimanderei al loro paese,ma siamo troppo pavidi siamo schiavi di Cina Russia e Turchia 3 paesi DEMOCRATICI.",158,158,27
2022-02-25 08:03:13,Di Maio chi ?? Il tizio che affermò che Matera è in Puglia ??😎,[],[],Di Maio chi ?? Il tizio che affermò che Matera è in Puglia ??😎,62,62,14
2022-02-24 09:48:46,"""Piu sei intelligente e più rimani solo...""
#GFvip #Nathaly #QueenNathaly https://t.co/Vfz8yopcFD",[],"['GFvip', 'Nathaly', 'QueenNathaly']","""Piu sei intelligente e più rimani solo..."" GFvip Nathaly QueenNathaly",97,70,10
2022-02-23 20:35:13,"RT @ADMAIORASEMPER_: La Vita lascia segni, sempre.",['ADMAIORASEMPER_'],[]," La Vita lascia segni, sempre.",50,30,5
2022-02-23 21:07:51,@Monkey_I_Am_20 E le palle ?,['Monkey_I_Am_20'],[],E le palle ?,28,12,4
2022-02-24 18:26:55,"RT @itsmeback_: ""Severodonetsk, l'inviata del TG3 con tanto di elmetto in testa e giubbotto antiproiettile, cerca di sopravvivere ai bombar…",['itsmeback_'],[]," ""Severodonetsk, l'inviata del TG3 con tanto di elmetto in testa e giubbotto antiproiettile, cerca di sopravvivere ai bombar…",140,125,18
2022-02-24 20:59:29,"Si invocano misure Ue contro la Russia, ma proporzionate. Quanto a valutazione di proporzionalità di tutt’altro tipo di misure, negli ultimi due anni, l’Italia non ha brillato. Vedremo come andrà, ora che la decisione è congiunta con altri Paesi.",[],[],"Si invocano misure Ue contro la Russia, ma proporzionate. Quanto a valutazione di proporzionalità di tutt’altro tipo di misure, negli ultimi due anni, l’Italia non ha brillato. Vedremo come andrà, ora che la decisione è congiunta con altri Paesi.",246,246,39
2022-02-23 16:24:01,"@FGugole @ultimenotizie Non mi sorprende per nulla.
Lo schifo","['FGugole', 'ultimenotizie']",[],Non mi sorprende per nulla. Lo schifo,61,37,7
2022-02-24 18:03:04,ho fatto un acquisto oggi e sono molto soddisfatta🧚🏼🧚🏼🧚🏼 https://t.co/9EbZdywOlO,[],[],ho fatto un acquisto oggi e sono molto soddisfatta🧚🏼🧚🏼🧚🏼,80,56,9
2022-02-24 01:45:07,alessia creo,[],[],alessia creo,12,12,2
2022-02-24 06:45:38,"RT @ROMA_News: Inizia un giorno terribilmente triste per l’Europa e il mondo
#Ukraina https://t.co/kixbfKSvRZ",['ROMA_News'],['Ukraina'], Inizia un giorno terribilmente triste per l’Europa e il mondo Ukraina,109,70,11
2022-02-23 18:23:31,RT @shecompIains: Io comunque non capisco perché dovremmo vergognarci delle ff io onestamente sono piuttosto fiera delle mie cose se le leg…,['shecompIains'],[], Io comunque non capisco perché dovremmo vergognarci delle ff io onestamente sono piuttosto fiera delle mie cose se le leg…,140,123,20
2022-02-24 22:00:11,Il Premio internazionale Eugenio Corti a maggio in Villa Filippini a Besana in Brianza https://t.co/cLjqVKmFtR https://t.co/xpCEvehfvE,[],[],Il Premio internazionale Eugenio Corti a maggio in Villa Filippini a Besana in Brianza,134,86,14
2022-02-25 05:45:04,"@Cristia05271758 @DAVIDPARENZO Non fa circo , fa soldi , distribuendo volgarità e maleducazione, ringrazia Confindustria , i ricconi","['Cristia05271758', 'DAVIDPARENZO']",[],"Non fa circo , fa soldi , distribuendo volgarità e maleducazione, ringrazia Confindustria , i ricconi",132,101,16
2022-02-23 18:45:11,aiuto non mi ci immagino però ti amo,[],[],aiuto non mi ci immagino però ti amo,36,36,8
2022-02-24 09:08:36,"GF Vip, le parole da squalifica di Nathaly Caldonazzo. Il gioco deve fermarsi https://t.co/99dqPYrQYn",[],[],"GF Vip, le parole da squalifica di Nathaly Caldonazzo. Il gioco deve fermarsi",101,77,13
2022-02-25 07:59:18,@easyminho Lo volevo dire io https://t.co/csJCRtf9k6,['easyminho'],[],Lo volevo dire io,52,17,4
2022-02-24 21:48:22,@Ibonaz3 @vikyx101 V che dio cane fanno solo casini,"['Ibonaz3', 'vikyx101']",[],V che dio cane fanno solo casini,51,32,7
2022-02-25 00:17:26,TIRATE FUORI I CAZZO DI VIDEO ADESSO! #fairylu #jerù #gfvip,[],"['fairylu', 'jerù', 'gfvip']",TIRATE FUORI I CAZZO DI VIDEO ADESSO! fairylu jerù gfvip,59,56,10
2022-02-24 23:35:18,Sonia schifosa tanto quanto Katia🥶 #gfvip,[],['gfvip'],Sonia schifosa tanto quanto Katia🥶 gfvip,41,40,6
2022-02-24 19:41:23,"RT @franxstrax: un mio contributo ad esplicitare i paradossi che le democrazie occidentali affrontano davanti alla guerra in Ucraina, per @…",['franxstrax'],[]," un mio contributo ad esplicitare i paradossi che le democrazie occidentali affrontano davanti alla guerra in Ucraina, per @…",140,125,19
2022-02-24 21:08:31,"RT @jacopo_iacoboni: Commoventi i russi in piazza questa sera a San Pietroburgo contro la guerra del dittatore criminale

@nexta_tv 

 http…","['jacopo_iacoboni', 'nexta_tv']",[], Commoventi i russi in piazza questa sera a San Pietroburgo contro la guerra del dittatore criminale http…,140,106,17
2022-02-24 18:54:57,"RT @matteorenzi: Giusto condannare la Russia ma servono anche risposte. Credo che NATO e UE debbano agire INSIEME, parlando con una voce so…",['matteorenzi'],[]," Giusto condannare la Russia ma servono anche risposte. Credo che NATO e UE debbano agire INSIEME, parlando con una voce so…",140,124,21
2022-02-24 17:45:10,RT @opctober: sol la mi fa sol,['opctober'],[], sol la mi fa sol,30,17,5
2022-02-25 02:12:52,@miuwuwu se ve rica uwu,['miuwuwu'],[],se ve rica uwu,23,14,4
2022-02-24 22:51:50,"LA VECCHIA FINALMENTE FUORI

#GFVIP #jerù https://t.co/2n9WGfjn7H",[],"['GFVIP', 'jerù']",LA VECCHIA FINALMENTE FUORI GFVIP jerù,65,38,6
2022-02-24 10:43:49,"RT @mariobianchi18: Allora sovranisti, avete visto o no che il vostro amico sta invadendo e bombardando uno Stato sovrano? Coraggio, dite f…",['mariobianchi18'],[]," Allora sovranisti, avete visto o no che il vostro amico sta invadendo e bombardando uno Stato sovrano? Coraggio, dite f…",140,121,20
2022-02-23 16:36:00,"RT @frances14372469: Il recupero sarà lungo e ci vorrà tanto carattere,  voi per fortuna ne avete in abbondanza ragazzi, vi auguro solo una…",['frances14372469'],[]," Il recupero sarà lungo e ci vorrà tanto carattere, voi per fortuna ne avete in abbondanza ragazzi, vi auguro solo una…",140,119,21
2022-02-24 08:09:13,#Solidarietà a tutte le sorelle e ai fratelli #ucraini. Sono vicina ai tanti ucraini che qui quotidianamente contribuiscono al benessere del nostro Paese. Sono ore tragiche e angoscianti per tutti noi. Con l'aggressione militare russa nella notte é stata minata la pace in #Europa,[],"['Solidarietà', 'ucraini', 'Europa']",Solidarietà a tutte le sorelle e ai fratelli ucraini. Sono vicina ai tanti ucraini che qui quotidianamente contribuiscono al benessere del nostro Paese. Sono ore tragiche e angoscianti per tutti noi. Con l'aggressione militare russa nella notte é stata minata la pace in Europa,280,277,44
2022-02-25 00:16:29,"MA FATTI I CAZZI TUOI ALFONSO
#jerù",[],['jerù'],MA FATTI I CAZZI TUOI ALFONSO jerù,35,34,7
2022-02-23 18:53:44,"@Gazzetta_it Smettetela con questa specie di fenomeno,ha avuto quella fortuna (che si chiama culo)di giocare quel pallone(che almeno per altre 500 partite non si ripeterà più)e poi ha visto la partita.Fate un po' meno i lecchini.",['Gazzetta_it'],[],"Smettetela con questa specie di fenomeno,ha avuto quella fortuna (che si chiama culo)di giocare quel pallone(che almeno per altre 500 partite non si ripeterà più)e poi ha visto la partita.Fate un po' meno i lecchini.",229,216,35
2022-02-24 16:32:20,"@prettynoran Spagna, spero di fare anch'io l'erasmus in Spagna",['prettynoran'],[],"Spagna, spero di fare anch'io l'erasmus in Spagna",62,49,8
2022-02-24 15:18:03,Voglio morire i miei bambini bellissimi ma io sono a lavoro mannaggiacazzo #jeru,[],['jeru'],Voglio morire i miei bambini bellissimi ma io sono a lavoro mannaggiacazzo jeru,80,79,13
2022-02-24 15:23:25,"Niente da fare, Manila lo fa censurare.
Ma come fa a non capire????

#jerù",[],['jerù'],"Niente da fare, Manila lo fa censurare. Ma come fa a non capire???? jerù",74,72,14
2022-02-24 21:55:20,"RT @theMilanZone_: 🔥 I 3 difensori più decisivi (club + nazionale) in tutte le competizioni finora disputate in questa stagione.

 🥇 Trent…",['theMilanZone_'],[], 🔥 I 3 difensori più decisivi (club + nazionale) in tutte le competizioni finora disputate in questa stagione. 🥇 Trent…,139,119,20
2022-02-23 20:15:26,@willy_signori La risposta di ieri è stupida anch'essa. Prigioniero di se stesso e noi prigionieri di lui,['willy_signori'],[],La risposta di ieri è stupida anch'essa. Prigioniero di se stesso e noi prigionieri di lui,105,90,16
2022-02-23 21:40:23,"@mrjosh75 No no, tu ci devi ancora arrivare  alla crisi dei 50, non puoi capire 🤣",['mrjosh75'],[],"No no, tu ci devi ancora arrivare alla crisi dei 50, non puoi capire 🤣",81,70,15
2022-02-24 07:07:22,#Bisceglie L'incubo potrebbe finire presto. Dal 1 aprile stop allo stato di emergenza https://t.co/k3BqWqS8ED,[],['Bisceglie'],Bisceglie L'incubo potrebbe finire presto. Dal 1 aprile stop allo stato di emergenza,109,84,13
2022-02-24 21:05:15,RT @Manuel02551: 🚨NON FACCIAMO USCIRE DAVIDE 🚨 VOTIAMOOO ALFONSO HA DETTO SONO TUTTI VICINI #gfvip #jessvip #jeru #fairylu,['Manuel02551'],"['gfvip', 'jessvip', 'jeru', 'fairylu']", 🚨NON FACCIAMO USCIRE DAVIDE 🚨 VOTIAMOOO ALFONSO HA DETTO SONO TUTTI VICINI gfvip jessvip jeru fairylu,122,102,16
2022-02-24 16:41:46,"RT @AnnaMariaDeFalc: Ma a chi dice che
 ""in tempi moderni non ricorda cosa vuole dire stare in guerra perché non sa cosa sia la guerra"", ne…",['AnnaMariaDeFalc'],[]," Ma a chi dice che ""in tempi moderni non ricorda cosa vuole dire stare in guerra perché non sa cosa sia la guerra"", ne…",140,119,24
2022-02-25 01:05:34,Vabbe raga io lo inizio a me purtroppo non interessa se è praticamente marzo,[],[],Vabbe raga io lo inizio a me purtroppo non interessa se è praticamente marzo,76,76,14
2022-02-24 10:36:35,"RT @Exprivia_CY: Tutto pronto per il webinar ""Threat Intelligence Report 2021"" di @Exprivia_Italy. 
Un caloroso benvenuto da @luicolu!
Regi…","['Exprivia_CY', 'Exprivia_Italy', 'luicolu']",[]," Tutto pronto per il webinar ""Threat Intelligence Report 2021"" di . Un caloroso benvenuto da ! Regi…",140,100,17
2022-02-24 15:46:52,"RT @docdrugztore: Quando guadagni 4€ netti l’ora (mia moglie), come puoi pensare che si voglia restare a vivere in Italia?
Io, dottore di r…",['docdrugztore'],[]," Quando guadagni 4€ netti l’ora (mia moglie), come puoi pensare che si voglia restare a vivere in Italia? Io, dottore di r…",140,123,22
2022-02-25 02:22:00,Clarissa Selassié contro Katia Ricciarelli: “La odio mi fa schifo al C” Signorini la bacchetta -  #Clarissa #Selassié #contro #Katia  https://t.co/G3Ed5eOiu4,[],"['Clarissa', 'Selassié', 'contro', 'Katia']",Clarissa Selassié contro Katia Ricciarelli: “La odio mi fa schifo al C” Signorini la bacchetta - Clarissa Selassié contro Katia,157,127,20
2022-02-24 23:38:28,Ahahahhahah,[],[],Ahahahhahah,11,11,1
