user,node_hash,weight
607983,1508186613495884551,1
625653,1653326816325448013,1
801754,6375706721113462284,1
828841,-795810526919925784,1
1123481,-6071218053800160295,1
2612551,-2211953082463501244,1
5378612,8728418530895897097,1
5893702,2853616464984398375,1
6086872,3141462010434211792,1
6439122,1533173086169577830,1
6532332,44900520991139150,2
6751112,4543840236211537185,2
6831142,-550368563650281246,1
7396172,-7955673548779728392,1
8329782,2322038294881099902,1
8377932,4585946117493771357,1
8797082,3228108488869378097,1
8960282,7856613789006337283,4
9017032,6014707661582723324,1
9437162,59989407362344930,1
9734552,5657995262723391096,1
9940892,-3400094588388072808,2
10301542,2764844783142474191,1
11258252,8509347625518091889,1
11355182,131504783967945251,1
11366862,4710595185835208599,2
13243172,4525811316902728312,1
13277252,340891488722645491,1
13280042,-8850103534201390423,1
13397192,7805641180214528101,1
13514762,1050272623425043221,2
13642942,-3046419772537582286,1
14459738,-9196189216551556486,1
14761003,-7408362204681924223,1
14897369,-9070641501715109774,2
14932455,-6916705998030302990,1
15445837,6777963478678050327,1
15675210,2363591098165025843,1
15796976,211082056334625333,1
16145985,4977960982451958946,1
16456006,3807295475026374574,1
16723578,574395132630939329,1
16994466,-755784642132040457,1
17028890,-6272929754148824041,1
17087036,-71991766889525418,1
17211295,-6880331878803337179,1
17629536,-7103243090817946169,1
17650681,1303463479898566213,1
17711306,-77182938464395728,2
17733231,-7530131070258747233,1
17894285,3798267963979283662,1
17894384,458969556771911861,2
17913700,-1120237255761580710,2
17994452,652283472871249994,1
18864035,7409970118892484751,2
18935802,7768301181013573669,3
18938993,9081675186151417300,1
19230915,3431049670680531586,1
19388402,-6732166009675811409,1
19445334,4757990307149285356,1
19923515,750304325492979547,1
19962352,1777478775489044240,1
20323844,-7690007759993135599,1
20581857,8571738955847332338,1
20790972,7671127713947099574,1
20849130,-7786975901021853245,4
21468139,-1448952459078388575,1
21668842,-9111372755659423929,1
21750761,2161594911555138103,1
21948566,-7678583618814796553,1
22199865,6326736856646931242,1
22466802,1320030586767803820,1
22616757,-6643056191936947005,1
22617135,7737625535445264830,1
22659500,-8400647149922928306,3
22900968,-2898690257420477090,1
22912640,2484786722301666552,1
23774462,-1778875057216627976,1
24498128,4685287922818411870,1
25676606,88781661014879120,2
26463965,8195842643952838217,2
26499377,-6041421943819382411,1
26504439,-9082470616271046349,1
27068570,383612559351740356,1
27416420,-8495495097178938581,1
27877543,-6836995295118850969,1
28081142,1863545705505577949,1
28932686,-7624943093817558221,1
29203992,-6575574442030187505,1
29205423,8300162904217462111,1
29255304,-6958240409178503957,1
29291289,8918742745129138612,2
29450143,7174482072078544766,1
29963394,4942300839700990288,2
30426063,-2727950135883936591,2
30427244,1852592723915482069,1
30905624,-9125846458393374966,3
31540097,-3325609649050018575,1
31733972,-4500162138592626697,1
33441391,3734583688928058849,1
34000882,-5676082142380237896,1
35525950,-6218292219787464654,5
35579991,3920363978109094601,2
35694393,-1665689516034870417,1
35819412,5620677549278167070,1
36043253,-1998917174091629922,1
36079217,-6557061932243937948,2
36353564,5310144185774353176,2
36368839,-328088489012552885,1
38931028,-4935586479333060943,1
39048830,2877054098492841891,1
40206238,-6195424971225394517,1
40354809,8764347315076359363,5
40436485,-6811177865340589610,1
40877093,-6687700916986802320,1
41908058,7894463783623039805,1
42287898,-2971633696105645967,1
42884405,6834173167709620302,2
42891770,-7912171680472564465,1
43080880,7906384074559226165,1
43309580,5860113127103896409,1
43891997,6105214625766601673,1
44136211,-6686255342384542539,1
44151274,-8851411475454297397,1
44176891,354299455524984132,1
44882802,-810273710993319194,1
45050441,4823326347998139430,1
45113716,-4083915756926277610,1
45176195,-8230582396172730726,1
45391358,284622837699709101,1
45521162,-1098277586110064614,1
45861942,4755522165501458988,1
47154019,6294790610349437964,1
47373547,-5264596231166183482,1
47578036,-7195305285731800993,1
47626792,-7445341383066977411,1
47631534,3114827335886483673,1
47769965,9210219836657936854,1
48005137,-5557370223226921492,1
48054700,1788777879751900917,1
48304109,-3210731026583309051,1
48318393,3771043630145309336,2
48484178,-1471401451257582160,1
48648064,1784543859210805071,1
49954018,-8633547024501153270,3
50237845,7123331179171133598,3
50464885,5733629236221810482,1
50582498,-2403862062521733265,1
50597132,6108139090500363008,1
50675331,8588713749204163082,1
50766607,-2507116947886541240,1
50797032,3999668413961049253,1
51080278,-830545125194060626,3
51474178,3702858748324160300,1
51971740,1711721176955764171,1
52345722,-7354602758072249323,1
52367440,-2638286926185720182,1
52728754,6049037736892327732,1
53185852,7412011473818123045,1
53314545,4204775732838588151,1
53853014,1016265345233694729,1
54169275,6377199695138731838,1
54192742,-8904417095864609631,1
54490682,-3347544571001013280,1
55229326,2372275751636700831,2
55279033,-1058533205206565589,1
55878806,-3559681887325354818,1
56454622,-1792002872231135114,2
57637533,-8909385589840934763,1
57965532,-3081043727421622741,1
58211648,2217988453461884247,2
58260131,5176530713543881419,1
58302599,5317854915745176055,1
59075081,-1883475071634207017,2
59519508,-2709857452251106970,1
60554365,6943403776776759598,1
60858695,7288152399453724486,1
60863549,-390266825491259867,2
60878240,-8084431050811829756,1
61133225,-7876856081523409848,3
61162279,646273121907009355,2
61724062,5122876582327613811,1
62021818,-8804060541438574999,2
62491631,-5328105562713082358,1
62520644,-2242979024516214979,1
62531122,6652035533512656520,1
63112064,8762837132071909374,1
63168164,6904279157972006469,1
63422952,7898751892406601472,1
63509403,-8672419793037497157,1
63880152,-6012029131179005419,1
63998579,-4418732778328479940,1
64200022,8905160449109060695,1
64475083,-2777543784877283707,1
65606966,2503173808630549927,1
65642016,-7219660930084986344,1
66649996,-3899960392584618610,2
66691037,3412509573615399082,1
67487546,7447218274742222478,1
68403383,-6286299518823092006,1
68943667,-5474419788324040984,2
69303377,-3758873635504020822,1
69323186,-8188002691455334977,1
69544007,-2924815293628402123,1
70420459,4966733132903437218,1
70672950,401956047868899946,1
70971449,7463189803220024460,1
71215198,-6900950292004322344,1
72248630,-8112543729724904710,3
73345146,3733013074165869300,1
73450161,-804207754525856593,1
73670044,1280829910053700556,1
74341188,999183366792530278,1
74393593,5579753554013543913,1
74415003,-5225830056235598500,1
75099090,-1506565139962667710,1
75989092,-5750858223297893368,1
76913673,-2279094697863403866,1
77152008,3798066317346401290,1
77637855,-1846436141603612171,1
78218296,4890119454993948204,1
78567974,-1334091227489239309,1
79122114,-2139907577383743732,1
79167737,7386950836509147146,1
80123544,-8310877019942349567,2
80199644,3399807568896689610,1
80803492,-1648345747511773431,1
81590266,3913395868843864912,1
81637419,2087827625858232335,1
82099471,1786165350992745549,1
82886693,6876195311339143460,1
83186144,-1928021286231955735,2
83355546,-53485421991710261,1
83376054,5881881620576904490,1
83766645,326249635522822541,1
84021349,4409304583133659149,1
84063991,-7557954687443392416,1
84788830,3866268736350953058,1
85129926,3210150988800539160,1
85626417,4632730670382367063,2
85821679,-5567393471052852803,2
86395279,-6319547906212981508,1
86505260,-628597937261730696,2
87079093,1938409769107353710,1
87243594,-8406744333034636592,4
87306292,3903559226112029567,1
87467449,-4251108748026519543,1
87469286,5701012323200033062,2
87734147,278897067909142747,1
88965463,-6900528047825247497,1
89264146,-9160749803027718814,1
92530150,-5045533451569347605,1
92709870,3821020124439335846,1
92952222,-4092787234836936274,1
93759104,3427139175011744676,1
94765165,1864715143558632698,1
94832967,-7578351389815222785,1
95244240,5731538815609572334,1
95528446,-2040837161350332340,1
95932039,-6849490222905860798,1
96338614,-6538959485941800671,1
96429197,8287422250699995815,1
96467350,-3035119596136623505,1
96795790,-3446133541889054190,1
96805353,1580260918583429613,1
97193301,554081089760575055,1
97200408,8326095553479760597,5
98415384,1865632516950975006,2
99541704,-2475851925435514788,1
100964726,-4957083156188776039,1
101014254,-5095213213585096660,1
101743223,-5561910710582350125,1
103060087,-1508511157589564535,1
103268997,-4598095325463594685,1
103860494,-7218573815108490694,1
104000065,9076005134042586728,1
104195080,-4713343204083249981,1
104223624,6571758636606779226,1
104810159,-451109815343917495,1
104854729,-3059819366673523068,2
104960470,-7316711498766538932,1
105108115,5036101266113952070,1
105132897,-6823471714884326194,2
106474569,-161816843164054262,1
106525523,1826784178001331160,2
106831411,-5816188197680747346,1
107491706,-5191612057958695644,1
109511920,-1129519924299431195,1
109990519,-7136077913836286441,1
111657224,-1631448867120208436,1
111906743,-5736378174075913939,2
112832545,5817658010109231964,1
114912483,6280006742704670257,1
115034310,7934668517244372814,2
115139827,-1200922520252345072,2
115558584,-7853209729497502579,1
115649273,-6506960614353085796,1
116736577,-3336518974100878357,1
116743111,-3116212590597061007,2
116750021,4522993127603042992,2
116849257,6397951836065546171,1
117188302,7365268598824314555,1
117490122,976421907151406641,1
117701249,8470044946770790463,2
118072089,5281050868946187720,3
118176912,-46501578305026530,1
118351182,-3484769715813513434,1
119711344,-5881705416623505867,2
120436258,5680712381894507443,1
121424128,-8223818261803053535,1
121451902,-6299611716567414312,2
121785808,596924704112981336,1
122101355,-3740702709396244739,1
122494964,3829203664050833396,1
122596094,7951871009403325839,1
122760708,-2856278183734374062,1
123235860,-6423509868022550469,1
123367308,-2573459043531622458,1
123848899,2996426844829548635,1
124136426,1079239904168696613,1
124491111,4486231901021039173,1
125310290,-8355757208226435404,1
125600128,-7199475990231663273,1
125777992,-6482330665102803273,1
125992830,7389730013160270287,1
126045711,-3196459225154183968,1
126476696,7952421511361296765,1
128242325,3037844780265117711,1
128568030,-5922609433728660153,1
128607229,-605977487677607367,1
128867001,3574984862164287723,1
129149213,6658850389747029961,1
129901578,-748649563646687624,1
130837695,3127819486544028751,1
130982265,505871330916708663,1
131126639,6140166015691020788,2
131197741,-232314833033371919,1
131254069,-8347556664764352663,1
131647268,-6720132001445160160,1
131815919,5074724555939373398,1
132148966,-6728759573076764307,1
133297534,8068362706787298906,1
133448760,-7559931781070177318,1
133485233,1352216402073162968,5
133679169,1121216876414340284,1
133787641,8586548399625403302,2
133790890,-8761945154247952351,1
134192002,-6428909595429764144,1
135129119,5537768035341968088,1
135186400,-7970181727654598221,1
135241329,-8465444761040310021,2
135267045,-3867565415473877722,4
136580225,7707253241270354821,1
136953145,-1686475287061517456,1
137595822,961029995327710213,1
138400776,-4327001692119841486,7
140022397,153474054282570281,1
140171566,-3512757190416505303,8
141693730,-2580124308608158581,1
142296404,8469623300701292342,1
142391146,-4014540156304225581,1
142856124,1515981040332003297,1
143463688,-4037173240669683607,1
143816152,5174128066611226097,1
144176515,727228866079148814,1
144595120,8257504916105924694,1
144746754,3548947094805449970,1
145637517,3627798473396187177,1
145802194,4951093373392707606,3
146077247,-3228686686430458486,1
146140940,-7762892067055639388,1
146453464,2396466911492381859,1
146892041,-4251772374845656094,2
147202081,-2475614345860145370,1
147371974,-8479717830984442563,1
148055859,1870741493032659625,1
148815037,-3938091262304068383,1
150207617,6960714131936101341,1
150725695,5876521622962706893,2
151417771,-7864973368242551182,1
151826671,-8713710237778862668,1
152689221,-1647205638260069137,1
152725709,2749290763538294965,1
154082631,-1388877203519984898,1
154306126,2737567537100790972,1
154492035,-33164971620954190,3
154670627,6916619581596412427,1
155886173,5419763371675498849,1
155898483,6470932913908707024,1
156585385,-5401299849825623630,1
156678413,-6859116496717246109,1
156960880,5348082203950952603,1
157029565,-1361960589853980991,1
157634351,8192870557014999135,1
157947389,-2135019779671148910,1
158493931,-3944435243881143689,1
158783452,-4617094280360182992,2
160517171,5985552342898506039,1
160863998,9041053889570165971,1
160938925,880753457583270406,1
161043896,-7916568348881780203,1
162000741,-6578350800200577479,1
162694919,-7239130438557256347,1
163001527,7491329602912394936,2
163249391,-6427056203291773571,1
163882971,-7243202859596208806,1
163904433,-4517996689555092806,1
164298084,7831564276532174722,1
164989433,1985729185242006820,2
165051584,-4671853918196862841,1
166055040,6878458171380757372,1
166475476,-4315405346777025252,1
166912908,-2207191981689809549,1
167405507,-6955024921782583081,1
167585546,-3877681131526706624,1
167874734,6439407727408488087,1
168163906,1290021009742761292,1
168183085,7520618862597556939,1
168425731,293335746727558444,3
169267484,8793914715624001831,1
170003040,-3071590585323988565,1
171002941,2536569575011681351,1
171057477,-8343144607073986449,1
171110904,-4880701464357056499,1
171435088,-5257289996776767456,1
172315501,-7005735455754966435,1
172393382,-5486216125198218389,1
172826453,-3297106171569502761,2
173681093,-4551587814334937167,2
174629833,8639430299653208034,2
175315567,-377397128697717916,2
175811942,-3565558470114256596,1
176362396,6695164891493294265,1
176606243,286784046149935568,2
176727836,2859661290589725682,1
176775029,-658360518523259826,1
178436339,-2049405664838429897,1
180805685,-603820080545558263,1
180817125,1824763583248193521,2
183219346,7214357871486146644,1
183730037,2021665864543276686,1
184712948,326399604544761661,2
185256259,7816064535169264237,1
186272534,7590657676017540548,1
186394930,7650367663062423819,2
186976135,7390835479064490930,1
186977143,2161043706707537078,1
187190350,74454190926166875,1
187206647,5660897719585284596,2
189583499,-1242109198169233758,1
190486829,8031824896972458711,3
191956131,-6993910317973717378,1
192584144,8516314371415917074,2
192939414,9078967315702838713,1
193349615,-6153106691007972031,2
193810402,7194493729088809276,3
193941035,8233907506257904308,1
194146424,5682885667036124132,1
194160944,-6626849032629445381,1
194525378,-4921178532471340967,2
195063290,1222610082612055357,1
195100406,-9156122260026430672,1
195734767,5809835428269373256,1
196756881,1568076408017698311,2
197056224,5001728770778249561,2
197071965,1831445023544450683,1
197420648,8953205248727737875,1
198086804,254116824509850642,1
198945230,863670336993987207,1
198954634,-4906821296460360720,1
199632928,243212988172182415,1
199667393,3383416083211754691,1
200578592,-5727872827965104452,1
200888646,1393267016702739534,1
202596312,-4712691891404685871,1
203537445,8790814689109155016,1
204728835,-3680798232209707844,1
205694039,6642514584080088340,1
207684336,-5545882022365841715,1
208582449,-7132814537676075679,1
209115805,5120600750157078424,1
209583572,3828784627539752603,1
210376076,-3336530511733801482,4
210501383,-4747054018181449549,1
210534514,5089701000526644635,1
211230337,-8822999420114865950,1
211316225,8726884310522456969,1
211494524,-7578562886737924209,1
212163360,3052321025900489234,1
213316733,598336137155682951,1
213355544,2963690743924198092,1
213616021,-1131264764656480857,2
214246298,-1488887362830749039,1
214680740,665003444980953778,1
215387308,-632877947991088060,1
215728045,-8500883728309254033,1
215954645,-330077735209718567,1
216553343,-5703264753959420443,1
217001190,901950652109290396,1
217358294,6264997672697143409,1
217380105,5405225087129801588,1
217430415,6226235995846738615,1
217478670,-3466756787645713986,1
217718995,8580877901150101822,1
218889173,6968033851822661920,1
219991372,-4149736480919510931,1
221067698,-1755611765985343432,1
221153691,-4117199118999542107,1
222196970,-2814349460506360719,1
223081520,-7948219593726110385,1
223400401,-3774783602128010672,1
224208574,-391539356416880480,1
224741912,2697992949192593277,1
225556859,-1845568405745054838,1
226491336,-2037555652822766047,1
226514981,-262344908732315803,1
227047475,-658633282294552140,1
227291668,3628576802416562561,1
227619302,-2753971737195419308,1
227670358,-6300222264997761167,2
228203275,-8184867598083384152,1
228442962,2172562234696231379,2
229015431,-2884570285964762223,1
229804443,-1854382692582758827,1
230284385,-5879553291252613934,1
230698981,7019913633633350791,1
230740381,-5145372216149443327,1
231144156,-8383056912099522907,1
231726084,-3592625667038660979,6
232110432,-8790495686174287532,1
232855713,759332068386379452,1
233314242,-2126194353089345908,1
233659902,7286524916367738126,1
233710429,1017233941653643983,1
234327620,5436492429333669903,1
234390068,594685653982420576,1
234426659,-7185557723523395858,2
234432349,1223732700366858908,2
234765449,7877377238501342816,1
235580967,423116575968243468,1
235711779,-6128193694314338417,1
236410502,5861105170612705356,1
236866189,2735480264586987982,2
237433683,-304569794784859268,1
238665595,-4575006753541181580,1
238674623,7185329826308951013,2
240723030,-8626629482010964759,1
240783492,-94152261029725938,1
241143938,-3276720185846754884,1
244490330,547606501149843003,1
245063632,6188305239317809783,1
245155055,-3194308326269658101,1
245292708,5408453163572470558,1
245960120,2317903282365063220,2
246318708,8189224678860968805,1
247645744,8362843517454166849,1
248176574,6407865085516962834,1
248688210,-4455070898467911969,1
248853637,-3898570201806208386,3
250125449,-436845596576852940,1
251309387,-1912882173544488961,1
251320965,7594663092155937540,1
252646626,-413482479339774453,1
253540043,376811113643950547,1
253568421,-986772102356447480,1
256508868,2345155337469143230,1
257064557,1981998982010421472,1
257188974,2937310632274845421,1
257526485,-4203316509884026927,4
257709473,704873514252254363,1
257938594,-3134297938219891118,4
258269178,-5256387748000327165,1
259918370,-8373430474730927960,1
260134572,2774528588183784364,1
260928121,6831218567292729593,1
261254695,7617613677506034207,1
261437907,-8879368188450867843,1
261621525,-6004709949793393280,9
262091004,7065122943723820392,1
263189382,4587824776995622100,2
263353495,5226834107527602334,1
263839872,-5200641420241922205,1
264211609,-5671604251693259137,1
265363157,-2127827652686226922,1
266162541,-3459911822661983702,1
267358678,4906053283546348269,1
267809017,5925354902518183070,1
268986620,4846547029942278092,2
269040088,2163201618238210464,2
269376864,-3314441245131348732,2
269387968,2575544175404852646,1
269677763,8455247338074998800,1
269978919,-3776376147613061878,1
270382626,-571877855519358287,1
270511605,6104304927220327956,2
271498583,5986673761026750985,1
271548644,-71233427840148383,3
271890712,4809874631866574622,2
272480154,3987470743348572738,1
273071489,1526339942537175711,1
273454316,-5430282077653048821,1
273571720,-6908169201028834144,1
275078542,1498486235937579663,1
276026459,2737333492055965661,2
276568991,7999442265686588572,1
276697615,2009625734966609548,1
277002515,8637629292946171155,2
277096455,4076381838067090682,1
279079112,41527184585572652,1
279251401,-2003913180276551054,1
279647082,-5233961738019078045,3
283080198,-3991173781393556013,4
283286921,-6217319912243610686,1
283532741,-2379043419289878213,1
283613224,-1007105987056271609,1
283680325,8908724198835526487,1
283980263,2886314893326548660,1
284083376,3644919835505965834,1
285523418,-2143693526654675377,1
285707038,-7521445212666119073,1
286079987,7395200899537884334,2
286171902,4546572073459614942,2
286473477,405983680779838904,1
287294555,1826485755888617551,2
287632736,6547414920855517832,1
287674459,-1986768020774950455,1
287851980,2636447785392011890,1
288690457,1502594539744678281,1
289970252,-3198796136162795727,1
291363076,-672173329620793143,1
291763976,-2797648503729718531,5
292487530,-482361446560050921,1
292858102,-3899563963220482708,1
293580185,7105026570429727140,1
294531242,-1672368526418113437,1
294609184,-1897504939289832351,1
295328458,9002614719332341041,1
296153950,-5323508523993926800,1
296397558,-237231408357215340,2
296411452,7104281469577816840,1
297526493,-6148589391687072318,2
298038274,5376418169706282264,1
298492587,-433659173669528763,1
299709517,1350758575470146182,1
300354836,1580974855157556196,1
300436584,-6783496572307561206,1
300832627,-8351458010744132084,1
300847677,5999810226436335203,2
301314003,9026034507413696790,1
302134071,2169872548713274587,1
302174830,-3036227884451216160,1
303697658,3392113312530695575,1
303741806,2173576245366846883,1
303917980,2932511092459247324,1
305322813,6033538560081771534,1
305529051,1659208106901685768,1
305695630,8933117356034427140,1
305810211,8219069879538773695,1
306148468,-6629273136455674631,1
307976751,-7370604583902242759,1
308094669,-3338062611813441837,2
308511972,3991206896049573209,1
310281492,7630247710967924697,1
312570870,5151413381757751791,4
313204597,-5683188474027858146,1
313213806,-4005802821120109318,1
313215533,6934435891936103652,1
313250086,-8551460354050795925,1
313326794,4596791327107907312,3
314535132,1728791829295251688,1
315216159,808506343127190501,2
315328036,-3800738150821561696,2
315771806,-9206428767147406170,1
316086023,6164020007889808531,2
317601604,-8645480894751891913,1
317671787,6956211101131323184,13
317685710,-2147162945077463829,1
317745983,6703805193008589350,2
317964725,-414908415622227206,1
318297110,1676101604620436800,1
319020570,191680294644163485,2
319578825,8129235467118076686,1
319735845,5106286270077829682,1
320105069,3170649037348035006,2
320123057,-778169609693863920,1
321885054,-6049856316800647111,15
321911801,7557748264877712603,1
321986666,1616042595095919553,3
322656436,3973844773265266598,1
323882676,1423617186047508893,1
323894749,-5767698189080947092,1
324001923,2923443793903688569,1
324875038,-3801564115648189386,1
325574520,2529260117233251809,1
325721552,-1818359277611103238,1
326826879,6176576297528262259,1
327071174,-2365928762848621314,1
327304882,-5108166405896997371,1
328546914,683960117308390927,1
328966256,-8532559063955606948,1
329273787,-3630410133540533148,2
329607652,-6507193292399957005,1
330250773,-7215821696374667133,1
330429430,2948074658582360801,1
330942486,-7617846371693891078,1
331501075,-5115051010288958662,1
331617619,1514191625800736221,1
332885533,-6878108244905945877,2
333053073,-3979544082605156532,2
333320879,-7383415505514950631,2
333416571,-6517495240698120089,1
334658624,-881293209136851679,2
335174838,-8987762271981914359,6
335204704,6639481852227789048,1
338304621,3408763443086349559,1
338471154,-394287317464942282,1
339639547,3673302139730999455,1
339745495,-7221918109405005466,2
339852789,7185816379890772089,1
340843833,-2743851995634796976,1
341480307,-5359179187176547306,1
342014453,8738966932064721233,1
342256558,565896429696768856,1
343435216,9055147232080592315,3
344265860,5263636083379342283,1
345246583,6750511865918170675,1
345753887,-3770760209107652621,1
346161795,1474324504898478119,2
346802332,-7005216239545700316,1
346840282,1469193319180556233,1
347209343,3481603281684155588,2
347745545,-8800472265929505263,1
348970276,-6839455017886514833,1
348989806,3934431782148797380,1
349047610,-5293885895050221438,2
349691532,2174045720649150932,1
350535235,3804989695803418571,1
352211386,6330942936912998614,4
352962259,-1537100371974394523,2
353160476,-8817789812689771324,3
353678923,7326001350058549530,2
355998585,-3603912116347349199,1
356486807,2685517289680513530,1
356997587,-1694579648269995896,1
357067984,4070753807800275059,1
357387988,-4120698254108267972,1
357984794,4723079748135137374,1
358677461,6115864893014820535,2
358890729,-5082845550000186556,1
360031554,-2210025089223282198,1
360485722,-4979347327982805418,1
361477623,4363108786065708691,1
361748780,-908323840618170249,1
361808481,-59326686169852763,1
364485678,310119225535488303,4
364961513,8506415058608444142,1
365647664,-506831723599409700,1
365981756,-1690886491485565658,1
366109520,-8805688586800523551,2
367063704,4672384149804312533,1
367338469,6616913507914073982,1
368309419,6689820105751596504,1
368581703,-5292232602406348222,1
368907026,-6138232548232122800,1
368999827,5085580789055511749,1
370147894,8370984676073936294,1
370386588,3619011709221145345,1
370671330,832211137909763373,1
370721219,7302142006759981851,1
371827827,9158722147485823163,1
372211031,6440650506137121717,1
372335755,4439411799539885129,1
372823059,-7713159515052639344,1
373322135,8840096657586402925,1
373454928,8434851711253278180,1
373864602,-1576811336946560356,2
375120197,-9004414830696500224,2
376640823,-8910465750800905265,1
376749526,7642745186758091945,1
376944209,-1056408247091547266,1
377331471,6944858379946968907,1
377430097,2409276518264820983,1
377931910,-8257979698145227425,1
378095332,973944342317737871,1
378096106,-7725267095633868444,1
378456413,-5082369861389287313,1
378513487,-1129405762022941992,3
379865125,2107288419536767431,1
380171774,-7206343591178393380,1
380930079,5532003167239579216,1
380930315,414467261724563657,1
381060554,-8646813432763415496,2
381158031,-6148379606160533395,1
382013356,93569719397658465,1
383220471,-8269267209622241813,1
383639966,4582984446311716386,2
384760605,-441828397116346020,1
385071847,-2050053003554345152,1
385357773,-3734714373302986483,1
385498685,6521144889807577797,2
385897719,825945385737332983,1
386182882,3795228817100932715,1
386446798,-3103567194076732553,1
386580960,-7021480879232784135,1
386620065,-8437568170078069488,1
386658149,1054829848564325918,1
387017054,3315225960250826085,1
387043149,-4607874417709284064,2
387063209,-898068940711698162,4
387089650,6704478689937947835,2
387311298,-3674773343774767840,1
387552699,-6959048259615605249,1
387684853,-7747418129375372835,2
387753956,-8268753329644346587,1
388212968,9133975039953006820,1
388835368,1457377896117682760,2
389076701,-6720554717925134101,13
389550056,-5212166656409204111,1
390247390,7135213267594767816,2
390275629,153947183704185932,1
390287630,-2817132946498323969,1
390340887,-724637671966168626,1
390573861,-2575751857367257821,1
390623935,2795083917247212930,1
390876101,-3689706474259932376,1
390936473,5565532584758250363,2
391168591,2042422628817344111,1
391254156,-3251902238152274710,2
391565859,-786384649065171325,1
392479190,2327235569889502072,1
392656492,4139423108385429356,1
392682615,-6681763232659031481,1
393261203,3657256369919170186,1
393329565,-1474781620561386233,1
394329288,-5629889331456367559,1
394680267,-578472953711170754,3
394770477,2647054330223906180,2
394852541,8974536177535485407,2
395163705,5798361343439865998,1
395768904,6375243647037532076,2
395972891,-8974580596250557827,1
396196873,3969991057573289019,1
396765685,-7043581462841783864,1
396848823,437169346947466554,1
397091033,8085189591289386786,2
397176329,89835870906081485,1
397415238,-9172164472780349028,1
397512732,-4054861255732516492,1
397513835,-7253731671402981130,1
397535534,-1414124360316447834,1
397571163,-4537955601847017417,1
397911730,-6069568764680461540,1
397943181,-6751172911321906339,1
397988898,6184402381484131172,1
398027263,208683276825642149,1
398353255,6949404391784418865,1
399008150,-1005250963178582726,1
399523267,-3727531004903608790,4
399553357,2918302178567856472,3
399703882,3200874450353719112,1
399964269,-3757243890763848689,1
400744485,4704913805443438119,1
401399952,5990114918224108006,2
402065394,671264080106754690,1
402557031,-1919467817977431490,7
402703396,695256466460648053,1
403435225,-3378595613949739784,1
404724420,-7696674427007661715,1
404951630,3357502231195632407,1
405002137,6966002160214350786,2
405214695,2843468039706244155,1
405832858,-4764079575667612469,1
405964811,-6328071172629613001,1
406148692,8158135819651175333,1
406286295,-1334183285029571640,1
406977902,224995711136973839,1
407014328,9116657837445109046,1
407044850,5836862126564883280,1
407185526,1961574432530846654,1
407648597,-1042006962652456909,1
407653117,-8594481680148771719,1
407883178,408478759398544076,2
409222227,1336340362719707065,1
409335894,4919052606054809399,1
409427594,5511629207110993208,5
409951182,5424932725872163447,1
410221390,-5158599379133079462,1
410857326,-8874338440966099281,1
410972234,3281774127134920436,1
411675522,-8237906545109999509,3
411694745,2452959118877900974,1
411735142,398147209765331431,1
411786144,5623028184333659982,6
412092041,-1746281131559311503,1
412603811,-7561723637303110250,3
413215948,-4863349564156583458,1
413455293,7243978708995664937,1
413809592,3626214555306955966,1
413883500,2602608860599710623,1
413914801,5409557873847630485,1
413916151,6082571435830051050,2
413963216,2552919787531495243,1
414281787,8235765643086592658,1
414956690,4824279122829842069,1
414973818,-3800525568148099508,1
415033577,3977537786218073557,1
415078043,7740689651324479432,1
415498542,6880496829714943307,1
415749407,2424153695724425653,1
416364174,-4753705558486572493,2
416468746,-3516472444545454853,1
417483046,-9150086499508773563,1
417956076,-5607165112396013604,1
417987965,4517073049997313362,2
418206490,8797359294910741959,4
418508915,-7619302929349864473,1
418751479,8541846857036153067,1
418768394,6837113096012707362,1
419425194,8373500227349678193,1
419587613,-7286417378153068114,1
419717216,7613051254898799152,1
419825062,-4565560135616092001,1
419916083,3639719780522133168,2
420351046,-6661335504748041195,1
421033878,362633167991898539,1
421076470,-5530878159719188363,1
421139321,5877454381570544489,1
422033790,-2576021545811987147,2
422224808,608222802652117490,3
422510771,-5535004519922207864,1
422517777,-1906035237941604910,1
422557494,2228029134433748528,2
423581062,-986876322477708782,1
423686160,-5607330379004031082,1
424212237,-8587703894123342034,1
424527918,-2344882419296397293,1
425197197,-6360682487491195299,1
425695522,-5566729908363492063,1
426085756,5519713630594210779,1
426435191,2146761173893488062,4
427383626,3794264506342105536,1
427673107,-5808393452606318065,1
428447147,-1688543863325421171,1
428510476,7928134993713954921,1
428672822,-9133556579272938218,1
429356220,-8088571961246309826,1
429928758,-1125885683675145427,2
430007181,-6048184617059742235,1
430033435,4299549791950604890,1
430348978,7560423922829585480,1
430437851,-8678014957527242998,4
430819995,5500986800422155210,1
431868411,-519250046429089966,1
432364703,-7295965963236835204,1
432372959,633524067481254555,5
432681528,3028673442294165118,1
432880282,7520707503923392610,1
433234183,-1821741914715058100,1
433391616,-2476307638688146495,1
433467285,-4663238318410184194,1
433948126,542412651502283847,1
434246241,7412477448529503935,1
434433502,2339899970861252211,1
434558035,-5413767284844367577,1
434991509,1938954498425785403,1
435081321,5783186761440304290,1
435089369,-3672812349719628500,1
435135749,-4868473493559108232,1
435137190,-3348120141693615305,1
435736053,6798680043442340780,1
435791610,3836252546860512946,1
435848514,-3342915567845308834,1
436230438,2695516202151508778,1
436563519,4451070425475905077,1
436943169,-3980225046620865514,1
436989962,-4804942300440533931,1
437418957,-780438264178393660,1
437485466,6550947306725375436,2
437513705,-6600721265446242841,1
437586573,8927843016470205633,1
437832290,5577392296656830036,3
438438997,-3752127676600669839,1
438601393,3741034694745537192,1
438646749,-7270215184058578242,1
439405255,245484680383323581,1
439590472,1826467194511952557,1
440734108,-2806567688622513835,1
441377792,-2453335270562233567,1
441630166,2629011095448710401,1
441973402,-831430001921411193,1
442035429,8346727677406138714,4
442824119,4768780801089734032,1
443026764,-900589160055605589,1
443198044,-7306460879133534816,1
443866412,8642078194331260934,1
444612054,-3356208527630858778,2
444698425,-2762938417976559467,2
445473517,-192179781485812713,1
445532299,8616566892654953731,1
445563997,-862179064434415351,1
446261538,1193199463241293408,2
446412000,-288104201781066046,1
446447689,-247368554942449515,1
446464911,-6401020854620161511,1
446476983,-1500812852991902034,1
447093726,-5175133597340164949,1
448048809,5635358865282214601,1
448784921,-4171999331964638581,1
448983036,-5376196566476272215,1
449067903,-6899176939891189526,2
449147502,2452100398309599056,1
449229233,2936944187114993320,1
450112074,-1554912467512749882,1
450555112,3944084085221039292,1
451029728,-3028633669304869654,1
451241081,1324243700748244599,1
451488323,9091950228146120828,1
452318028,5130925354502950051,2
452858660,-6827827437379716134,1
452897801,618258799991762620,2
453135280,1979246372613089376,2
453147105,-7705448986128877954,1
453256001,848993004022102111,2
453851050,7676103026578617432,3
454191208,2955021281694916114,1
455624557,8252772521342626557,1
455788353,1999032105414208170,1
455897742,6042469406955017898,1
455979054,3088855757947988275,1
456531668,4461583881760445928,3
456967698,-5899916438642248026,1
456998122,99660941246493860,1
457481644,8596116795041636112,1
457583397,-5245852232184715900,1
457705480,-6694584424867167102,1
457738860,3847012247255093651,1
457945774,-7158310149814689457,1
458632561,2655030824375454169,1
459449523,9064780231246470566,3
459558301,-8330052908786585139,1
460334826,-1935414847035740606,2
460450111,8357470284543038666,1
461016354,-4889431992738725312,5
461078273,-7841607497842965364,1
461168620,3092375042817126176,2
461305154,-3990876485731542292,1
461495789,3126650580801782648,1
461535503,-486606217772052214,2
461542857,-5673874552870552525,1
462427721,-5286641774211502472,2
462958935,3306584263872300018,1
463050232,4659547934781136848,1
463718907,6918412553270575968,1
463754887,-5163290839042759561,1
464495579,4256924898082741697,1
464612109,-7513309320928712038,1
464918826,-6424675803326315831,1
465471132,5744868713374930588,2
465687749,-491516487477357443,1
465809380,7167709554233504233,2
465921722,-1258523783129060829,2
466028028,7658810520338415335,1
466085356,3674519321645010057,1
466385774,7568501987419069873,1
466583292,2714202900482899885,1
467370843,-2648953443543559071,1
467401158,5929078098296435604,1
467426048,3279053943193550926,2
468457103,3388278432578845830,1
468498166,-3330731296959151769,2
468740434,-350877930932076999,1
469343870,-2631348756877925334,1
469366673,6832947113548419,1
470030560,-519270427871385876,1
470324787,-7772883080701148268,1
470838803,-5420344728803410324,2
471026415,8228330629630175387,2
471062112,909341702095491619,1
471088584,3319527016676451873,1
471372188,-3391995123320273861,1
471504143,125188358793738846,1
471846501,1107748730844307302,1
471859605,3570732909514335978,1
472237186,-6936572860263468584,5
472321952,-4327055320079364188,1
472905491,-1779581964055882217,2
473121090,8500189675885881985,2
473801195,5303850896736936479,2
473960090,7061138745321169684,2
474251278,-5764245621502140879,1
474378179,-6151909023062995332,2
474948886,2615046358745895376,1
475234937,-7704837641783653994,1
475294808,-1566971050473530378,1
475910427,1069221052244528722,1
475948530,3976020032396924795,1
476109357,-7094326028502307623,1
476151214,7550706689638622746,1
476629630,2595244392417117010,1
476866628,-1824619033102846718,4
476940459,-6574644755996364735,2
477177727,-880922473401881580,1
478038775,5177639577104710356,1
478118219,8820580787218947225,6
478917039,8083368644153313572,2
479419893,-8837161809274386400,8
479747520,5850912327675671323,1
479810905,-5015517872014484972,3
479888447,118800848677766707,2
480310188,-8092477997662470840,1
480583014,-425410829532792010,1
480612566,2148474015300073687,1
481287765,-9018190101973223929,1
481929883,-788987436187438664,1
482231012,6889631455905683897,1
483304367,-6473529810178788851,1
483676765,5840726071955029374,1
484267765,1842910889593759773,1
484659262,-6959198484565381124,1
484798350,-8475462231116297027,2
484916341,-6131682859559900794,1
485568260,-3664341266479219580,1
485712006,-4509358035148871938,1
485766105,3283744226745988235,1
485832202,9056569851229656475,4
485900658,4375761568880686686,1
485941796,-2312050511720633732,1
486177778,-5987097484462790477,1
486199365,7134887015974841955,1
486640942,-7254719627087341931,1
486720661,-3828164066651243581,1
486753729,5290210855503166260,6
486968011,-966809504728095009,1
487885626,2412895613446313907,6
487950087,-2872514119791514731,1
488741471,607877654117022152,1
489178186,7244271762956387634,2
489519253,5427986200329288972,8
489651585,1224327099572100148,3
490117450,-2709567821632688190,1
490487882,512164734256731529,1
490663182,6683673286386298019,2
490731133,-296418249359695103,1
491137585,2301204816299934062,1
491167846,-8782528628531215812,1
491176233,-8686364013630330513,1
491357698,2543711443759446107,2
491506432,-1038465199919940159,1
491674973,4200471105566193662,1
492602588,-161775340155129211,1
492605437,-8913048778758010783,2
492967854,3153935655556741059,1
493278355,-5123017913502920513,1
493541202,8195346011674534995,1
493557776,8833896777470621936,1
493981441,6976607784089645521,1
495029321,5048520213627887843,2
495258810,2687962209396831961,1
495321287,-5726762520098600197,1
495430362,-4830586010854619561,1
495684531,7698670336479146448,1
495929146,371024668724527788,1
496150631,-6315312626021914849,1
497188910,2267533700824070973,2
497245065,-3623105689027371644,1
497278473,-4633230141530130504,1
497363133,1931477460310322319,1
497957146,-3287766730783610117,2
498215872,1126872557168735731,1
498377706,8057071062237588658,1
498731998,5531569675131746502,1
498766319,-1885993559109380324,2
499120757,6029643755828977301,2
499561762,-6706982706959430591,1
499876766,-5862771866632566459,5
499979030,-7463370797748800158,1
500033361,-9179210933184720922,4
500838879,498646611436289500,1
500885142,4431079468174730486,1
500984145,-3741296130152524724,2
501491773,2212660579287458875,1
503158393,7823858588630081528,1
503243931,6374842565985573131,1
503590431,-5851016645450651954,1
504971038,8657161598578074695,1
504980671,4864046852719591170,1
505056847,-8779819704885245295,1
505702936,5526666177400800342,1
506134717,4019376374099305258,1
508538467,-715063071248181114,1
508862182,2286771840971744151,1
509065449,-323815836633156968,2
509356418,1967329338474510532,2
510047880,-5127312857637941319,1
510079545,4321505869037739070,1
510248977,8073184849744166794,1
510678145,6232283377607255607,2
510863037,1016656299157516627,1
510878826,3717472303258824227,2
511574050,1289430702108440979,1
511750340,-156158651136856259,1
512357389,2244221233743563443,1
513041882,-6457913623566726959,1
514166302,-5551312355146331809,4
514208805,-2611148211347398115,1
514511122,6329475694319401973,1
515929952,3930622418118239653,1
516306411,9140536842119329896,2
516518949,3795529285011725339,1
518273529,6343537077741833983,1
518940492,-4562308404131432116,1
518978598,5517626757801591346,2
519513703,8074075941631089571,3
519824395,-1979806670112280168,2
520449095,6035743585236728575,1
521244220,-5494182098247936147,1
522142129,8046859143579552253,3
522411227,6295018782043204036,1
522470066,-1749536343752077650,1
523154471,-576076958443437446,1
523394825,-5660310218273751704,2
523483571,-5678487992324853344,1
523603290,-6623978456662032441,1
524224100,4572330130583960428,2
524648833,5318442347620328972,3
525479417,3769684179545998913,1
525588071,2784922140198525115,3
526473220,-118174917334043661,1
526530582,2142292076629590191,1
526692895,4379938795532710937,1
527721535,3274536782742676825,1
527991628,3105816949580020810,1
528670047,3133240578543788680,1
529576112,-1960124749531418574,1
529787529,-7568892419755491525,1
532005556,1553558927131696225,1
532164936,5422220520512693885,1
532188849,452868556460495511,1
532551857,-9075776561917517584,2
533031076,-55992136374510281,1
533690230,-2023753312305311423,4
533998080,-6412148114891486642,1
534192710,-4509395630398528611,1
534225898,-4032013437469141573,3
534525276,7841499571909442395,2
535729333,-2486101334722599890,2
535892031,1332074604743704024,1
535910746,-9077334069635843070,1
536667374,-4140930988550212329,2
536687176,31062665785108316,1
537079214,8182457644483552244,2
537084136,-6175150715719656412,2
537693714,-6860887382605738338,1
538088781,3533578226966912603,1
538276492,2108000766625629275,1
539201086,-3569713130666356697,2
539320750,-6162681768513380410,2
539341789,6906023404222703220,1
539933844,3312771627125541165,1
539962117,-1346763914047853764,2
540249132,-1328234998388837204,1
540846776,-7980084661807394302,1
541161137,-4774009931977385925,2
541184489,-8218593985086729699,2
542609273,-1964955088061355848,1
543157991,-8458372725694970785,1
543408749,4078882850901696630,3
543774554,585443089515051837,1
544941395,8336353305138943687,1
545281944,-5127066593280681141,1
545448505,7423081632002546294,1
545869488,7761236362437098800,1
545978235,7788212102143068176,1
546314660,2468603102926234435,1
547111805,2821875671988420046,1
547690420,2803748114075705,1
548402417,3521197668929246256,1
548648561,-5851821937904045225,1
548733076,-7792705538133612703,1
549017302,9056986646234619489,2
549608596,-4566083815172929859,1
550013245,-7262566847027966383,1
550102159,-6755274257903024921,1
550506522,3265047523317301829,1
550555137,7252880622183725883,4
550868599,-7826992825943104562,1
551121215,-8010851061075435161,1
551810072,-1374465749939515872,2
551973848,1583657834192978267,5
552168790,1568919130861212272,2
552310211,1834060698484205991,1
553370995,7889407762609517888,1
553421680,8293776147401079337,1
553524655,-6193080976488676057,1
553626366,-4412121984011331151,2
554442939,1385813639499478592,7
555043645,-8604282458377168335,1
556916371,3173054120578142926,1
556966481,5477314432733020870,2
557121575,-6029430248329738585,1
557242175,7617896103283318209,1
557558999,-1832133547832308918,1
557625940,-7783116731369607382,1
558471461,8739963731311611731,1
558577298,-3439477823014996559,1
558623398,5792473240737972224,2
558858276,5460294521761604818,1
560209970,7723621909486009309,2
560509154,3792983169229814167,1
561024559,-1836375542406851154,1
562069488,167455033677079280,2
563102577,-6796802707908300238,1
563600924,-1733192392529380634,2
563662489,-9125006306495344722,5
563691501,7020076827863004605,1
563815174,-734568792429341144,1
563838365,1586482258735192419,1
564577739,7574725976041753133,2
564609095,3408954744225036751,1
565368264,5595588300080955871,1
565816281,4258986096047706905,1
565843500,-6593552284155101749,1
566150054,536192537942421077,1
566446459,-2631454261233573660,1
566528814,-4643297745253946135,1
566546881,-6041801238366683084,1
567541363,-2096909361416684333,1
568070717,-1413723586537913890,2
571192334,-1794115891139605616,1
571224766,-1735531304117430735,2
571665689,-8023349009168374607,1
571737885,-3119864813029347011,1
572074452,2539509111188903251,2
572866310,3256068160393144211,1
573872757,5134531242352914240,2
574814708,4578481740660579344,2
576128417,-6612563951842861901,2
576158296,2343019681094276979,1
576638577,-1559885955216399321,1
577090118,1709048633345874503,1
577300047,7072986812919811448,1
577304159,4584485974774986288,2
577377413,6987591569917961377,1
577489413,8393433083378160705,2
578305883,1852984005734457080,1
581064826,-8456200335051666569,1
582038673,678960866452798339,2
583941667,-5582936981641157379,1
585002404,-9219549102668777674,1
585439502,-1636731466610913671,2
585866849,-431035517475645555,1
585871107,9107522679973925321,2
585945223,4495802642897911343,1
585968039,6785812508370598161,4
586014235,-2515836507645925576,1
586816158,-3963525696193667328,1
588310965,-2865306596091497283,3
588386974,-8625102706602743645,1
589111823,-8714934067033117774,1
589524594,-5180397524087224795,1
590697818,-4318429618841681545,1
592735595,3948495157233640305,1
593519995,-2841609437527930293,2
593711002,3029520806311885775,8
593966072,-1962425393291699443,2
594853057,2207834248281260644,2
595309273,-2505202202655228041,1
595465087,4058920762604823183,1
595703619,8691618376381142862,1
595865268,6990692098614397569,1
598393764,-2967449681830522536,1
598974424,1820399856382670030,2
600108353,-1251179033376060013,1
600232964,-4228155339819071674,1
600899813,-6052062015579671088,2
600939530,8986016229895705834,2
601089165,-2462250064388128980,1
601194502,8322200893533444473,1
601634989,-7714277624443839635,2
602745284,5181786262831120816,2
602945125,2944060408120468943,1
603536170,3616755634472738089,1
606713389,-9157596252464734639,1
606823551,-2026786695583994427,3
608407898,-6333639307012130942,1
611058226,732125302782687167,1
611733183,-4008328474955987124,1
612356867,-9028079326084980040,1
613378676,366469429597910073,1
613488353,2728050371524455502,1
613679095,534973363113303006,1
614358164,8305692457188848815,2
616969586,-5889452025403135542,1
618323957,8714217897906710883,1
618384392,-8526330871576421355,2
619278378,5929164123335130061,1
620434876,1392892757884097424,1
622123429,-7493626487089668762,2
622283996,6897086725176176766,1
622692694,-1123919886933866019,1
623152389,8818058786487634184,1
625631679,776069690123615030,1
626338817,8954955652540852537,1
626959437,6447220998921407884,1
627869352,-1744949496913312506,1
628465921,-8378751895074829131,1
628488643,-484641411351219762,1
630048754,-1759663708065784122,6
630644340,-8598904142404366527,1
631570854,-4682326281504448853,2
631972232,-8286697673504329103,1
632222114,3134352559276458703,1
632822129,-7057332160564114647,1
633590671,6114954909471562879,5
634655820,1909656529669957766,3
635563356,1553473719579935166,1
636195322,3619588996194060490,1
636431935,-6481594117123400232,1
637291126,8238515223132854436,1
700080527,-7168749314871350536,2
700086188,-3302087822630515599,1
701834822,6042325040732617099,1
702853987,3510369419817037724,4
702869184,-6555618643124681662,1
705211885,-8609357791897697233,2
707142721,8094690186156976595,1
708649686,7781391715183383073,1
708782616,-6265525696708696905,1
710406978,4912481633422867223,1
715088737,-7130232084389963512,3
716497794,8976346076323263501,1
716965117,-8540517239056244331,1
717428109,-517742953288557890,2
717924477,-3868730522326061057,1
718046691,-6586735405247715781,1
722329598,-2525458161297816012,3
724183434,-4940902790536316943,1
730377344,-2040261219296841174,1
732792264,-55881620692253035,1
735038095,6009886932760473423,1
737491351,7373285143840445133,1
742396903,974598081277469767,1
750847152,-7677119948195145051,2
751037905,-4499396135771217324,1
751332092,5400471777898080295,2
752291029,9127184190895942961,1
755630929,8861014761147373375,1
757492328,-2054660255129603377,1
757598834,2320556127188469371,1
758800272,-5873277831970666867,1
759474386,-9140607632492097412,1
761121380,3174300896183237263,1
762368563,-8650029698492443937,1
763784342,-2611122982116048118,5
765522607,5722246342876849207,1
765631291,8716387874566286713,1
768146510,8523914302052546073,3
769376660,-574271724412593744,1
771589886,7223892462628700895,1
773075011,169621896781024630,1
773892955,1007817028044463301,2
774700820,5189043989752384656,1
776081114,-581088380064639155,1
778866115,1472343370807723066,1
781074032,-4043672629583156094,1
782360828,7086628387213006191,1
782962742,123776124149486543,1
783212618,-6908363507484150877,1
789521960,-2113286549228519391,1
789611528,5438271425946215539,1
789633654,4288871122720595544,1
789723402,-8720276906398739238,1
791399833,8704676534120473030,1
791635303,-6773734344533031038,1
793617008,-6770433164270846826,1
794450622,204899653058521598,1
797820878,-5602335780919835259,1
799301677,3970470105433559353,1
801140052,1044250361670810617,1
802301155,8415628432423965997,1
803153028,-3667376438632610111,1
804354408,-553598483565340979,2
804947672,2933441441054955308,4
809252484,-1695899640287548123,2
809577204,3657748593790422344,2
815288612,6098895444480683133,1
815584747,3108619178115040257,2
815727720,-1881191699427260976,2
818183167,4559437091320354259,2
819706201,3394320634330044522,1
822203282,-2390821876073840770,2
822241722,-7566398834641607535,1
825654968,7765747265771628377,1
827577613,2774744368042660078,1
827801822,2781005328664331482,1
828977977,-6400456281853378791,5
831768450,8958619530076672960,2
833159858,-1932802809429621728,1
833634864,-4141347213094230851,1
833925571,6172846936802053047,2
835810027,172445183205482970,1
837370652,3376727784522148354,1
839726317,-2608056619211527892,3
840243150,1560178215451398074,1
841328448,4104905580887863371,3
842037972,-1352205517542297006,1
843823051,7893517217035564791,1
844113902,4642796205244032937,1
845158382,-163292782775282064,1
847465495,-964856976320125920,1
848298180,1881782851642196268,28
848897904,9101786007745136409,1
851233315,8780811337327271414,1
857752873,3496697263137488321,1
859257162,2477068169706842625,1
859582356,7540065355821318163,7
861184807,-1728383225426606937,1
861417516,504173785592780616,3
864674870,2631717402644231572,3
866588017,1817545985134449865,4
866963904,-902817003203290289,1
868554732,1400296594157498377,1
870175818,-1634239219048634853,1
871867350,-5869862295070598986,1
873740671,-5277162561777005351,1
875738456,8411880690223003179,1
877801596,-1047098512027864309,1
878089249,7829597258912163783,2
879940428,-4934230510818079027,2
880502911,-8597642193207905857,1
880880947,-298804563854431884,1
882016994,8317681515554794146,2
884964986,2833363787641556378,1
885091675,7352251462473733109,2
885193368,682979448858316187,1
887576396,-4027326845037890603,1
888705014,-2843058804863222226,1
891964664,-4212294982812787661,2
892247234,-6055151808979223961,1
897054630,-2463362190398630520,2
898167812,3704029692383261155,1
899952481,-3736666581323819528,2
901325970,-9161388018082040508,13
904090579,-5369481243766420931,1
904292431,-6436003061685233703,1
908380926,663687350304086528,1
910185193,-5310739989670592884,4
911241938,-5032202187490964175,1
912616352,1111218377368720548,1
914910704,-4696512937924134884,1
917021574,-4214569528352184110,1
918636781,-1340641657934735638,1
919015634,-503024414002900100,1
919840087,-5064744376341586671,2
921554756,-1069060505544667000,1
921576852,-8217823836828951756,1
921613596,-8154222227804943758,1
922011098,-5618524889666125780,1
924750434,-2895294169459096636,1
925437584,-4774135399463670094,1
928184462,-4814813860699064725,1
928217526,264583896930459831,3
931422733,-5502029782061586327,1
932393936,6274683705293291351,2
932814966,-4997296707670893148,1
933273979,-6702716645838518762,1
934009284,-7913667793102546842,1
937349317,-1591075546949310521,1
938628660,4815612055661452436,1
939086400,3773997929000833437,1
941182082,9117901312560428139,1
941772781,4780159001130894193,1
943741243,-7654629130706073978,1
945645446,5477648045129675607,2
948637243,-1912559176066854868,1
949421256,-6420581355374297868,1
949485037,-863972576815482162,1
949565683,1068080005861946958,2
950116356,1470835797145036931,1
950216629,-6727124544485405912,1
950429040,1035582139789781354,1
951726650,-2761701942020719015,1
953548088,5994621288083427627,2
953609706,-7399710751369074974,1
954382453,7150194096429229827,1
954532837,-5970540688751584361,1
955316034,2144778388750179425,1
955418240,6546227424302353686,2
955709504,-2416867318069200705,1
957221887,-8665661016455615843,2
960887005,2238309396236722846,1
961184737,-8934980387479819081,1
962462347,6491524556163423038,1
962989620,2464965201908324108,1
964991202,5860326287105416039,1
965717251,8966965035367406240,1
966890761,6068817073265245208,1
968465065,4638342616201628958,3
970979858,7466479981671648289,3
971744990,-8148999840878310524,1
972002929,4381390447923856435,1
973452510,-6361338710491899695,1
974830003,-6672615283659095759,1
978385057,7757703092552589411,2
980584578,5401030579532296966,1
980642760,7986020019225843437,2
980923062,-4725119534397098448,1
983037337,8004156339123686344,2
986342528,-5190769080224851008,1
986708436,-3213720514654708169,1
987422443,-313116463014019902,5
988855532,950713811674298318,1
989333264,-8774334951791110040,1
989621959,1480591277359761242,1
989673978,-8674784218516315338,1
990375644,1941559571555611832,3
990962905,6310210238330232653,1
991982018,-6638189292108379027,2
992759666,5437644899199199293,1
993225440,-7262921805698409388,1
993461228,1451256857104039190,1
993549181,6176846280598388984,1
993790446,4836806623720614488,2
995169733,-1333527459384710445,1
995623958,-4344214978393815932,1
1006183458,-1629090019774589753,1
1006258488,4239466216479481682,1
1009243501,6837365906403074278,1
1011872936,5782605323476325049,1
1013902464,-8685440456331593530,1
1015166941,586296392539691496,4
1016142582,-7585598390447332533,1
1017677078,5315180461041333141,1
1017976968,4565981815089340336,1
1019785765,-6657691690172033546,1
1020425264,7738378764024157554,2
1022202343,-5550176857653194814,1
1024457821,3928206688304151565,1
1025041897,5160308644399121582,1
1031667805,-9121798894976132423,1
1032492308,2083590720284954169,1
1034982685,-1312392553628264184,1
1035376896,-6229811374981388097,1
1035402686,1708529881064550606,1
1036561628,-2856497065124507116,1
1036714412,3226253733418349287,1
1037819534,-9201864934331887881,2
1041867613,-3905518139730424204,1
1042624093,-6239515003239764932,1
1042897495,-985797679406216287,1
1043211985,8480900173341569357,1
1045047397,50381482446371304,1
1047701521,4795111163259830884,1
1050008672,4567330416628803445,1
1050056786,-4276510888232423759,1
1051325084,8160731098346157876,1
1051449013,4832049370750215126,3
1054466197,-6459690099151605296,1
1055032962,4456860000056445800,1
1055129053,-2524922900224206366,1
1056094116,5775288583176771916,1
1061413230,-6244358625532920306,1
1061519538,-4260274862691045663,1
1062799087,-7111256441759651889,1
1063284314,9208378714484108710,3
1065733380,-383584108920744330,1
1068353282,-4793739739449073023,1
1068793021,-6166871961905217263,2
1069302920,3616197935544152473,1
1073355817,-7836484527059575158,3
1073561202,-2948971288159200929,2
1075101938,-2353296648205547310,1
1076701464,-8475593003953566529,1
1077343525,2092965311873538347,1
1078080398,-5924529985408925866,1
1080257989,-7998718252058797007,1
1085698645,-5129510526316376361,2
1088806153,3657930093704594605,1
1091380531,9207773002390161131,1
1092329042,-6753619683456089073,4
1092509449,-6579233800459351306,1
1095408091,2828643810782918487,8
1097616384,-3354141205383952118,4
1098289812,7789924740360604242,2
1098634333,4331634666813880850,2
1101569726,-7054620899880567695,1
1101910596,-4255013017153558530,2
1103912832,4600394334337290831,1
1104770430,-8378780315132947229,1
1105806350,7959749688760587483,1
1110000780,-3119312336203106924,1
1112370672,1513473075259284267,1
1112700469,4018630242382274448,1
1116762632,-1385561459539792756,1
1117026060,5307900032528422829,1
1117438184,-3617959791400439739,1
1119616465,-4169989743921749220,3
1121809812,4392198694413507518,1
1122271712,-3197376788120591532,1
1129092679,8469161375627089097,4
1139910344,-2486931505122317204,1
1140517423,-1620818227995504263,2
1142218898,-2819957364958687539,1
1142667001,-9202264134284622896,1
1145676990,-6127342499492679229,2
1147979000,5942941889414512783,3
1151076073,2201762718197350,1
1153542985,-6809645704847884297,1
1153942513,2566650014829076544,3
1154893591,-163775124527350555,2
1156611540,3196953956315246521,1
1157714708,-6955810737432453402,1
1164038954,-4828722117615310582,2
1167316106,1424936670082970363,1
1169382342,481150903818471842,3
1169895661,7382840973876108132,2
1170033188,5487629857388376308,1
1172000148,-6865594693432386971,1
1172160174,-6295507148882006472,1
1172246365,-3534488740953770022,2
1175532374,-3206017418558301668,1
1180186974,3594192880716543700,1
1181984810,4000376377589507753,4
1182812089,1723743746956407023,1
1183254864,-9128784224083573944,1
1185175076,-6417959465041556942,4
1186579326,6982454667334730754,2
1187098998,-3103814561841767091,1
1187537922,-2355201771750011264,3
1189604124,-5590228051535525719,2
1190074938,-4827849401347508888,1
1190104796,-3401556284500837975,1
1190438570,-4381652253696115436,1
1190659814,6624858578764496882,1
1191044893,2489379652067140261,1
1192856120,-2722729471329080281,1
1192906375,2367507728145279678,1
1193780617,690564276651837345,11
1194447878,-1482418055001508246,1
1195281283,5465031371176105271,2
1196616440,5525102072224876360,1
1198427719,-2607757568923604278,1
1204076264,120297650487114838,1
1204266409,3284878104236459400,3
1205378384,-8508245231025781852,1
1205660022,-2752634430708479874,2
1213929690,-2459528963179449061,1
1215051793,-6143249292044782974,1
1215278472,8643512151148839233,1
1215684120,1492890415123910008,1
1216418366,9025573427151360745,3
1219497133,8915118080091073844,1
1219792052,2643677464547812606,1
1219944530,-5153174368038457981,2
1219997396,-7895523538966844872,1
1220811823,-2172710501980086520,1
1226161430,6879858644464318910,1
1227312048,-9151758517692061782,1
1228192165,1127164488359464301,1
1230740786,6568218900166799090,1
1232067242,2501374959337224775,1
1234787947,5946594320963993579,1
1236115837,5323319488391780856,1
1236533563,-345599561688386851,1
1239749629,6423490686832322470,1
1240028863,-5997448473256961058,1
1241669749,2470073997698651837,1
1243693399,3123849799459536248,2
1243951297,7154626666160383545,1
1249625628,-9026804016878436445,3
1251142213,-7917655715781688430,1
1251792710,-3418485744852692798,1
1251945734,2634542559283522152,4
1252037778,-845004564381891527,1
1252644810,-2407882596957263508,1
1254065863,-1872818670601671881,1
1256984179,1924549207222933782,2
1257355178,1508765432765066819,1
1257549163,-2204100788692720536,1
1257959892,-6965300556534330128,2
1258954933,-6533588614674030813,1
1259636106,5640129404065199169,1
1259636708,-2616625105329363711,1
1260617916,341394055104521347,4
1263897847,-2945912276334134408,1
1264572464,-1293669422630374969,7
1265161945,-4160441221233928438,1
1265816774,-950258138185167953,1
1269037446,5266955138470648385,2
1270147956,3170113166403192507,1
1270339064,1129510006597777611,1
1274683706,1948955227642251111,1
1275759499,-4476401867621567645,1
1276024356,-8483793238368732931,1
1277628199,-6059434292252077806,1
1278841860,-5374583095061435861,1
1279976640,402639800670707111,1
1280187702,6606425427297724986,1
1283167465,-2960109119194844132,1
1283784692,3240610648209637340,2
1284135584,-5764851129164592216,2
1284533990,5226421275789598534,1
1284847530,4402655000939373993,1
1284865446,-7854848998332876224,1
1291795656,-1587727485817075670,1
1295763684,-1687531054324945745,1
1296251124,8715136126074651014,1
1299394213,-1630303293430155532,1
1301071730,-5617669160866269660,1
1304968112,8915685369560106483,3
1307701525,4417836647296445909,1
1308390722,-1880657782814688401,1
1310209976,104822103429097396,1
1310970679,8324877341972567283,1
1314974208,-1478215839292066931,1
1315244646,8881381303445682159,1
1315331190,6598858987571647771,1
1317058332,-5222592197432267156,1
1317255619,-7122455802839453911,1
1320059990,8691436907210294411,2
1320481746,6886241090947037975,1
1320842954,-1229452513048348600,1
1321299637,-3129421830716644733,1
1323103063,7126135712217243403,1
1326542768,-7365395441624934515,2
1327083288,1224221887195509733,1
1333912172,4245595619976843630,1
1334156047,775346877196587542,1
1334520595,6542085861674179830,1
1334551939,-4385053469011860002,2
1335111950,2879830651966617093,1
1337114959,-4791139576542503290,1
1337250006,-8667834247409209829,3
1341363596,4449367140518113635,2
1341462944,1072395931646087550,6
1344446923,-5410261831818993538,1
1346756418,2357515576050619901,3
1347561192,-7317468876387428393,1
1349008914,5175086057739360920,4
1350121328,-495283560041986777,1
1352936652,4034604421885209387,2
1356896318,-1300795018986982979,2
1364562216,-7887376723138069237,1
1364747348,8765632137439553345,1
1364918233,1324469145073283549,1
1366239883,1740187356535789551,1
1367227718,5301902903505108880,1
1367320051,-5514302336476755140,1
1367853685,-6404928863825999680,1
1370063970,-2712904775024051286,2
1370154457,-8151794113487461503,1
1370300701,-1282392424141892853,3
1371555236,-2890251430841384904,1
1372218998,-5921233485630990271,2
1373003899,7933482087163519704,2
1374561420,3160928808040433849,2
1374637550,-4580793463103172012,1
1375185360,5630686748171696417,2
1375560278,6742226404912201252,2
1377185270,-6698103590618200409,1
1377373874,2459192659468897317,1
1379009748,-8334179510688859934,2
1381354952,-2745289992480106008,1
1381899128,-9027016926821990209,1
1384093369,2279420102198020948,1
1385397686,6425260308291343872,1
1386808813,1233548603988538167,4
1387006716,4341853937024196214,1
1389754730,6563675289471846362,1
1394695128,482562860261424557,1
1394696184,-1162683238232661598,1
1394729707,2496992001611405110,1
1394733535,-7411462528198962564,1
1395071677,-8484098792937320930,1
1395720890,-3268460443136412708,1
1396368162,6360258680673244147,1
1397160920,-3142315985796722978,1
1399311012,-3271669979918572221,1
1405048784,8761075634093484725,1
1407170538,6914317810034849292,1
1408857354,5468375905656211952,1
1409881064,-3596471643346186215,1
1412615804,-5451997911194462613,1
1412869933,-4349619493863364820,1
1415199685,-1292390634251518869,1
1422641600,4724480546061439457,1
1422951895,6442639487925384996,2
1423612891,7472722728516295506,1
1425420246,1474533656152396170,1
1429916701,-4477290167160796746,1
1430071262,-5291295627574083029,1
1430375412,4019040736203786607,1
1433049804,4093662322424036372,2
1433682146,-2663093267935711818,1
1437056107,2424738677426057266,2
1437778471,8761012815761038892,1
1440962359,-8665905793475216703,1
1443680952,6206830616259009956,1
1448256410,5740959160325553340,1
1449085322,-4754492578442082829,1
1449669036,-7632748617567081393,1
1452224784,-8830447889216218496,5
1453825340,6833204967245964995,1
1456331970,4219559716405687132,1
1457586187,399334008173323626,2
1462795398,910340453301836722,1
1463582652,-1008332518778075897,1
1464258434,1245173599993134081,1
1465205899,-5221412872880191083,1
1473703796,4910730109721693446,1
1479188036,4236080082297487396,1
1480462328,-1154660697788591671,1
1487259344,-1647258606880323305,1
1488352880,-7173460081503719126,1
1490325918,7087212671480716715,5
1495448060,2124642636479400618,1
1495903728,6950722839201463290,1
1496796704,7442319186102068266,3
1496888209,-1084493843676015288,1
1499038580,9160773054767648951,1
1511017759,7254365561491547409,2
1513003201,6655571043110761340,1
1514159575,-4242851633383463782,1
1516176810,7849846310292923753,1
1518019460,-4274778224624086919,1
1519723124,-3687356999504949353,1
1527017767,-3779603862757404108,1
1530629522,6611058333850548701,1
1534030591,5284785505183231514,1
1537004713,-1812594023046767637,1
1538681755,8086477230116706815,1
1538750090,-2860812567365892673,1
1543225994,-3289362702754681601,1
1543261039,2455281228581904574,1
1543389547,-2320680064933861119,1
1545817196,-8270751467523042104,1
1546203644,-5962626857449058741,2
1547561378,-7635788310438799066,1
1547910950,2394178859133451037,1
1550184012,4703238744169727424,1
1555373676,8209918207424723760,2
1556491195,8485424087473410623,1
1557730285,5205192521038720602,1
1557967051,7396557223860600286,1
1558865155,-3099265020560021475,1
1560841706,7714570784112195793,1
1561023786,-1892033799938214230,1
1563356755,-7795472945951023396,2
1563859506,-4614466729049790679,2
1566243020,-5602544477537098251,1
1566803234,-1081419679794819680,1
1570679005,-688223870120686316,1
1572129602,-2174220596640869155,1
1573620055,2959560005340006668,1
1579922448,-8186590633470905996,1
1580473561,-2024994097838435911,1
1585951693,-518674380902074203,1
1586235498,1501357411507527929,1
1590315348,5688560693166265206,1
1591695175,1510837405371583644,1
1593062018,2890655758730867645,1
1596384889,6076791304393894148,1
1598207899,-637046537685175675,1
1598456107,-7553811800793622407,1
1600945850,-8061704898019926971,2
1601282016,-8054112612461580163,1
1601298356,7009452136083169278,1
1605364316,7555577809249649856,2
1605571304,-6615065375573309744,1
1608309858,2751693210094512786,2
1612479697,-4364842381511842809,1
1612753232,5920494638709278513,2
1613046314,105577833403780122,1
1620754188,3458817689637988194,2
1625285929,2470797893373982544,1
1626983246,-5414340143096504303,1
1632482760,-7733204526903714025,2
1632546822,-777253095974083068,1
1635452532,-319621009780843738,1
1643046553,-9034684074993890382,2
1650427206,-2135498314914933649,1
1651145281,1005854016767711130,1
1651533518,-7876384075918359223,1
1655314501,3465588157398077738,1
1655445397,8957324073832713895,2
1656227935,5516970771825341109,1
1657529580,-1919207689499780583,1
1658117701,3127902929766110601,1
1658505859,6017255013598137325,1
1659473750,-4699646462377520187,2
1661055140,5260384024236711502,2
1664795384,-3062339622112745465,1
1665304644,5124878595038365684,1
1670212740,-7165587003882778729,1
1675605432,452332348100092007,1
1675946220,1853352324165599183,1
1678429722,-4238775730728575762,2
1680121567,-3184193552809496543,2
1685598642,8327777602619418933,1
1688469204,1197341540602898053,1
1688910698,3015400701571698410,1
1689445110,-6131116765451104011,1
1690549800,-7975617824856482949,1
1690928773,-8421749340249939574,1
1699359564,5741578192475568282,1
1701341054,-8415073059279137120,1
1702951794,4207763528920019065,2
1705231542,1166048692187097234,1
1707951492,3575410932091122821,1
1712916001,2753748166960514023,1
1716005905,3238236529064067635,1
1720513681,-6682003038684302885,2
1726225616,8535161492873066652,3
1728176178,-6932035663133610381,1
1728225542,3303832393223871666,1
1731475147,7583477870315304402,1
1732467540,-3671130497387202452,2
1733471058,7434112671353247998,3
1734343080,-488923879427364815,2
1734783068,8007005446707750972,2
1734908142,1511371637795066867,2
1745579930,-7148509982302244719,1
1829489749,8642966235845103089,1
1851404804,3009795691308455173,4
1857326258,1375435248265525418,1
1858934090,5909656389284051658,1
1860617047,-417287526231368390,1
1860640794,4793054428665814255,1
1871088685,-1522561672476426268,1
1872166160,1054108486166680745,1
1872307176,-38698343473928705,1
1889319487,6059610073055281914,1
1890955496,1728960663095384178,1
1894007586,-6385656533208329342,1
1900493299,8527770727120088898,1
1901074027,-3175748350445150434,6
1901295348,-3683220803488711725,1
1907844254,-3108506723765968661,1
1911244980,1460263253544102591,1
1912230979,2504333003553291687,1
1917311582,1831797588522067019,1
1917503713,-6820512095522111474,1
1917855938,-7694378183369242505,2
1919864077,6615632648198720249,1
1923621890,1253856983960111380,1
1927158368,9025329344151143553,2
1930613306,6367075035942704807,2
1931183455,3856824630618205719,1
1934076678,4939087748909172148,1
1934979288,7291180548954300502,1
1938254768,-2838900543118561323,1
1938400746,-1853513102903341203,4
1940424086,-3376029947532567843,1
1940891647,-5441846797317620267,1
1944861764,6973579443558384507,1
1955041746,-5286957440324618684,1
1956985945,4157738328788842904,1
1960200727,-2890294394074632112,1
1960684897,3947217122517626747,1
1962587364,-3728298866537944791,2
1964240328,-7546866394232980919,1
1964784336,-7872176480474152838,1
1968857696,6462820918011048529,1
1969013042,-2839616978549678155,1
1969148101,7872402115139350231,1
1972786862,7520628145175338123,1
1973059418,-3429690600962637345,2
1975150249,-1877284570931434334,2
1975404038,2535864594468067442,1
1975578234,431886986514657324,1
1976765053,-2592050268042874312,1
2149443581,-184766110210117825,2
2149665647,-1890095417857765236,5
2150026569,-2225877990644814315,1
2150341105,8975314028255214772,1
2152666592,4841997857259719451,1
2156447281,-6183815979314411997,1
2157047308,3809516846313667018,1
2158479523,-6086496913285034436,1
2158797775,-5259157813347358455,1
2159460577,7729470834263343091,1
2164271857,-328763840640568749,1
2166570035,7995020586064586566,2
2170163323,-7760544793365440317,1
2170527625,5768610792318067306,1
2172112793,-1580130505165287555,1
2172547065,-7884811073952034992,1
2173989512,264151147933124316,1
2174516424,-7983179093118809807,1
2177793898,-1509839678766272493,2
2180358188,-6206364027130178807,1
2180427250,-906092530114329305,1
2180550020,-3153389775742119601,2
2180562136,-6048314059751391152,1
2183608347,-6783402347795090582,1
2185023238,6707384192137266091,1
2186227940,5143554198842886148,2
2186615856,-4218529653872820622,2
2186888442,-7464690769614662125,1
2187512267,-7843450514779868704,1
2188426941,4370880448755636994,1
2189301274,2413367688402194161,1
2189753447,6867643193142601446,1
2190343351,1051093511600395614,1
2194149244,3189586908895530372,2
2194263917,-3277931105561497320,5
2196255720,-9135797516775792299,1
2196515095,5439130847294207478,5
2198332088,-4686260060939110719,1
2199403235,4962097856779366649,1
2199663330,-3307474501545441180,1
2202882715,-4471392925166359209,1
2203405412,-413111371778080812,1
2203586693,9093388531576824638,1
2205097632,5889270041869306669,1
2205653976,-5805435273403817640,1
2207176598,5856559171321499581,1
2207603119,5281112299173883543,1
2209605871,-7529280818044354527,3
2211040810,8187725271113608694,2
2211965776,-3744940902183605811,9
2212330105,8894988025092873549,1
2214103781,-1049924854616574946,1
2216179636,-3617854248498524467,7
2217474294,-1427929897428796656,1
2223991277,-8151832755899580747,1
2224724207,-7667765395025206820,1
2224974581,1825048052233261617,1
2225720108,-2931581525531062201,1
2226999990,-3816925403765049046,1
2227214903,-4705604028721938053,4
2229115235,3850398607624085224,1
2232075885,-5247293136211533346,1
2233028255,-7145363651583470892,1
2233148521,3900490521153006528,1
2236221833,-7890610455861445809,1
2236280098,8951923609290526313,1
2236347370,-1508183786122864926,2
2237231593,-8537243823371393291,1
2238810722,9009875248819184064,1
2240593940,-5624399741220959011,1
2241449598,1920369094441512908,1
2243083691,-8307749973468579762,1
2244918035,6235195035815772042,1
2249654805,-8052109305171227046,1
2250109702,2054084947206739845,2
2250175129,5942496576027565618,1
2250787666,-6315618163568644428,1
2251943851,3031972253554797616,6
2252090852,-7483234083872694559,1
2252135134,-2741797416010032106,1
2252204138,7206495181306666624,1
2253774090,-4338045477191705740,3
2254004230,6163540298627195739,1
2264097773,-1774172970965880666,1
2264935296,5263326422856384511,2
2272900429,-3487803871735714970,1
2272932991,2860931456885242451,3
2273624294,8402989765755954166,1
2273673031,-2522493195118908015,1
2273700805,-1584781312921354070,1
2274279342,3710572708340738334,1
2274787244,-5122493709346056480,1
2276032819,-2742053661056149156,1
2276181721,-999631163548406287,1
2283375104,-3622272989447588650,1
2283453738,-4735873368753554898,1
2283777676,1426745360906758876,1
2284006748,4759542786327430236,1
2285587824,-3165557774013483537,1
2285619298,-2197741681285017791,2
2288157877,-7696897477509283527,1
2288793137,-7620062710188751947,2
2290323661,6907451882161321573,1
2290621204,8558069033702620968,2
2292045232,7850483565382902962,1
2292547820,-6100907928309661678,1
2294148791,2390327637336474269,1
2294153219,-7330785738961879608,1
2294330182,684696982011364540,1
2295815185,-7074593105119315844,1
2295940746,-1415040455942030037,2
2295976942,1813201760109040860,1
2297565537,-7186278063854549821,1
2297906845,962674987921177629,1
2298109566,1244832372239589434,1
2300115365,-4224303240341023315,1
2300163407,6927286263138266017,1
2301713838,7130485413514942541,1
2301836491,-318884558971813471,1
2306325718,4907877062658373969,1
2306512884,-2881229068185412131,1
2307090656,4402868358249783584,1
2314130731,-8178239020618459420,1
2317784647,8808592577973871793,2
2318750344,-3178785219960884301,2
2323994552,-6015356225059472837,1
2325767592,2496680338183978679,3
2325890912,-5206062877344507232,1
2325991760,4541148684859862408,1
2327133380,-401618064327506261,1
2327665704,-1379513809687841128,2
2328471661,4706068381988530518,1
2331707116,-4992569332306130233,1
2333536199,8468896633674841656,2
2333859956,3308333903066356766,6
2335615140,-2994849080075847229,1
2336741310,-6361869433723028742,1
2338169095,6320170530763769359,1
2340694608,6733879949987972923,2
2343447444,-8968157489319191181,1
2343512623,-3418220551315141224,1
2348453564,2175839198752112422,1
2348699587,4808390482898220985,2
2349348009,2905160836944263547,2
2350669087,6640937843434060326,1
2351314486,-6923567967470463152,1
2355256140,5797532249742291414,1
2359612764,-8814268509464540127,1
2360519002,-7155717643455239952,1
2361057837,-1020210558645706288,1
2361308749,2269927103660437674,1
2361364791,-8069696786463019293,1
2362344458,7441968502433754527,4
2363592699,-7610109524024149285,1
2364378031,-6300036012406742291,1
2367721984,2638055354224563414,1
2368749692,-9145082769083261458,2
2369010655,-8294865202704706780,1
2371021127,4816764036186624964,1
2371098694,2558454965898781558,1
2371341754,3064327345719719304,1
2371523049,525090429106116012,1
2371694221,-7476126378066881988,1
2371809487,-2851382890025993836,1
2373026109,5444490401304616964,1
2374360657,5051232236184659352,1
2377506139,3800247235968684620,1
2382481657,-7768293542831250265,1
2383048839,1847010876638985282,2
2385548706,-1406635488438162781,1
2388411209,-3925796356450837483,1
2388790596,7922795343956988646,1
2389508555,4374476024892642303,1
2391826305,-8132748588253870187,1
2399947865,1555452168969611886,1
2400443639,5100227493235051916,1
2400520035,-8343365208819327267,1
2403098170,885565071437308781,1
2405656973,-5026919072505405665,2
2408803254,-2778546014396753395,1
2408876846,-6452433282936275603,1
2412250760,-2847410716743129539,1
2416067982,-515220695775559004,1
2416229854,5253286254198219359,3
2419472748,4598152516258270356,1
2421070245,-1779453053535919679,4
2421280463,-7383140664171746441,1
2422948720,-7322146478519752844,1
2427072883,-7886129539625454049,2
2428788869,910168675343266299,1
2429285868,-3897729548169931551,1
2430765871,8633607461647673748,1
2431963340,1555293459228882103,1
2432087882,-8509540669935081672,1
2432146794,-2811883777560368656,1
2434174828,1341286170005639385,1
2436078541,4890353757499401645,1
2437403432,8925552950772556891,1
2437501161,5409567117391279450,1
2438105965,2986645654733448927,1
2440683700,309483450745035502,1
2440740653,2402833270935431822,1
2442512961,4035518441704049685,2
2443986477,503412355343170096,1
2445933164,-2003127003645809159,1
2447398471,8505542972023110415,1
2449477825,-7561191754114753246,1
2454172449,-2716892427514664018,1
2457027307,3749743695811061956,1
2462314591,8617852246646636226,2
2462543309,-1779250910357694626,2
2463405756,-3733996619474562590,1
2466339133,-887651958251577293,1
2469328419,-397635506180812158,1
2480106168,8588254174647790550,1
2480226906,-3015054635323712564,2
2482307306,4489704397265571047,1
2482513896,-7248434461620852559,1
2482695150,-5616953575484092986,1
2484573942,-8502987583905084687,3
2491534261,-9072373456040280730,1
2491571114,525127121586024749,1
2495036241,-2076232806388464783,1
2498393796,-1903270089118254483,3
2501216204,9212828256248281705,1
2501601164,3178803123106123909,1
2502741000,-4811003448253960060,2
2503575639,533070477523572908,1
2504046012,2937853594267988415,1
2506846238,-297186652973262797,1
2508637722,-4467357942359089029,2
2510507509,-8057545100303290752,1
2511161663,2400374427217246906,1
2512173624,-8294369394025348867,2
2512612640,4378011693885384872,2
2515003797,-4677812282836889302,1
2517550991,4795733543975824901,1
2518556712,-3152602146772886035,3
2519304298,4312498748260130812,1
2521169827,6702746870736783976,1
2521805015,-8431463145718750767,1
2523375977,-3370631825730925293,1
2523658810,-3846915134825744045,1
2524453508,-1393388460805864044,1
2527294064,-5596298472692506005,1
2530839703,4028860353855794464,1
2537193867,-6824546910494748891,1
2540004219,-6510150325669498907,1
2543678045,5964338814872737491,1
2545554128,-7654898504359376687,1
2549312953,4631418550486318929,1
2555008075,-3058227976246623953,1
2559910725,1285520838565591713,2
2561584537,-5234520141161444507,1
2561938850,-3776012794522377197,1
2565073397,3990099469671704053,1
2565590743,2534003168419454739,1
2568712240,5501725049380315859,6
2569317483,-7600988383278587966,1
2570243375,64715587307231290,1
2570682238,1246412311977195902,1
2572024416,2183840692313206431,4
2573225924,-8174167557680631078,1
2573976372,-4824217791027910051,1
2576093422,3449574690694905629,2
2578058312,-536816244916832647,1
2578830248,6995775282045019227,1
2582278304,9136021165470622440,1
2585608388,653907353419827743,3
2587655694,431822715949136241,1
2589267994,5791997691156556544,1
2589338447,1438513923397232476,1
2590868853,-7588458270352418371,1
2591432691,929221850540114506,1
2591702726,3991770026221147748,1
2597098757,4898412705967763033,1
2598110537,-2947056880059351439,2
2598180321,8589204817902019323,1
2602409708,1854302794854312822,1
2605678662,-1670279054823355565,1
2606617186,-2752888550902373337,1
2611266670,-2683114125365609304,1
2611791075,251288621905742193,2
2613761132,1250622273609566197,1
2615198467,-8712230344765897550,1
2618026411,-3530994389442565854,1
2619106441,-8196891738124485865,1
2619826325,-7670557435694958063,1
2631613321,2180553243085815769,1
2631931960,303023027581301956,1
2641418321,1367304491478506211,1
2641500022,-5970451408736477191,3
2641956652,7566952092578472135,1
2644998883,3288048101523558285,1
2647827177,-4255011498074532233,1
2649676246,-3826007113093374371,4
2656542478,8506650625563422088,1
2659183050,-9051465331519691987,1
2660648249,-2327943799024752468,1
2663065980,8045676624842803105,1
2663820615,4020078851205914694,1
2666117568,-1065790683162552510,1
2667407360,7228531238198680526,7
2668139920,2249319874128400977,2
2669059234,2749987628467877011,1
2670767095,903568953914033764,1
2675107808,-5633231592429364820,1
2675356905,-234200704581091458,3
2676348778,-6083138575953084322,1
2676680134,6512325720586424718,1
2679464505,3752166846153514988,1
2680829333,516039807819778224,1
2683359854,-5145464759217810933,1
2686312827,-3779320314197534344,1
2687517153,-4713224203247931381,1
2687916832,-978675808771164963,1
2688705527,-2791086749854180922,1
2690163264,-8310262681058214897,1
2692409227,-3502180870235772944,1
2692833485,-3590618652667391389,1
2694248735,8766187120227611359,1
2697659090,-7870392035056540785,1
2707492887,-3587239424654923873,5
2709938803,5679675151696613097,1
2712746824,-3703880520767337882,1
2715017753,6778855267762666531,2
2716387360,-2387579111574688322,1
2717216753,4379764672201780050,1
2717562952,5529421827526961424,1
2718594982,-2522919948889333470,1
2720896828,-4311260720130319826,1
2721430712,2272346363760101910,1
2721717312,-6747028558056299180,1
2722481671,2855539867112206056,1
2723182497,784651929848441137,1
2726055993,7879769139382133438,1
2726402578,-5464840275470523694,1
2726505142,2096838836699924833,2
2727342897,-2344655351978682727,1
2727449235,1458902524816274894,1
2728966255,-2536558126768464715,1
2729779262,8269804047586827371,1
2730115977,3839587714158241281,1
2731024797,7331435124612831637,1
2731801907,5099427283520764709,1
2731854677,-409777389961262353,1
2734074579,-6564729496799694965,1
2736275477,63185205267454867,1
2736435329,-1389871418989249499,1
2737479765,-4922044242268278281,2
2737715592,-3568804793329858155,1
2739676851,6112017973767347831,1
2743374761,-1786318551223445144,1
2744793617,4158124284465081865,15
2746375610,2597816887313400540,1
2746751230,-7352440398027024003,2
2747129291,4328227109220989891,1
2747699902,-4195682318536934317,1
2747757129,4640573328767452231,1
2748895354,-3662734028091352055,1
2749049783,9061548807850932699,1
2749180927,7380124290750100880,1
2752300712,-7408736449582318714,1
2752773988,-8792007140029312332,1
2753421268,-5494099627757043260,1
2753756865,2756235594679663676,3
2754217323,-4560971227722408788,1
2754390892,5148647205059385096,2
2755757475,-5832696463541457511,1
2755926835,-7560055377402049030,1
2757158998,-3208111684753608930,1
2760581186,8389408272892283942,1
2761763297,3293290937568348709,1
2761892297,1331793593235418769,1
2762203311,-4709351296241365587,1
2763305468,-2574089163984069228,2
2765377061,3652611581357689800,1
2768038528,396133980737872024,3
2768716696,3113728942102059078,1
2768720427,-7588154002877603146,1
2770035956,4402819833049377947,1
2770093273,1493807976669591747,1
2770868942,-372870639467741210,1
2771586718,5030597685171124553,1
2775827332,6275029410800393770,1
2775922583,-2268052209995618904,1
2779725371,253869936344471174,3
2784003177,1233999605033861394,2
2784634747,-7660537857086033222,4
2785507448,5851703942095029240,1
2786936868,8523328087683676774,1
2787257943,-5693044608041104987,1
2794396335,292419525940470608,1
2794854117,-3496989234965087774,1
2795132434,7075701725981145253,1
2799404640,553091932995652823,1
2800319603,8829071992918903068,2
2802044224,-7954719266678122744,3
2802409033,2139408249884791722,1
2803622809,-4492872461548806226,2
2804109824,6870594358814051225,1
2804233346,5073737884837400757,1
2807922830,476452565666293219,1
2808001942,4755060713904640567,1
2810942965,3322150793939710966,1
2811687493,-8610398673164717859,1
2814352222,-6000801584202837957,2
2818665615,-7012160800083359806,1
2819201291,7100025760112165370,1
2820469041,345506806139743829,1
2820904839,2257365246450185533,1
2821275989,-4014773333783177452,1
2821517831,5576624653295779429,1
2822698011,-8702276872653853172,1
2822781157,-6411430910358747715,1
2823946108,-8578124845933839418,1
2824407715,-6058647244899156922,1
2825653341,2415569024792888756,1
2827724028,7784995270170631197,1
2828128461,2013052443830378061,1
2829104063,-2342544685691607073,1
2829488098,2959354289400955482,4
2829885500,2367842809994424767,1
2831249370,856839849013972690,1
2831896209,-3159463240722225715,1
2832298449,-3096209777189857694,4
2837970855,2426623114157354150,1
2840068473,-1462932196476553500,1
2841108694,6018965252586716435,2
2842925692,-3201489515968804271,1
2843643045,-9051322938299282254,1
2844042647,-4205886017022474642,2
2848439650,3099288619207387153,1
2850402933,-893639282176301612,1
2851733893,-8214016288071547905,1
2854417787,-1432368883508309639,1
2855430869,-3591340483867820143,2
2857571044,5841364675589070226,1
2858862346,-8260583824635309630,1
2858863684,-8394321294808719946,8
2862443843,-2789672052958469230,1
2862904246,665524423397429037,1
2863858535,-2421117935876605683,1
2864244153,-5384025103222075272,1
2867053631,-4355911098432256217,1
2867875037,5449470131448867720,1
2868003455,4394737598613221293,1
2868772072,2148420710681343703,1
2869455207,-2510713518038834409,1
2870706914,2044485320307614153,1
2873982241,-6140688827361102410,1
2874770217,-5339228939760030672,1
2881367897,-5501942204631954268,1
2881478151,6756341649318478729,1
2884040501,8292735981076339438,1
2884624654,-1519817634716269613,1
2884953896,6701963425631726395,1
2885465185,-4787668782308904186,2
2885750859,-2392011618150441788,1
2887988230,-8892600761548175756,1
2889508785,7834808542749159640,1
2890501810,-7020005862282356623,2
2891150248,7688316257447512072,1
2893395496,-8411210600024438353,1
2893815520,8629673209031502215,2
2894692804,-8478483779646875681,1
2896086868,4804007897566910353,1
2898075617,4541757785895245160,4
2899042787,-6134015062017970967,6
2900355257,-6913791473879469104,11
2900373418,-1372023281730308842,1
2900789860,-5146030219766302179,1
2902020963,-8985021398765352286,1
2902568141,8634593965466490501,1
2906637521,2232480489423072899,5
2907756975,5294444266942079491,4
2909434858,5310979308568418609,1
2914355589,-3478663752242028323,3
2915090824,8813398856338586297,3
2918303211,-1380232284875200722,1
2918437683,7994047451996043018,2
2922906939,-8777068807880252024,1
2924762941,5348676077621765609,2
2925762611,-6704551466629434698,1
2932657539,-4674414785051518232,2
2935626166,-1630267746284253232,1
2935805164,8737631125591927663,2
2936881359,-1746778680397485504,1
2938095405,7241806223729653252,1
2938374375,4442531123628730123,1
2941080023,-2933329531538684784,1
2941270353,139063503517930388,2
2941451639,-290239882206735066,1
2942489427,-643803516584628397,4
2943253109,-6137784633991128803,1
2943506957,-7684901099763142495,1
2949013762,-4340042551540420853,17
2949208539,2991740278504809727,3
2951339891,4943115915990065868,1
2954613465,-7899921488836957925,1
2955114633,3812917485240339469,1
2956486828,4976200880952436036,1
2957049665,7284450388589211805,1
2958038419,-5804798518005193316,1
2958739857,-7490237968007579277,1
2958820421,-2615246336222933809,1
2964582089,-8567985607864504138,1
2965811733,7673809778208742923,1
2966082196,1011953307570070989,1
2966127442,7620000615958098836,1
2966964837,8968514420162757649,1
2967452668,5584066627816263683,2
2967977002,113769157284220037,1
2969302511,1535133692563489840,1
2969619035,-2049955993942168001,2
2971908411,2183136690855255753,1
2971932658,-439765339291990154,1
2974730303,8647296835662636217,2
2976098387,7918437862998571133,1
2976625803,-8055763249937728419,1
2976662122,-1425831122058250622,2
2980521123,7832458210732401488,1
2980744394,-1373680613792950627,1
2982353585,2552265258454974448,1
2982617513,-6929758117663023849,1
2984432104,7167104917243932369,1
2984792224,8910611745327951737,3
2985387814,7206423230086401324,1
2987438031,7639326743726497913,3
2990069075,-6314531994709991203,1
2990479570,-6135267921992401437,1
2992711949,-8630563223052919059,1
2993988310,-4264018243300404026,1
2994083519,-7805776465477475336,1
2996347275,1439493853634934001,1
2996526657,6770092374834544890,1
2997919546,4313080807504895149,1
2998332941,-2201258288839830141,1
3000163828,-8240261248270137833,2
3002914919,-5279232397780151753,1
3009990771,-2612854041783275690,1
3013190934,3323821436702341283,1
3014541214,774961682011507828,1
3014705327,1296210143616194675,1
3014973689,7888585683857072056,1
3017389246,-2213265055563615114,1
3018077717,5256561267480763967,1
3018092219,2483875907714711668,1
3019876780,1749036508485643081,1
3020212006,3867520011112618353,1
3021907526,-6703438379490704647,1
3025099227,-8150530606184032994,1
3025426804,9162983983789245510,1
3025671640,-8543611350920178317,1
3028392789,-7172139535217541163,1
3031108244,1179376190833574968,3
3031672345,-5221866466076332356,1
3036734637,-3167986975295076768,1
3037792643,-8401703993453946717,1
3040015091,4616208514874219737,1
3040812790,-3036491803096202597,3
3041487121,-3128043898271510908,1
3042454701,-7298874434560664156,3
3044584085,1425903138111012832,1
3045177881,-3117311694951932146,1
3047175175,7275642627868051055,1
3047402492,-5291881850236397269,27
3052213571,562703760818641038,1
3052476338,4197002074447666975,1
3052547715,1393538439274571858,1
3055135173,5885626403444291883,2
3057176197,2438744616508241678,2
3057458880,7018662706365832337,1
3060987945,7359971753571870650,1
3063946601,-8869245617777158994,1
3064910320,2334968406790009641,1
3065461083,5403461437481566568,1
3068134421,2300628085156690371,1
3068396080,-8455121202058329838,1
3068427719,8501513497002582742,1
3069844119,5165657396107646361,2
3070353958,-8650825845503985980,3
3075063987,-203736459315332051,3
3075111989,-2793124211066646211,1
3076943076,633386808348758020,1
3077156501,-6366883929941253503,3
3077606153,671694048551322635,1
3085902740,1939084660771776573,1
3086634161,-5671962376031748873,3
3087277419,-476091749375223722,2
3088459618,-1274924582980539771,1
3088789403,9143744815387921929,1
3088899617,4791722960354590477,2
3089514575,-8433318377018901805,1
3091373500,-6112403935224127230,1
3092863649,-4073959130674306481,2
3097809495,7584467701089761971,1
3099347578,7967850733054766697,1
3101569065,-5260871341385486609,5
3103693386,-2020460285507452798,1
3107389901,498652835788143241,1
3108005481,-8083117900773882458,1
3118567660,-8325865055858848208,1
3119929939,64604064099014059,2
3120377090,-5152129334409299636,1
3120386790,-7708168521663095226,1
3120704082,2691789534165414196,2
3121447019,-966989794219144198,1
3124244095,2920364997754375786,1
3124374833,1781853053163376348,1
3124678339,1919391715612593598,1
3126443956,-7116939361531339577,3
3131850886,4318168935584409266,1
3136611777,-9042907336957625854,1
3142040746,8844553654708507561,1
3142072629,-8242576136323986151,1
3150213231,-1976765570621353589,1
3150501907,-8856356851791270115,1
3153094599,-1928567345349247680,1
3154530838,5729079083040742984,1
3155897854,6077739357169005742,1
3159339067,2474769042915320176,1
3160155231,-9221332502613573073,2
3163874847,8043738274628172520,1
3166156053,6428839105635223134,2
3166906277,-2006819371237196700,2
3169349535,283277488615596056,1
3170191802,-7165349166118251308,2
3170378158,-2493614121515639153,2
3171307766,7421478365760330903,1
3172387397,-4232896502704018081,2
3175578989,3789233028523620294,3
3181832384,4585454596187681658,1
3183629543,7230423840785144941,1
3185382280,4363458909226073976,1
3188205298,-4280460003210689235,3
3190772726,-8099504466795882985,1
3192538960,-5453403855628508381,1
3196415338,1147753768502272605,1
3207487583,7819023636653182022,1
3207950973,1339497549646046664,3
3208535913,-8349523091276431275,1
3211637069,-3549270352946240313,1
3213987412,-1472218273036558557,1
3220647828,2258630086537147853,3
3221676952,-4418081167394113900,1
3222243525,-244901040066994338,1
3223249622,-2440879714645996861,1
3224123339,6187318478729759541,1
3224918376,-7198140748567813130,1
3226146363,-2030600029142696786,1
3226466284,-720024744367535395,5
3227839018,-6952354415073734084,1
3228008657,-8506710487015398845,1
3228069646,315658467695665881,1
3231542535,-7234005222123385343,1
3234877243,-6729889623275130081,1
3236003873,3958393364436194676,1
3236058285,1775250276508685121,1
3238452971,4178029711580315738,1
3238616279,-5788133510020333757,1
3242090932,3203525309932810150,2
3243635434,-2493858488740831109,1
3246101529,936374474242002808,1
3251895646,4241707830123428789,1
3256905256,-7678329281836726013,1
3259833960,-6219621797090317609,1
3264391623,5810692833902618956,1
3282528469,-588635108283617604,1
3284291892,-4718317892125692674,1
3289909864,-657704695026315888,1
3290026002,1485447445754752704,1
3290410504,-8301337033528519481,2
3291859101,-6397174674817957912,1
3291933754,-3889800324369237044,1
3292060228,545464325372142728,2
3292114835,-6883450056985331512,1
3292975656,4536553586161678282,1
3294353741,-2382365709503123449,1
3296300370,714748890285578640,1
3298126897,620662238581778884,1
3298732130,1304156078602182074,3
3298864072,3042757459836228421,1
3300957274,6725323452519978626,4
3302171225,-7017360357740048467,1
3304798587,-8918822309104965860,1
3305939879,-7252282773240492345,3
3307289301,8905172324412391598,1
3307542641,8443202175310436660,1
3308423392,-7343597145388433667,1
3309689224,-2591342309090231975,3
3309725507,-7158642684512960392,2
3310892493,8711029677721560512,2
3310974328,-6151522114923223628,3
3313428869,-4305894907907855679,2
3315856833,6388627914103930921,1
3317805778,-3411472972890790757,1
3318549610,8992729528050138973,2
3318937989,-1684791578379562610,1
3321677969,8987988237511121908,1
3321707998,-7186563153855793383,1
3324760499,-7089552079914370765,1
3325181297,-2889436458735421349,1
3331583115,320338663494934073,1
3333850781,-2336547785224129479,1
3335017925,-1993931242745626143,2
3336576395,-1486404897992254427,2
3337726739,1190117487843489422,1
3342620769,8234164932185066982,2
3343921594,8568685348422631323,1
3344401349,2750320934681981778,9
3345205383,3866226098706451875,1
3347687524,-1947371067649719209,1
3348733595,-3385289266560374576,2
3350633302,3218852645998650985,1
3350684301,3446806498012039791,2
3351180729,2454367503534459720,1
3353251151,3018358748618096498,1
3354874995,-7877493879135015827,2
3355338993,2658422895742104802,5
3356764725,6731331115998734545,1
3362685705,-4444876519278555143,2
3363971980,5071955853951747659,1
3365915002,3115226256621957502,1
3366001492,-2961213895551571646,1
3366410277,678167656475717930,2
3366571581,-2351072230516285785,1
3366674393,-7353671549001857786,1
3369047949,-3221568243886956401,1
3369402795,-7730217266125062084,1
3369554951,-2036718941291328226,2
3372204557,-2202083084478523858,3
3372396364,4670596418981936306,2
3372787383,-3551483111941349655,3
3373712253,-3893111837903377901,1
3374810860,-558642759649757501,2
3374999771,1877489590084961338,1
3375490877,4764990457408415086,1
3377139603,6074235285027601175,1
3377213525,-6121455620031271499,1
3379120343,6781860291655061064,5
3381701969,-5227750658535467144,2
3382438348,-1969390291579556679,2
3383231579,4775039957591402830,1
3384351329,584855508506159335,1
3384878289,3468305710628792621,1
3385939450,6245942746158154536,1
3386630889,-8452023512934200065,1
3386939069,-5361352485332709440,4
3387558304,-261777847595419672,1
3389377864,-7494198892352217808,1
3392119463,2828187189880465294,1
3393635206,-7783517016382390912,1
3395394189,6547771081355611388,3
3397171660,-2100600420539176415,1
3399805759,-1508685654022780700,1
3400232410,-3400902544645056545,1
3401083809,8485695445915530232,1
3401628305,3552260638323338663,1
3402412755,4979160774659789038,2
3403247860,-4996994112314625047,1
3404368660,-4949401690736441725,1
3405047446,146560759236976312,3
3405252983,-6729678461303315535,1
3407934995,-2322402608557953216,1
3412472314,-7855327079822019527,1
3415081205,-3168693913653844549,1
3415475763,-2029898421784858946,8
3417902259,-3065076044034666119,2
3419183207,-6334079314658890303,1
3420971711,-4664838315280938476,1
3422947797,-2554746983412812948,1
3424578838,-2621354201184741951,1
3425603783,4187592635451845292,1
3428568352,-6959614434985578590,1
3428890767,8503856998610121350,1
3431785763,-7931789654214840337,1
3431844347,5645301566201715186,1
3433210978,8396153919478574637,1
3435976665,-2235866781530381194,1
3438888245,8702122249406170263,1
3439317778,-7725523598695547082,1
3447356788,4478242388618040438,2
3466494137,-6064057641043681094,1
3493956196,-6042635352009881302,1
3501131297,-2675368588657072225,2
3511343069,8744422709453522840,1
3512866583,1673987630873522006,2
3514483341,173073085536066125,1
3514665555,-1352875416083799156,1
3524237835,-3499999456284511200,1
3526440988,-8155506153967507604,1
3547654649,-3395499233032563005,1
3581290403,3268771037251548315,2
3581594068,8276896499383576171,1
3586252337,1516342655258021985,1
3590404697,8724247348711744361,1
3597005734,7828603077663557653,2
3597063915,-3157305967715097003,1
3597774917,-5841312287410874907,1
3608398197,-7894374928017576487,1
3618321977,-134331917309924474,1
3619077377,-7102857013536266952,3
3632081177,8690756920805515731,1
3676549834,3761417838451270207,1
3695763569,7528191291061760640,1
3715700662,-5159021300062234436,1
3731558187,-5259696388070785388,1
3740658136,2335657860297746889,2
3746935457,-8052645823228917586,2
3747194897,4569276441717603412,9
3749261297,-928686122121517312,1
3761998763,912631760281063149,1
3784946541,4639932754889137031,2
3792779895,-4980503484090824940,2
3797266527,6478197458286311222,1
3812572893,-4900571447974047056,2
3836475191,5688638955087852209,2
3852580996,3151174163521839020,1
3853399061,-5303854306557605582,1
3862475835,8699649042264897479,3
3863653071,8716836768674522521,1
3868087694,-177450017761920528,1
3884260217,7455280780686526298,1
3899718561,47722554502881980,1
3904139977,5135485430807713201,1
3980240481,-1228861582778151017,3
3980610207,4425149398715630606,2
3987445043,6963839302003804526,1
3997173269,-5966639170102143697,1
4001155709,4014979339698071133,1
4001787407,-7162293514798757255,1
4019476093,9192181631213306770,2
4023291459,-4938644040809014836,2
4024120943,1342391264271104276,1
4040469735,-3127064326790527319,1
4051732355,1139025911982242365,1
4054917135,8197864247560253917,1
4067478051,2322897757028494982,2
4068531137,2708611218336117977,1
4069098915,6363174618764540223,1
4069116213,-1671124733743542491,1
4069209563,-662008435995734509,1
4090965394,6491513806571068101,1
4098492736,6727751558072502721,2
4104605038,-4555738740570102540,2
4105198977,-965237070336481937,4
4105507461,5919739046772291136,1
4105925254,-4345491769481235558,1
4111055423,-798973551648581909,2
4115367934,2721413080924481804,1
4126461076,2014915656964963929,1
4128316425,-479954771346797828,1
4134653187,1831838611105591762,1
4156055777,-8557393845884674210,1
4160203479,-1600825213815675591,3
4200131897,-318797963260006540,1
4201866975,-7355751941074369233,1
4202341337,-429546996478302764,4
4217773426,-6341745837803421755,2
4221271497,8807802258485665413,1
4229052987,-3044174841489188596,1
4249515683,-2376287794759223040,1
4250044757,3723724597110983720,1
4275192496,-800185368312859078,2
4278578489,-7041525556388975865,1
4284959421,6861016682717760314,5
4308583101,-4197738774666355812,4
4317377595,7071683718130065718,1
4328624361,-7645476001855518963,1
4340888903,-2361626727604432151,2
4341520697,-2027623601045790195,2
4353321141,1360693671435395911,1
4380143774,182051089871091953,1
4382512468,2370833983866559588,3
4383534862,-9033239005792594292,1
4393323533,-7941805703032187547,1
4417801697,2423214365388674872,1
4428231207,-8273160340293878242,1
4442221953,8929953420686655021,2
4443113356,9021788126982710053,1
4463719516,-6798751196800095181,1
4471818442,-7842565324962204189,1
4494709762,3481387506940732662,1
4517164943,-1341395976713965841,1
4528167203,-2166191991899358791,1
4540112892,-6276639310887833630,1
4546813439,3292507736063769258,1
4560004829,8961594516499199560,2
4572998716,8939041778878651108,1
4577632036,-4795202887254844540,1
4578359577,-1116480645369171338,1
4579148429,5888848112285441554,3
4582892901,-8828918904771281869,1
4592488227,-3556154163553541925,1
4620951201,2638428776478612819,1
4621311087,5760852807828714733,1
4621570455,-3600817635047560364,1
4645281629,465123478471128466,3
4662975687,6107510155741593996,1
4664853389,-205767317598766278,1
4691221038,1839102467640521410,1
4696264381,4076827839973996493,1
4697947142,2795589522621583943,1
4702448443,-6743448705338364218,1
4703729127,-3671998534251903534,3
4704695701,-7772550166534376648,1
4705067634,-5938546767431125476,1
4705532839,4211251916984355707,1
4708948215,-2116506220348859453,1
4725202337,-707250056261925394,1
4736567609,-4480733804522405665,1
4743770427,-8405371246057740120,1
4754218876,1036219569767129759,1
4757335595,-1027152179222746505,1
4758512368,-5537362739205169393,1
4766899817,3651174474978630935,2
4783497874,6332369498302973481,1
4784308027,-2257666205335976502,1
4785826157,8870383887377853812,1
4797061335,5838872921577828274,2
4807713257,-7190986019453559322,1
4808110294,-4133731670224619987,1
4819619356,1203611436686761263,2
4821985263,-3303592981364556693,1
4823825025,-2844641532795628925,1
4830462959,5572683055922721567,1
4830888208,5956732732740318999,1
4838490005,-6768153732976439323,2
4843423935,-7436277146165441535,6
4843529163,7524529542433933247,1
4845403365,1873826921276018685,1
4846664621,-4241654599440460267,1
4852946837,-3585109897471606408,1
4855644892,2552480539394998364,1
4858620928,-4332490149751659161,1
4860309406,6636173304549596197,1
4861361294,-818893842963024770,2
4863661636,-5342274497519665877,1
4863690791,-1158182670566327351,1
4864263485,-7077384058223314421,1
4866412145,-4356208228838771551,1
4867426625,-8923416548293430673,1
4870959328,6640682239630443984,1
4871507764,-1653735867591123350,2
4880372277,8102754824707768324,1
4884571960,-9161294139907908133,1
4885408173,-5580877754760641907,1
4885696829,-5697466041581926818,1
4886029625,2855154288380950767,3
4896258532,3376169715160721463,1
4898492361,5409155915955898616,1
4899618538,7707097639068800874,1
4909671616,-1067197249146355310,3
4921185868,-8593152800949833969,4
697454010954084353,1728171121940037531,1
697564757914730497,-1086857945843145407,1
701170404526788609,-2715790159890389474,1
701535488356831237,-5590663686050461360,2
701870568224780294,-4924772209204814281,1
702457028254572544,-8088678401637184127,2
702483762580422656,-5394425024611139408,1
702965402461200385,-1996494489574455514,4
703617688732618753,1145630924533992201,2
703647151625248768,6270521196107652873,1
703887367120273408,4976745345921893841,1
704089547462844416,-8624953751869725629,1
704663717057851392,7695439740757949275,1
705021040422948864,-8317594670877410820,1
705857260250120192,-8902587139750787878,1
705873752119189508,-3963502612238049904,1
706796463045656576,-8010971476557795910,1
707331961329741825,-7033754423472393123,1
707678769792851969,-48933114209232390,1
707890687035965440,8385371144461543382,1
707971162152816640,-2944771781346877972,1
708098591634677760,1687500707861977047,1
709024390634201088,-3674922338711191373,1
709775640711536640,-9156106807275629256,1
709853485844586496,8127272927174749031,3
710398971185909760,-9137799389274186019,1
710497023246667777,5568873211542855068,1
710762328158048257,4855416855017959428,1
710797116961112064,-999903595376548053,1
711141665612951553,-6979270763117874844,1
711874720715694081,1098811105540639413,1
712761621500796928,5267359486660805758,1
713754689389637632,6140829768146037992,2
713760286235340800,158375425250779326,1
713827270893387781,5086746314379315254,1
714036796124971008,-4534886173748851089,2
714099360573874176,-4760511102017318562,1
714203445910245376,6642577040288327942,1
714882062122160128,3182587640751993003,2
715210767965020161,-6704946371682796786,3
715476891973517313,1887598125785421321,1
715892734364622848,-3321957633399026546,1
716266220161466369,4080605290822543921,2
717088817841307648,2828195715245298574,1
717649632361320448,7081746985914202923,1
718344183988281344,2553643309912325737,1
718448731289464832,7239001578687424935,2
718522888471592961,-436931630418709537,1
718665400209313793,-4316301144172588761,3
718848700840329216,-5642752558005889680,2
718954736892932097,-4826199399771127062,1
719835343135096833,-1770130650993546909,5
719967011875504128,-1992235106704082853,1
720301848431882240,4303658099314428456,4
721224804125306880,-6284937888805634401,1
721339870854148096,8258546382615834492,2
721688347803037697,-8123242123110280746,1
721738377687654400,-6650487762691574958,2
722139686194573312,-8265876626040808663,1
723463953876180993,6639171240486992560,1
723591261106634752,-723923675383611708,1
723859431046451201,123861309301100058,1
724570744265576448,-8239574840241259011,1
724657223708889089,-5334849390055864106,2
725353271418863617,-2452599707816611028,2
726535453839601664,5409254756291736930,1
727164362344022020,-2252369184239409129,1
727270588738330625,-2659894314401641122,1
727928106489614336,6535229763631808222,1
728626621838667777,-5010241455246836299,1
729097484358791169,8204671509166201448,1
729753459130548224,-2671089375033593650,1
730396590230413312,1996701331326007822,1
730725966142672897,-8505732660376666434,1
730811261722710016,-7658833702613089970,1
731031332227256321,7737693807814732970,1
731174567838912514,2930598807087905734,1
731770961893203968,3364076844066868834,2
733984270499319808,-6442445485719658120,1
734650652387909632,6931363166191596041,1
735488375256317952,-6279936556126241349,1
735511516640907264,925456927640956121,1
735560077818658816,-5748689915910021913,1
735856302728089601,-4910580992100254341,1
736257667568635904,-6730729991146008719,3
736468946992418816,-7875334160500910223,2
736865063500447744,5397985229718364692,1
736916708682792960,-1493615744069545561,2
736985570287726592,-6700295089199170959,2
737012111658864640,3347058965575214958,1
737213647873843200,-6270314729403459293,1
737691510523715585,-973911590504590472,1
738064863952572416,4216004460946502,1
739060701390622721,6151047251665850836,1
739077963644325889,-3824073232118540580,1
739555591954268160,-1529218704336923760,1
739891184039002113,-2562874350253391853,1
740302791374049281,-4950233534855015358,1
740567406473543680,1597845685735681302,5
740574498760601601,-1086363461384389642,1
741375640360869888,-693316136659672601,1
741526626089996288,2293940801540534031,1
741655898695868416,7236677154421986060,1
741945822271660032,673335936415934980,2
742017756518875137,9016793578102990962,1
742308695082737664,-4119242101801185259,1
742705128533299200,-4391269611825702900,1
742706636620435456,528247012182450027,1
743168926893350913,4024938964881556797,2
743375930261905408,2311489636387542194,2
743475209836048384,-5328011968580857095,2
743724363636084737,2382446026624902967,1
743754513857679360,1550361052032547531,1
744113084902608896,3926016840778622255,2
744293826785837056,-5157841092277291684,2
744514206360281088,-7174442755016383295,1
744848101521887232,176609691850198613,1
744861919450963968,5965686766951565351,1
745009947683991552,-8971685829547253911,1
745241819835998208,11530089956589282,1
745277458463727616,-1651421761754344439,1
745306675263897600,-7624780475329214871,1
745636598579081216,-7596934491702547185,1
745641436834574336,-3821093818008427624,1
746053497750228993,9153110661788842390,1
746359376064155648,6591012462970066934,1
747069953703026688,-5552984024282857589,2
747115557938421760,2857377067166948431,1
747737793024102400,7111396710083172430,3
747755090501636096,-7139696818818783323,1
747826115524308993,2627013008710368839,2
748022800384917505,-4182185211376463236,2
748480708662812672,8025317174525181891,1
749724527299530754,5777713302330262019,2
750389997564522496,8733951801047034757,1
751424623296806912,2824124384413111928,1
752048812366000128,-5788941813213786937,1
752067421951983617,-2830866056067278528,1
752130875958132736,-1518030075979808270,1
752135583770763265,7530802201097154353,1
752504138739613696,-1556465893963218598,1
752514008503181312,5604684467594665732,1
752755291150753792,6519020996451034,1
752796631888691200,-3524661179306134463,1
752837854779301888,-2580045214398033591,1
752943641585418240,-8895690339155610250,1
753535317085450240,130574111069190806,1
753668700482527232,6238492150254608664,1
753854560792436736,7284801648924289230,1
755286164731490305,1084426354492304330,2
755356052800045056,-2641814222456083731,1
755862007656640512,-8019158169237440408,1
756557389025927169,4850612523497052031,1
756852144490283009,-6738994495990048684,1
757919605163749376,8242584182006928993,1
758402636467109889,7834495020844859733,3
758725516673310720,-524589045436922085,1
759808232508362753,-4994303466636065474,1
760069692266582016,8589638871637019265,1
760075795977084928,1121446132633720279,2
760971693154263040,-7294749378796244921,4
761206800033128449,7892072724930775521,1
761580496581173248,7760652012901272496,1
761874905185026048,-1374559645769252823,1
762700055556030464,-4143030200085082110,1
762709620989300736,-882300402490852752,1
763430495514423296,8388331703387197247,2
763696813169836032,-6491942191209429655,2
764215328528269313,-4170383491581752471,1
764313773356290048,22155005777503590,1
764522766389415936,2434388806115622615,1
765240267465232388,-905123111823453267,2
765552812382126080,2103969399778396284,1
765609466276548608,6354002383660026451,2
765851485133418496,-4127174074549482762,1
766465417745432576,7623767801729086468,1
767581339591643137,-93938270477436830,1
768024005949452288,-5268937978928826767,1
768158685180878848,-8540159534662914101,2
768275298181910528,5726082142330311696,2
768383315204313089,-1038255494014951834,1
768540726552567808,-7485442194669134434,2
768869395707916288,751916318595111321,1
770611373713854464,5048885670340876429,1
770793011898789888,7093242187209551862,1
770946186605920256,-7022225214155426041,1
771052580134854656,7131016249961512956,3
771091758923079680,283276564770190404,1
772125245796970496,5242009057987458145,1
772326247472869376,3585669919831594810,6
772337672329322496,-893676140456258556,2
772776028213215232,-912796608059126446,1
773203760822808576,-1155033437498282193,1
774219039841325056,-4159472476881032875,1
774249195456831488,-5342774819677300305,2
775050953259151360,-7383764723635426056,1
775357628541235200,8965736951720722645,1
777092386883248128,5957494132235345150,1
777220776567173120,-2465190402149953338,1
777888110348791808,5078057925565352018,1
777924357003902977,486336615357069450,1
778258204341993472,5403268914421302733,2
778753237721706496,2548808066519101345,3
778926853927165952,-6560537827645767572,1
779236559908442112,-7212834400863605287,4
779393306707038208,5223774800784620962,2
779422654491222016,4271759718639092500,1
779785931612155906,-7364157476315606090,1
780698788482588672,385549579900170476,1
781530436510052353,-388162229158775718,1
781547958470926337,-7696410120033993557,1
781551233983275008,-7921459635796267367,1
781568325872717828,-5239138643179449844,2
781576541977411584,-2763874527728865590,2
781765065842262016,6627536316113826935,1
781897959210377216,-217244115906025397,1
782984611064324100,7064512215232839951,1
783778353576865799,7270330672956446216,1
784074766672166912,7841718140343041130,1
784079483301134337,-2839456390324956584,1
784359212784750592,-5464773828369217857,1
784407263775686656,-6149705376173374575,2
784836813793918977,4257091652191467748,1
786275159346929664,2559184167968225533,1
786918837119778816,3708417816160574861,1
787045899742679042,1589762881064438111,1
787769563635130368,-8665279108355130519,1
788513741319049216,3851148763096624443,2
788790426811727872,-1427327188160762071,2
789134837978390528,-8338166683840856642,1
789411714097741826,-4743658370303209870,1
789533424797249536,-7373636750488078056,1
789811360750182403,-6168817803073676664,1
789904621439479808,2217245052643634553,2
790645970467971073,-2823656539125267416,1
791254485851054080,-3872419160992369319,1
791671886690353153,-5348365271044756469,1
792679291691606016,-6534673145327202316,2
792747228263743488,3586391359128539266,1
793367160341094400,2952272998395120310,9
793844292837969920,-5858335855617361186,1
793880196084592640,-8122258008133989540,1
794142812166062080,-7512096530335077490,1
794432603696852993,-3719699320545854956,4
794545042069319686,1727535457665195633,7
794819194634326016,-4212141703561688679,1
794882755817537536,-5790670829943298885,1
795215687186685952,-7700298401676668389,2
795678883219705857,2304909782050980140,4
797009005394665472,9074104834131846415,1
797176017408446464,94609954893727959,3
797724901964660736,1813226913318828247,1
797880023462060032,3408990358965491520,2
797908600828084224,-3509903627867042601,1
798136623074594816,-6759765133480630412,3
799960251814596608,4657083042413061802,1
800808330973233152,-5763196714850903673,1
802803125065109504,-8237611839220973166,1
802813332948480000,9015758735529587281,1
802828276481847297,2198808450221422999,2
802906211326787584,-1986999672180442178,1
803535061245116416,4985489918914281719,1
803649109295038464,-8427523799846061139,1
803981982183124994,5563383398830495945,1
804094854116626433,-1459722220077691091,1
804372668011126784,7221612071542675281,1
805133312331284480,5382843977960094466,2
805372102798962690,-6168807867761392803,1
805503267342053377,-7082157501948179070,1
806236059386441735,7792968772038516771,1
806856039454937088,-7534509715388249318,1
807712740223623168,-3918461886197840726,1
807754506545102848,6422541410028661582,2
809065545685471234,3211471944208639266,3
809486857528545280,5642739632560222586,1
810496224134594561,3484829621600910169,1
810813349344768000,1079978333584458151,1
811231990104158209,7235639547158359890,1
811668138102292480,3128413849058269544,1
812342343319818240,3630046325766307376,2
812530066978701316,729683820368849644,2
812604340011696128,1347287322962525970,1
813401882232287234,1806401153246138781,1
813750869363752960,5850617570454132392,3
814097247977828352,4909613881394085186,1
814470742893064192,7589706711068907641,1
814813695037542400,5480980407867336083,1
814918036247498753,-7565138216741369501,2
814948333957632001,-3852416527297087435,8
815192642116055041,-3826582392136771076,1
815582224783441920,2858566647834334504,1
816032806983831554,-5023994204237207245,2
816048255578570752,6349253616180992229,3
816299310333751296,-3051619322588118936,1
816341288215859200,1034609638830152296,1
816849789325312000,4649513369297346033,9
817076352633491456,1939979061577493406,1
817172986260324352,-8170701761320305106,1
817444858075942912,1741069320667867450,5
818471451959369730,-6691724178210851212,2
818623776434847746,3287602063375089812,1
819183363378606080,5351638315415800511,1
819210321042751488,8416152201468596080,1
819253958262792192,4694725260084266790,2
819290738580221952,5830437041649835682,1
819314101117714433,-9198454796819785353,2
819541623952592896,-5448185868399904350,4
819970815349374977,-2934422757840728351,1
820215519940907008,4816477593427344447,1
820250233540067329,-6896755390462518603,1
820314228846395398,-5773837480382211780,1
820338229752823811,-478203121079829185,1
820589811438354434,-6471822878178761492,1
820674801069162496,-4099179851027198924,1
820887054720630784,-9190005382841014588,1
821142218685681664,-192925880503714717,1
822108691633762305,3720230905059562886,1
822392085667950592,172958195416913495,4
822480229193154562,-4615586743746348479,2
822490267454423041,-1394997346053530239,1
822770473255706624,7387893579378570142,1
823107517886689280,2356831812088903840,1
823211409647534080,6753250600343869045,1
823572071447928832,-4581427727449819556,1
823907580019757056,4992263408858379400,3
824345595414478848,3385964715582763403,1
824730496974385155,1805187182930398477,1
824926881384452096,4236153145713258247,2
824951760640962560,-6395922658002637259,1
825061447419965440,-5208904156743138199,1
825373344593764355,5051349010484332793,2
825478116286033921,-7394858215681007202,1
825504713735077890,1116004224321762381,1
826151652554076161,5627557300846123598,1
826173263550218241,-1231103004761883389,1
826920912335302660,2114420789207837086,1
827154980993908736,6979503677064933103,8
827892541756305408,5918222651645139760,1
827979766598889472,-2414788657356894006,1
828314375563968512,-212579777323905762,1
828677129332219904,5608190811274220202,1
828684502822166532,-3385584821148330609,2
828753252489523200,9160108051950525900,1
829290564000559107,-1122213485562890164,1
829425746250760192,3566032164189194621,4
829808179915677696,2118659248506777653,2
829848856196239361,547232353997511005,1
830337728403365889,3272321832605296889,1
830576359055491072,5702492780135590788,2
830728976704401410,-6686436884444460744,1
831157994058555393,-9099232934807390953,3
831864348121366529,-454628725106100516,1
832184453707526144,-3097686886203133978,1
832956019005337600,-8910161527150583272,2
833153040702115841,-4499569242500428158,1
833288112239427585,8976862811883363533,1
833352342791716865,8082162149310157274,1
833689795809394688,8333964745246224716,1
834821098013392897,7240435149357194550,2
834847735371137024,-823223271388071967,1
834904009341341697,-5527044932274240586,3
835522742032064512,-758350757628713877,1
836939315125039106,6207097938083502544,1
837591498455678976,-5955123351200648316,1
837764381807095808,-2026749129055805631,4
837801541176274944,8661589770876629496,1
838834313324081154,5267471084109244020,1
838844345226768389,7124461903609492733,1
838891844255768576,5731108507389007184,1
839478620624150529,7243428059467928892,1
839559591746801667,7908142829436184365,1
839860537789939713,3474628845786859234,2
839904362809929728,-3511432367850335934,1
839920917425831937,8793460646526084747,1
840548285853159427,-8577514273845110821,1
840686202588155907,8134968225382516743,1
841195273334476800,-7572005833159019526,1
841714689071599621,7018173615483948261,3
842460481243738114,4902600916150866685,2
842782930959323137,-6833225422543258954,1
843962950050308098,-9053669679366170154,4
844118038848987136,4099317839818265285,1
844261741928349697,-770216186290412009,1
844615211583750144,319273987742311392,1
844922263426224129,478099675716020098,1
845083110249283588,6221007067389214312,1
845732003458748419,1619819995473406959,5
846437186333540354,1396726825938694018,1
846733654592307204,-1172372440938179397,1
847736384102072321,9162134332229004991,1
848537311935700992,-5205686867603377249,2
848955338497896449,-6816670670067975065,1
848986176065335296,4684599005219315665,1
849587663489441796,3420910320151304106,1
850297500766482433,3551497424167285560,1
850690957716729856,-3776102225916165370,1
850748616381739008,4377339478016057451,1
850868730519314432,3876994867806173947,2
851019164387028992,416663841134878640,1
851595707349946374,-4214005576588517044,1
851770779503128577,3361597950500956543,1
851900563470110722,-4418929845249900846,1
852089260370952192,3994704909592171352,1
852255611953836033,-4643276896429069110,1
852567105182584833,-7793291662341326518,1
853295047655264256,4878177465733348069,1
853953137689989120,2031680080107526895,2
854443309376425984,4688709299049112355,1
855527739042004993,1309417761855830205,1
855533520680341508,6393340894564637923,1
855814743914885121,265386864988022766,1
856463903458504704,-2462438420496943131,3
856527038827704321,5813472886445808733,3
856659962348621824,-7420521274775820283,1
857144629082370048,-8111096709669866987,1
857536185207488513,-2793215286975936930,1
857665371624681472,718257613823431499,2
857889624949223424,2255774999726866732,1
858203338831273985,2225769493842272261,1
858436692352651264,3547490989643162331,1
859013293943508992,-930943720377165830,1
859416113876271104,-7824203442758643753,1
859894457797423106,-5906281826385846575,1
860087473661194241,9154960570361400453,1
860157576364863488,4160155179754687499,2
860368705498337284,-8848678937550308629,2
860751768753516544,-7105041909040677609,1
860927713368035333,-2962649971499064734,4
861033900776329216,242293059443745716,1
861201210640138241,3960267776383436651,1
861256621053366272,-2559431223949139649,1
862311766323331072,1125257462630020925,1
862377314625179649,3385558290344945087,1
862919533929123840,-8808157371134199754,3
863102545325166597,3004394940806039638,1
863123560113504256,-2820090754840679932,2
864406989014695937,-5517409025668213539,1
864648394341367809,2616549271570501537,1
864839447552118784,3561985304130429384,1
865526121432875008,-2679535232482287306,1
865672167937236992,3183563488863550403,1
866407444209176576,-2024663386865987194,1
866608865579851778,-9033861415742260177,1
866633623897821185,-7784794309253143502,1
866968391835373569,6699336698683461656,1
867070288982417409,1343153984234318973,1
867102776102461440,6862971720742430985,1
867639827419811840,-7873675802537868165,1
867685809666830336,2840463701807017636,2
868851603360624640,-4638263173480007737,1
869138788718608385,1947589464528684958,2
869502529918443520,9061569107652804114,1
869889114480553984,-2738209299507032829,1
869901317317296128,-6489433244581584017,1
870615603484250114,-5148977163871390952,2
870962114361511936,-2148143981376876152,1
871473462606475265,9045294748631491138,1
872009898145533954,2881230413536533183,2
873124319722745857,1636391990000010389,1
873560860026916864,-8088963801281723783,2
873574661078102016,-6914632165529093816,2
873882437574643712,4674605529455533557,4
873886541805895684,2439184968648553781,1
874295259643207680,-8078984350100342640,1
874534657915858945,5484750554112889982,2
874628906799837185,-6793406600746217303,5
874951695083634689,2804412658351932975,1
875339752513449986,-3605507352426490552,1
876376471224410112,-7568241992007458066,2
876504353733050368,3280681480742652596,1
876778635608371201,-8273435142989210563,1
877295681345654785,-5801323434473470252,1
877909511452995585,7920739351437927630,1
878616258224300032,451068918990296905,1
879419604271017984,5129994596647069053,1
879441189380001792,7380811568763197699,1
879612898108157952,-1202191737889873763,1
879696329034870786,1816594691278516832,2
880530035463081984,-2700493432975626595,3
881271978363158529,8751325391896575787,1
881521636842893313,-1853729519720838909,3
881548979682422784,2564136316178141038,2
881558173684989957,-6348790637808997826,3
882331570618728448,-7611153182907386168,1
882601830676606976,3305476182384310105,1
882735075670073344,-5947836277050598773,1
883009053349294080,807098933643109598,1
883119447174676488,-7776043774587511047,1
883743652664750084,8610036918868695179,1
883825046984286212,-2281467755609117625,2
883957870487797761,8825321771261587857,1
884023737745645572,-6750904823129294581,14
884139441320849408,219949978912953249,1
884733747018465280,4769337919117720690,1
884736764996399104,203423938472502934,1
885145420938305536,1908532565795152664,1
885492536340602880,-874173532431820943,1
886056563378708486,-7478788292475986394,1
886184956879413248,-3751049266165461586,2
887036334766002179,6274012404685682254,1
887207446749597697,4979105383553402668,1
887232115791851520,-8882729479806094122,2
887649437794926592,-7762229998188517409,1
888020949051768834,-8989858194738837087,2
888061392812740609,5379173072924099995,1
888458617514491904,-7855782331573746169,1
888767682774003712,-342597898659997179,1
889239220354785281,-8266616651010972595,1
889769605035696129,417576468979030949,4
890893383744573440,-2463057521649475715,1
891618427957383169,-1224988654401229128,2
892094034235330561,-3153402987056193897,1
892113468551303170,-7678499687608613090,1
893939057511866368,-7107462530200349277,3
894478499548999680,5100356055598056951,1
894497095167746048,-1683143259044168993,1
894642499121238016,8936941838875785707,3
895035149422907392,-4515235479426753253,1
895286196032729088,-6806173376452682195,1
895546333821509632,-8847414324576368675,6
895596946525749248,-308491671283326023,1
895728988768919552,-5829671241282807762,2
895814938995957760,2947163435857899525,1
895927469127106560,-4147430872011646073,5
897718130293841922,7174154419397121036,1
897840020995919874,9160031996492389443,7
898261931475316736,655145900870004751,1
898343277262491651,4806078084193468625,1
898851116145946624,6597543992330125905,1
898858645622071296,3981263578977610306,1
898891443003109376,-743983309849289711,2
899200881761169408,8382233427634048880,1
899358898154590208,-8405417557647700224,2
899673425194758144,5477342952127530971,1
900766265245130753,7600800349801949979,1
900805646903324672,3308206192468759663,3
901077247624437762,4327553148890887044,1
901112064067993600,-1580222086630945614,1
901140595711901696,6180600946365032848,1
902082083560067073,5982498353738743188,1
902651903552753664,4227815026595391894,1
903318047779418112,7297461054592491814,1
904029108069425155,5044856255924415734,2
904643235120898048,-3957906699699792473,1
904644325136531456,-3019149608806061821,1
905410670040113152,1122742291334700184,1
905465275369312256,-6529661983587608894,2
905496136840044544,4298364767654746230,1
905542052443811840,-4177475521966907837,1
906820475237670917,-8414240325776358790,1
908385174416773120,4816965202940850898,1
908424785117540356,-2865950882651082693,1
908660278237253633,-3924758430773364874,1
908709155137032192,-5609763914604886424,2
908716531336585216,6151897814822493384,7
908763271884414976,6579533303214911674,1
909018408964034560,5746349960229954111,5
909363907994832896,-7561038608008856836,1
909423660921999360,6492916246152402665,2
909454560401530881,4990595696379566766,1
909508050352066566,1699381522764025072,10
910106055648129029,-1772525947967132526,1
910583887037976576,-6535912435031251834,2
911422113784897536,-7285154918503542009,1
911616468537761792,577241755534097608,1
911650004955226113,5943713130467887764,6
911870656962289665,987431702193309548,1
911915821752078336,6448924049043998972,3
911935721979744256,8828187877531338048,1
912063461772943361,4222934366405452494,1
912280967032786944,5674477837954374016,1
912291526973280257,-6137519716512117578,1
912632952428929025,2766914937119056751,1
912720158258597888,-5162593561782981957,1
912842229005393921,7297805405087657487,1
913718930404990977,6157839266754905970,24
914070430302048256,-3395947704663571690,1
914491177356972032,-5182791680312554123,1
914926030657327107,7433432468763976347,1
914927857503277056,407023616570880552,1
915631169198280704,5606474663158177667,1
916030979571163136,-775319493020775258,1
917007140979724288,5723758950035012584,1
917026749858369536,2663835382833196760,2
917310462986981377,6567159485926189123,1
917413540096561152,-7658867752373222578,1
917462874376859648,8518690041076401782,1
917925106579640320,1530642794279206718,1
918350751105036290,-5950663057066504096,1
918513727418314752,7082462235050893417,1
918748193109798912,-7259329884681858276,1
918822390582468608,8707073594232508485,3
919002031775510528,3571945424742034086,1
919142161936994304,7882931113051399293,3
920299381450043393,6753859563258095248,1
920350887779950592,7708683638201564260,2
920772495363407872,5516885604083983875,1
921290955784970240,-8116640297313129531,1
922212027346636807,2992174417137539390,1
922554926303203336,8845665487894255965,1
923125444697837568,-6709406410251549753,1
923144558011133957,-8760578449721436036,1
923522499631046656,-7582946019987014450,1
923563342463209472,4788845710188119622,10
923598482165981184,-6777972138549647830,1
923608073356406784,3003259880603526471,4
923615206080737281,5521902782042512928,1
923625328144277506,-4468813090877704570,9
924352241397567489,-454912088717351634,1
925015757020426243,4241219051389658812,1
925202932626210817,2721039902832177043,1
925319894765367296,-191963873068853510,1
926073735806881792,-7693704609634806814,3
926392894365274112,3559775125902745510,1
927558913616171009,-7468362882038355691,1
927580712735268865,8607120808419703875,1
927592921658019841,-3393795917364455422,3
927830564702388224,-7332303561789268289,1
928984499081437184,339353220883625080,2
929032828104400896,2133232503659537253,1
929033182384742401,6130932642707505009,1
929383526104829952,-3914632554247856943,1
929388196949057537,3589497195462969327,4
929979326686261248,-8727334266206517776,1
930486864548638720,-3773309354362562518,1
930514734646026240,223826808547588420,1
931241445977214979,-3634198068587531710,1
931551631317061632,8245458737058765276,3
931948634190598144,-5192357313931847246,1
932342300365197313,-2977420968409625127,1
932555185574039552,-1795805721540968086,1
932568570856398848,1169748170596617437,1
932583801972248577,3929478720692970552,1
932895380999729152,1441554787677707124,1
934819223838261249,-1967551622594948746,1
935532273583230976,-9029750405333137102,1
935573012216188928,-725334287414400088,1
935614002851385344,4120531448738774865,1
935898432291696642,-9219382895234142683,1
935912663762259971,-884100673362416879,2
937293882584428545,704614727703121405,1
937314905396580352,-4308130599588084186,1
938455975891173376,-4972152956338134536,1
938466088500809728,-6125512346433314777,1
938714840901865473,1557429951359858697,1
938729294578233344,-8645304876231780121,1
938777964136845313,-1759896271544807794,1
938867301650231296,3352388594964361088,2
939255197628542976,8090275124149259494,1
939404858679091200,3025201889105071609,3
939438061158625280,-3130154503005782031,1
939818689603530752,33526591428293636,1
939826183902060544,-1242523264972148776,1
939882416734457856,-2047143256493874146,1
939927210043101184,6206496030354819798,1
940206403888676864,-2499226430844829349,1
941817729648156672,-2056796208554497013,4
942217900408098816,-4841078466334044454,1
942831171603456000,-7910870085637763123,1
943086287539589122,-2485393232644280753,1
943830946075291654,2131619486872769652,1
944158560027635712,2869759304682941935,1
944669328493989888,-1344353909257580313,1
944879967023886336,4126451903579262213,1
945065599679565824,8945302057073752988,1
945237830749577216,7025090118088364418,1
946065969524461569,4673298992717532191,1
947212246354100224,-2986744209895561876,1
948053791043178496,-7914813682156727254,1
948331447332540417,-53370953939728699,1
948605530964152320,-4324373607340242951,1
948860973103935488,9203434288907498938,1
949233520467116032,3402890348211264884,1
949767485661831168,4604446051447719592,1
950042841367052289,-5523553394351208256,2
950122484443045888,-7805785486289380205,2
950650709854257152,238037680975100719,1
951060721445621760,-1451335158101798480,1
951099059426689024,-5898738612412425699,1
951455327890890755,6621294602734024754,2
951465227576659968,1623733175782186204,4
951569886089752577,-8187924311090305199,2
952565292944756737,7831183516388334283,3
952855386775842817,6047651327195481838,1
953028685627568130,3869262215216178322,1
953521100499152897,1049499733760654961,2
955421331994050560,6262954197021242978,1
955465891931713536,3890778811488044771,1
956232155339919361,-6887801430030677548,1
956635193108058112,-8922811686575307571,1
956636032002396161,2674223268031038771,2
956923714297311234,-7292273539090466758,1
956987960217538561,657330468050245516,1
957627653820944384,-5373230633195841970,1
957635838095056896,-5177842676113148250,1
957873415167365120,-4177495902315978667,2
958342935623360514,191370385256015016,1
958368845688987649,8200578348006596744,1
958507876057837568,6622273184034307323,1
959149004851417088,6909058467854837954,3
959523213838610437,-6056494143891506352,1
959541247638687745,7688989002393543782,1
959817519698776064,6997314316711755815,2
960185954807025666,-685807862084824242,1
960659072151367681,-4007515712743992688,1
960868219488800768,1854726295765638658,1
961233370821914624,-4830947010456840809,3
961245221492330496,-8144629257931643938,1
961378129955688453,-9020319667032566386,1
961663424206983168,7889316080086816086,2
961898684165382145,-2101364885233787508,1
961974815203713024,4458666656750064805,1
962147797733490688,2222240778359746197,1
962482369474322432,-5906412474703301204,1
962707536649564161,2030726626110628407,1
963124244430368769,6435470195103276710,1
963136683918098432,2707439424368046001,1
963304548533235713,-2595776251218850002,1
963688197489381376,551556654536303014,1
963713856441929728,-6980646124588548746,2
964239528503468032,-193860655676868679,1
964252029957832704,4499388138151462197,18
964779231250206721,-1774849088696049831,1
965015004184563712,-4184303448360829646,1
965227383363112961,-5919716125135315074,1
965310522924175360,1583660625334482557,1
965730893988950016,1469539463033435144,1
965947901330493440,1767413371293881866,2
965973442226016258,4881229102321408390,2
966623853270257664,-6567999496581721975,1
966635947751301121,-5272948394333964300,1
966646351483297795,-2396890805841781177,1
967073892065005574,4450760881569721902,1
967382858900877312,2321137062050357736,2
967985970338349057,-3673085080394958688,1
968884452050046977,1113724321791109808,1
969382161747988480,-8499104624233301676,2
969539775630888960,-7023231382210347113,1
970015048516161536,6630272067438824483,1
970944367371476992,-7759366447590355500,1
971349650602160129,-5480851642941169301,1
971625796732424192,-1888251070378196578,1
972590921488523264,-5501798563176379918,1
972595717553508352,8183647303539174619,1
972770887589036032,-1695882387564770986,1
972795283133394944,249742247504493184,1
972854887997427714,-8861280605179601505,1
973247240822280192,4350935534687160719,6
973335803895173120,-2092849371063212693,1
973947672917938179,-5784417009839131915,1
974152698156208128,-2564416938829283740,1
974769021705998336,1231734850274777325,1
974907302535974912,2650877670205883732,1
975017052112064512,4673717028820444578,3
975388624496791552,6962562705760555401,1
975761831905169409,5595308416573743633,1
977434114239422464,217637885167806050,2
977931543548170240,-5059127099740663117,1
978152768425865221,-6311792891738179018,2
978205262287966208,-7929330712676666230,2
978718888107151360,-4993987144392866769,1
978907512702492672,-4318570804330739439,1
978979231395926016,-6151191684275124012,3
979093081726140416,-274334233759750425,1
979815153003884546,-6940913515316400955,2
979839587404124161,-5436237139983382007,1
980076275082649600,-2614746070234429344,1
980115085472485376,6475717489596890162,1
980331143928143872,-5357457179051387229,3
980562312984780800,-3239564311085564826,1
981256719060865025,-3160966159976379133,1
981430660563906561,7155856094611720801,1
981797615078723585,508394991349115365,2
981843302432608257,8394294149466166811,1
981881564194893825,-3017525960840997645,1
981892529691025409,-5950173848390325751,2
983016704509992961,3388625325625323645,1
983107015357673473,-2806735322887939704,1
983767193145004032,-6654207831671210619,2
984147055122829312,-3291833597117621197,1
984225106087104512,5173004178156744952,2
984404825843687424,-3865035853965605913,1
984896723498790913,7846860489100213690,1
985053152432017408,-5343462175497817209,1
985603968876384256,-6756604086559526484,1
986263800297984000,-5731763954417070138,1
986525298903658496,-4473212125656548808,3
986662841993383936,6830237373899159123,1
986679881416232960,8718153467236732847,1
986718848840847360,-4957072899018031250,1
986859347039981568,8782475032538948764,1
986914960684052480,-571674368180886810,1
987374705945522183,-8889973171132270150,4
987669840600158208,1863786043504789940,2
987675382462730242,4993290630185344090,1
987768288242536448,35124055704250027,16
988785121988837376,-6677772938732776633,1
989150142153609216,-2195833118565742281,1
989161892865363968,446250873985049644,1
989358427108511744,-8672303284329984744,1
989613128248938496,-9073470453447801960,1
989784228773744640,5176420887134782395,1
989836989489930240,5273567431177763885,1
989888014343122944,328895190289262489,14
989961362523738114,-2209568339702175783,1
990680742618435584,-3881511653509485264,3
991119722119917568,232541015978102059,1
991236431136862208,420163478325232492,1
991390027065290752,-444814073787355161,1
991395170003365888,279643912402367021,1
991971304134926336,9090499006165272521,1
992317087338164224,-5703745101407653258,1
992350669695746050,-8736899040711062960,1
993080713137319936,-6788871450349032807,2
993085084336082944,1434742467837455881,1
993500129553453056,4093296053646201167,1
994231264730329088,8032729211237044088,2
995308486715060225,-7117993914056091594,1
995373664869732352,-1589071116121516326,3
996741042086055937,-8480582689384612888,1
997481590266658816,-4354696269315213288,2
997581289078378498,-4304381765140562899,1
998224692174606337,7927391989181060830,1
998237902055395328,6004978205087651863,1
998320145452949504,3053097878328344353,1
999285348546043904,-2406444234354561973,1
999654981266542598,4433918707920417948,3
999888042746789888,-2847510178291695078,1
999980045035810817,-4238305956386454277,1
999997934879100928,-3882261330714733916,1
1000007406892601344,503152700790477458,2
1000026183902298112,-3405214343640515472,2
1000144495499993089,8470533201083412404,2
1000360120897990656,-2449225981309182371,1
1000404286713597957,1777151492317379421,1
1000436090858328066,-6117132060585468488,1
1000450214602395648,-156175867277509148,2
1000480351905632258,8272512722289229185,1
1000671732712312833,668016725968998506,1
1000685315315597331,-32629045468665565,1
1000809053004722180,-7707858287123518011,4
1000840245422755840,6479650212329358666,1
1000886121264541698,-2968297931487663405,1
1000982944251629568,-4524655752063249360,2
1001057970866843649,-6921454065337543897,1
1001073386796306432,-8109043341055564956,1
1001075721303941121,2786796793004676498,2
1001081874486382592,1871633416274545295,1
1001196759950004225,-8141338720938744842,2
1001376725446660097,564343726439170412,1
1001472962300731392,6656216418299054785,3
1001759884612964352,-8935821294457340208,1
1002095064309469184,4049609464644051686,6
1002274431652245505,430696696920348272,3
1002512939239313408,-8962683739211149005,1
1002639111205871621,-4842492046039631757,1
1002842714591977472,3495661786098386883,1
1002904307300290560,1819921010417423229,1
1003213833513721856,-3080124967258653241,1
1003406565637087232,3325575750510057275,1
1003566960716795904,-947699866947850255,1
1003674104866713602,5627851163977741108,4
1003920326626086912,8536900307315334893,1
1003960248305152000,3907497156428275963,1
1003986812598145024,7006660761301991635,2
1003988971116883968,8369906472219252088,2
1004030031457333253,-7089934939621729037,1
1004339803314446336,-4980330368940795562,1
1004443489151614976,-8420156598381240765,1
1004447636450136064,2435362506941419464,2
1004666552988438528,5811115378017940367,2
1004686314191679489,-2610255999189126362,2
1004843561425297410,1821263735423163606,1
1005049685734813696,-6411080005932020954,2
1005197641796456448,-8283886188152274325,1
1005372181327613952,-1451857762950608885,2
1005399695638908930,2361759047665655292,1
1005727915923910656,-1295300469293267440,2
1005899736606498816,5544515451716564770,1
1006185513802444805,-6709598891677955543,1
1006469953938128896,2888319905053543024,2
1006585432191242240,3352820334475572625,1
1006614604506689536,7770513544085601257,1
1006639128610471937,4366512917160402430,1
1006859155481784323,3574887034755338090,1
1006974510539726848,2340756111297708751,1
1007332857361190913,2070534659991390095,2
1007657264956755968,2910468286102369049,1
1007897020785455104,-5674979143412217431,3
1007967533046038528,8294275789945864249,4
1007995431442374656,382630432049857508,1
1008043817231151104,-1574409730282317664,1
1008305145850089472,-9050747949533427683,1
1008409554986717186,-9118919926315215010,1
1008459450661949440,6651821578499702221,4
1008753439684349952,7503122233103407410,1
1008774859596419072,-3932241434152911499,1
1009081493463949314,-7835223232613506827,3
1009095091800166400,2258285286648484975,1
1009124248777084928,-4777127712533966164,1
1009136281400610816,-5770757440411695538,2
1009357527547555840,-332398826782992454,1
1009735548808974339,5935878673248365037,1
1009766980033961984,-7232011010539132178,3
1009870653154054147,8394654028046806347,2
1009895249542565889,931878144354489586,2
1010316395198976000,7464373467389066137,2
1010545074072117248,-3196300107505180202,1
1010588393305145344,-5600432797250826648,1
1010600056582492160,-8827577996093762742,1
1010831009569542145,8193696651700798516,6
1012103738314711045,1766682893760183155,1
1012242988658036736,-8157708037486338273,1
1012324633763373056,-2085998758632790391,1
1012691589087547393,8985999229197708656,1
1012825120635785216,-3825265617515604208,1
1013140392492109824,-2316702058671950170,2
1013387981728645120,8960607957673338211,1
1013518061859692544,-1754090085339249511,1
1013769377102036992,-8816801862763481451,1
1014096175165771776,7797093859739033812,1
1014808001293815808,5327237588038998543,1
1015242328880156672,6126364852254339711,1
1015345393327136769,-6057738710383595094,1
1015533520935096320,7144907782883055708,1
1016255511447199746,2839159983084089903,2
1017073401855381504,1298036342423068784,1
1017074610356047873,-2700122143154461888,1
1017520604856180737,-3539314420540526805,1
1018035015463194624,-3591762494063790087,1
1018078330166407174,6438723370418031052,1
1018132463066009600,6321489439875412906,5
1018137083913830406,-7250818370823940728,1
1018942851990933504,-4182801394587980484,1
1019017349620477954,7726773865862038419,1
1019109201979666432,-3302085671190943564,1
1019513713680945153,-4283354051910873683,1
1019690064253739008,-2315097898727879163,1
1019867904362336256,-5026112098879748965,5
1020079159865946113,740782479057142301,1
1020238661466673152,-3473940479764349,1
1021317854661144576,-582376574409800482,1
1021342742155268097,-4965924747605695265,1
1021389887365369856,-4670497877029938316,1
1021489610499792896,-6456063100666044706,1
1022048884015734785,6836473197173381424,4
1022184337209470976,4138954723104331109,1
1022919459055525888,-3413317638407284648,1
1023294365597401090,-1393630010005851433,1
1023318274912792576,-5579199804654702898,1
1023839130873225216,-295823163640887035,1
1024022594574606336,-2468646543210992892,1
1024338385404682246,3596042221562195681,1
1024346155877101568,5117387010642267036,2
1024360047567097856,3298928726867634930,1
1024371953463947264,-6948464207181140594,1
1024574864303316992,5302872915582637108,3
1024600444671324160,2469929040945425436,1
1024938183757361154,-4066158811241914016,2
1024973270666432512,-6351508558398931912,1
1025441665132191744,-6128166015009350841,2
1025727836081008640,6777174403397363008,2
1025822163880894465,-8376415610289661429,1
1025902801476616192,4891452223451211452,2
1026033627304472576,-2598434175594805730,1
1026475254577807366,2485404757370897699,1
1026479603521658882,4559562855540338506,1
1026861369566617600,-7112206319702502863,2
1027114443044478976,-4681131039073614032,1
1027194171218714624,4723745777723014723,1
1027427092575739904,203544397372781844,1
1027915730723987456,-4074258402498847693,2
1028022618715316224,5189782061851233866,1
1028245688839294976,-951244980636775430,1
1028557982785789957,-6271571080596025676,1
1028688972527087616,3021792736186918520,2
1029051298363179008,-4840983643676083521,1
1029174771844562944,-672143473377538977,3
1029484823948259328,4235620401693209957,1
1029660022060535808,125814058977330299,1
1029736161567289344,138066014415373710,1
1030055706639179781,-7498987146033492543,1
1030124031733911553,-8376427082205191816,1
1030218834417016832,8912728535335693670,2
1030394310238367747,-3092903894869612411,1
1030469020091342849,-6255318431394441942,1
1030767500932341760,-6295177558915178260,2
1031232073057673217,-8812769918939313345,1
1031476739942346754,1755886684412443911,1
1031941617056399360,821258978532531260,1
1032295853216727041,704647955818336387,1
1032600323939024896,-4538269250631025789,1
1032637056101621760,-6597267798359137,1
1032684402256617473,-3059088090021040889,1
1032731516420403200,-527193130731726263,2
1032781104196067328,-1560747225808774910,1
1033038380983087104,5201712284194761656,5
1033298686439305216,6876137530641138822,2
1034525148228083712,-7097422026711900438,1
1034579753691430914,2228149890932284498,1
1034741740190752770,-220686352016086383,1
1035166905424863233,-3142494689910397150,1
1035551899074928641,2443811719692241896,10
1035571578342395905,1301548899212218007,1
1035622659537690624,-7350172410709906715,1
1035864070526836736,-2714072831556406768,1
1035913711762989061,-1363264981616364792,2
1035932641206386688,-540374110704492126,1
1036228891541688320,-3298527657196297028,1
1036247054165663746,7159871012399808045,1
1036315612681830400,-5466600119226247170,1
1036342747756720129,9097448017122530066,1
1036348747888898049,-2907113325479941264,2
1036368837166424064,-4819601935171121650,2
1036593678637260801,3834039513923610947,1
1036957723487883264,-3461987519119102854,1
1037453153376104448,-3552493610784791796,1
1037597958362025984,31853662845944011,1
1037825448149962757,-6261372882940828319,1
1038084508803911680,2743343764598430395,1
1038102175828926465,4475254563943678689,2
1038406831431974913,-3717205439831666648,1
1038779433283403776,3703455214646485207,1
1039185590179295232,-8131734376485590018,1
1039251322317557761,8456969730675814207,2
1039349109210140672,-3595976644426596827,2
1039889611194081280,323665062358822490,1
1039914227643965441,-6388508883314168216,2
1040323152520335361,-2520630777528184843,1
1040334821174718466,391134727030949058,2
1040365239731216385,2521177614872857741,1
1040890639200780288,1237109521675294372,5
1041156268835008512,-1360440348627825755,1
1041396667684012032,4282242830760466666,1
1041582865736237056,-7732529586046559105,1
1041745745035108352,5810737771682886641,2
1041929939786850304,5594760908766777620,1
1042349045648433152,6444842682698051718,3
1042409095091904512,758521682191843325,1
1042618689307246593,1370631870270130467,1
1043210563327848448,-250593784680927276,4
1044179459128078336,1004205551390778787,1
1044242254523760643,-6146063616735715217,1
1044249409096159233,-6391679637053648320,1
1044600938059706369,-5695604884913442222,1
1046286793698676736,-4780132285172235322,2
1046464950141702146,-2303199396681856923,3
1046497227324227584,7200481576041079510,1
1046656515506155520,8602881380477464233,1
1046830203631271937,5504757085896465121,1
1047208479117758464,7649011744025541635,2
1047487039904632832,9035464483068053258,2
1047784114336800768,8710096925937967442,1
1047812731150192641,-2143804184073972266,12
1047813077117358080,3974743580923521303,1
1047866213790089216,6282803426718364854,1
1048174793915346949,-3222722878644453941,2
1048220860702707713,2380308421521328004,1
1048280522856783872,-7862663174686774370,1
1048306949417328641,-4119246547343379770,1
1048323802940231680,-5631076054728019434,1
1048916024526032897,-7392463154901564612,7
1048976198804656128,-645129422860487444,1
1048980022504116227,-7439583750069882514,2
1049024616851808256,8911016577893891541,1
1049311463616274433,-341568440470003738,2
1049379533764399104,7644767452784152433,1
1049380735222771719,11032382228327460,1
1049576740425789442,-712620167720507524,1
1049599953872543744,3530085715296334587,1
1049744342502518785,1008138852769312695,1
1049911272005885952,-8088043589666356748,1
1050364597558026240,6274163706220716752,1
1050427261994831872,-8065167919505550491,3
1050755524503977984,-217241445488184938,1
1051431195114921985,-2971406954649723242,1
1051440989653651456,-1951534762629735126,1
1051788075523825665,-5312885024118662917,1
1051906012104540161,-7254998660420166199,1
1052210413050322944,1778048151095236739,1
1052217949207941123,4338654074397261819,1
1052441654643384320,-7753017072037203612,2
1052514340505567234,-1143411722997362021,1
1052619897396711424,-6537288871500249239,2
1052691938468487168,-8334032429968534061,2
1052696170277916672,-8015315613575426075,1
1052784568510627840,-7539878817077515972,1
1053560024033832961,2461143185957144500,1
1053877686328672256,6916149263126885478,1
1053926135225090049,2005908621306232314,1
1053949922003828737,-6112954855644522578,1
1054137261476986881,-7989895822941605989,2
1054348491533836294,-5429228914800855019,1
1055103508607889409,6739255676446696589,2
1055190498309271558,-374345492301127201,2
1055407818357030915,5246857859036983897,1
1055902462140473345,-8617788745068833571,1
1056181982261100546,-7541491683281506881,1
1056205696730103808,-7925030841483933293,1
1056247110914527232,-3352661417255048823,3
1056504023489093632,-1192516448451213588,2
1056651027489927168,6045075723640746924,2
1057146167203643392,-7350931136701739237,8
1058015587308396544,5895255690178296336,3
1058024212483448832,4538020985236826694,1
1058087466886987777,-4268349709628660584,1
1058302417316515841,6153786131988452231,1
1058309878698164226,-8197618486746616053,1
1058461891402579971,-937009473543022408,1
1058633525631614976,-2946179593133649736,2
1058705067392581632,-7252194941196235265,1
1058712916856369153,5440234168907838517,2
1058823235305988097,6838196799839742948,3
1058836145860210689,-5422916207329386845,1
1059030612051402757,3448885866803721763,1
1059361525109010433,7522963084610000511,4
1059582131607928835,-3367276208915805752,2
1059685428389789702,-3695878882110796735,1
1059807511035961345,3749379938087044068,1
1060780705427476480,-4552374790163898628,1
1060875351822385154,-3844041851495339586,1
1061285256354037770,3560706398396676674,1
1061750776081592320,-8382209355047489101,2
1062087200089784325,4140015551802381050,1
1062442888162893824,8551567446962671764,1
1062470591163367425,3531292221334426331,2
1062760708264345600,-4189383445301595075,1
1063053666565976065,6126459816567345446,1
1063456772650934278,-3844007606667393185,3
1063458313973784578,-1733969587183840000,3
1063539782888931328,-719264455636011823,2
1064126433176494081,7521045512257337826,1
1064652038406111234,-2606973687835307845,1
1066025140188848130,-4770460108785116409,1
1066343880994562048,-7346867304221472073,1
1066396041107423232,-3163305493254635589,1
1066740109377236992,2722158414956184355,1
1066788384574722048,-1349236199454545543,1
1067458814797062146,-6431649539068568701,1
1067528858323349507,-9195097093617277392,1
1068539666461310976,-7091369294652079089,1
1069465044222689281,1105744817298086670,1
1069613907281620994,7824771585479887155,1
1069963347452411906,3258114894452931694,1
1070109237861343232,1024179028123814008,1
1070362775220772864,-6582332732460939932,1
1070728932541063168,-5557167099240316663,7
1071186218971480070,2813183606756054175,1
1071370731353710592,-2358187098568089753,1
1071375259830411267,-3291771048886533240,1
1071380357415616513,-5561078444960606017,1
1071385419596685312,-5256718453193320174,3
1071437261097590784,-9164681403624434523,1
1071530476366643202,3700102948561823863,1
1071846120480038913,8303397838594837884,2
1072503227382460419,-2071391582236287797,2
1072621635067412480,-7422100725270872083,1
1073018286424633350,3991072096279851027,3
1073960834039209985,-6321376556823728653,1
1074366605554040832,1601019015783648017,1
1074663693034680323,7099937881446309987,1
1074714390618931200,5487956732496017318,2
1074732656154329088,-3682877803271953842,3
1075364359478657026,-5877846540446746289,1
1076164244964601856,8152709409168000356,1
1076454514813616129,889391899005826268,1
1076464758356877312,4952812034722178456,7
1076487393664876544,-1558946572874726894,1
1076612633187569664,-5598116536654635040,1
1076815855525216257,598031669074278408,1
1076830801159958528,-6428297807578317790,3
1076998867193876486,-5613441577813205453,2
1077115949088677889,-895785918271085061,1
1077210912279416832,9132490852871543780,2
1077482969047154689,7863019423761938276,1
1077642025091166208,-5240001748282357453,1
1077877077901230080,6474095289146655012,1
1078251461778292736,-7786757823952437754,1
1078256013311176706,-2290216378375043296,1
1078264758732771328,8557126538638203537,1
1078266166081142784,-4659002764629271348,1
1078271290438533122,8494297237597996754,1
1078378248059478027,8929841604967561657,2
1078769750774296576,-2908479422889085863,1
1079303617050488833,6510766417549521354,1
1079631981384814592,-5373738358227660803,1
1079725592495435777,4498384544824509616,2
1079747139247456256,4148055525761799193,3
1080137145719943169,8734747135637522713,1
1080528531459854336,-5758017841751193536,1
1080819401039978496,5413460542019441429,1
1080902985734070273,4193652883958848967,1
1081018399935860737,233241759900312779,1
1081251414607888387,4104836204740037577,1
1081415285578649600,8518306303094833009,1
1081526907387162625,-8289785512125667252,1
1081686119975211008,5100437812753237664,1
1081689937026736129,7931720462760320505,1
1082004991571836928,-5112181074870850662,1
1082019511740583936,-8468939826116428282,1
1082224504372383745,8786518349970474821,2
1082592910749638657,-6571269167510659508,2
1082930003166273543,573022105984287616,1
1082967698894700544,3387627792443612419,1
1083337717591797761,4606860779227138846,1
1083489213415333888,-7041042158617499896,1
1083651613615669248,-6920635040640522703,1
1083680015492022273,-1749955054538081553,17
1083777011288551425,9206339419859727132,1
1084078881840263169,1586269136771326096,3
1084138552638820352,9113199962115840602,1
1084159752752558080,6513929481877975475,1
1084167137135079424,-798637641904901674,1
1084361526318899200,-7083608596138496685,1
1084407777332772866,123471241813373279,1
1084466895468875776,-8130943433832270616,1
1084470709437583360,5579545647968505896,3
1084557717631578112,1784743365634507285,1
1084830105262792706,-6267538754434042216,1
1085429124355756033,2351257901850120607,1
1085469962976837633,-4627043436638898095,2
1085605589143748613,-1198194444907482614,1
1085869542348345344,-6501751824250752600,1
1085905401512685568,-8022799801246508411,3
1086251620516745216,-3370161278286420685,1
1086278290954833921,4457501428658392642,4
1086288904565731328,-1009560184526589476,1
1086684922100756480,1011535833070629668,1
1086967000944033793,-1905862204997563091,1
1087657521001742336,-7105255391566663994,3
1087715590691794945,206960586971881673,1
1087852905909108737,867040329257052209,1
1087986360127053825,4368387006097768992,1
1088127856323018752,6712114452977832745,1
1088485000528445446,352811374496016827,1
1088748639349100544,272732878987653131,4
1088822186419372041,8158887638412396481,1
1089500969052848128,7778483851108586907,2
1089537743716261888,-4871953579901000511,1
1089577037168345088,-535653918002072449,1
1089634043778478080,-954988963901300621,1
1089945161075970048,-417616201488576078,2
1089948815661125633,4250578927766273358,1
1090258909531561985,-3039400941921471169,1
1090531990032576512,-1572832823715572073,1
1090565354617741312,-1435465739256498042,3
1090627252323344384,9092372007881792918,1
1090904255580516352,-289463243865706490,1
1091003287820816385,1631923478056476947,1
1091008019859730433,-8868586488811556626,1
1091055684341415938,-3555459193555777730,1
1091353197455695873,6559701747963712562,1
1091358322551328768,958874167526872325,3
1091681444840255488,-6501238182481422957,1
1091888463534874624,1499837384811805524,1
1092084691841228800,-2978759831928871547,2
1092171776455569408,-2081484504282914703,1
1092914412594311169,-5528695903364046994,1
1093074065936535552,-4895864439920184676,1
1093492326343892992,-4182388277169089258,1
1093568285772271619,-4833707962483946610,1
1093642710723035141,6281194835837608480,1
1093835515562995712,-560338574307083922,2
1093897197668712449,-1301054580468224945,1
1093931631704973312,-3222877133798094816,2
1094278865910931456,-1305680443511161815,1
1094311509214330880,6935470939017175666,1
1094396285069807616,7874390024828685292,15
1094620908680081408,-828841980014350192,1
1094695433123889152,4145186615087657238,2
1094902038817853441,-7626668445222485109,1
1094938606668521474,4491776176451398261,1
1094991986858299392,-4749695463160593381,2
1095054110376845313,-7640976516808239874,1
1095062024286097408,7273900070827051759,1
1095353504737177602,4983576383850983870,1
1095839441359380481,-330058287918100413,1
1096032932807041025,659343976876999053,1
1096096899604586496,7461710757909443526,1
1096503937929232384,5158923271862459575,2
1096562037977694208,8449877514630187787,1
1096742557214826496,-6846689868738214696,1
1097036882070913024,1365761071731785280,3
1097507297104969728,999041691593268496,2
1097872228706934784,7326627818403650588,1
1098224757919698944,-7013753307970140803,1
1098523324206829568,7745019221773672176,1
1098968957418196994,868550837455618262,1
1098981122241896448,-82514091555087830,1
1099057975669477376,-2379417121345883390,1
1099094205165719553,706546328917854840,1
1099269314434224128,6103998749734633445,1
1099418641051860992,8049050032303793361,1
1099701394993483777,-5009854406188728182,1
1100094901587509248,-3572317881636913852,1
1100986844844617730,-7530185922686998034,1
1101405657050304513,-2187987758784928484,1
1102033672713183232,3476355484585291813,1
1102207791492726785,1609904079176001677,1
1102330840548343808,3760055445480084176,1
1102724368277348357,108215419337872255,1
1102946502413029378,5021365000537939130,1
1103551184382709760,6989790984033944015,2
1104086778976391170,-5353099627111229255,1
1104121230112837632,5542671541887681899,1
1104637283217690624,-9103280681494319928,5
1104783963036499969,-4870149049473602437,1
1105162901399195649,-5607469805367402399,2
1105341553965522945,-3763431304030185015,2
1105600580670636032,257089947312760071,2
1105872239143079937,3546656009314147960,1
1105925489103900673,-8995718195355297462,1
1106071978555990016,1256331916961486138,3
1106122919996985345,-1989873861985600570,1
1106136594090786816,4325972182512103855,1
1106464157438758913,-3079799119761305144,1
1106521385621430273,-6066449150448272799,10
1106603674464382976,-1732870998793493945,1
1106703976635006976,9169245976533473045,1
1106841951154913280,5480674823583300516,2
1106923021296644096,-2160827419608424341,1
1106925483223060480,-3684246602397218291,1
1106966588346040322,-2043917166604069452,1
1107583735065653248,-935605790306715341,2
1107694338413334530,-3922325527511377086,1
1107930478202552321,-1806962164027019661,1
1108067257165537282,-8407695154882716037,2
1108663822783528961,-7504415499003385663,1
1109200804563640322,-3853658052670734605,3
1109447689333293057,-1883998179225507952,1
1109544396666650624,8479470961472199988,2
1109928964393443329,-2699397067817183771,1
1110586994747420676,-6030699985436158606,1
1110945626072772608,-4877753298500055576,1
1111230340423663616,-8163204976409675930,1
1111542232182603776,-7769696525346263738,2
1111755975411798018,1581884693344322523,1
1112082253528612864,-1605690486445627572,1
1112105308111994880,-116225556895471929,1
1112158882032480257,-2379252177190747479,1
1112292425031213057,-1938637877307646514,2
1112337761300869120,-1735649063705437522,2
1112401333959696385,5802302112026547434,3
1113163646455218177,-1639902804191083786,1
1113496345430626305,5343572049785684482,1
1113507018244001792,-5963607236613684282,1
1113889177253371905,-749355073772844795,1
1114169239550689281,820690986306615087,2
1114281408963448833,1983253184330240858,1
1114447591138308096,4297129402471745034,4
1114539996151779328,5631779509253552200,2
1114997428430700544,-7222740150516204539,2
1115569654875983872,-6679437308706622558,2
1115701939415597056,-7648903040217220744,3
1115898864060510208,7495700964307977077,2
1115967529405550593,-6918379162457347861,1
1116054543706525698,-5771370181088385148,1
1116320408733736960,2085041494945103554,1
1116704090757660672,7986128578721284543,1
1116965476813426688,-7766969662303832164,1
1117381430382923776,4779179876023172007,1
1117401767115989000,-7956969115776829164,2
1117413989879820288,-8443639044622620806,1
1117453239543320576,-3435762808579033511,1
1117538004762017798,4194298950454834624,7
1118062979625431040,-2732849615061775564,1
1118119168975544321,-239954822377033661,1
1118148952367554561,96754341783625677,1
1118159724338384896,3343875639798429612,1
1118244170592858112,-6616333979749493347,1
1118266259458674698,8214395697232114276,1
1118414868175118336,-4368163972393776019,1
1118444625977585664,2987219350291800177,1
1118871339203428352,-441941323572822267,1
1118886686858018817,8960197450380360307,6
1118945577683828736,6933351313191257921,1
1118970146813612034,-7620713049864567023,1
1119356297391038469,6227516271191433007,1
1119588335905837056,-6611197609323838124,1
1119920154735984641,1681934534052122807,1
1120088522289971200,-8315888383233425294,1
1120110054051655680,6243853704163031192,2
1120414744849133570,-3446761233159493661,1
1120705427614859264,2622956055481957888,1
1121140317074403328,-4135276385982137035,1
1121163421498712064,70371984568061528,2
1121174719829544960,1458692878646172387,1
1121348808057737217,-5627280304228575155,1
1121358995435003905,-9134778120464131000,2
1121378803559747584,91245378575490312,1
1121384688973692928,-7593203363093530328,1
1121396036671561728,-4852356933869368842,1
1121818383215923200,-5114315965115415915,2
1122113524220727296,-7464442377320379931,1
1122239912533794816,-8830393222662640269,1
1122478324113125377,-2041726796727484384,1
1122532316386078720,-4760728991388104804,1
1122843258688876544,-6899297213863524271,1
1122878756920733696,-4914450486614295488,1
1123270247832784896,5914824249805214245,1
1123339947010924544,4323389581108020303,1
1123489145974923266,8060915039546436920,1
1123562523058495488,-5869813896061113733,1
1123776332108836866,-2000289973844594934,1
1123804713890263041,5780250992010307146,2
1123999443244785664,-7688064871387695320,1
1124001768583643136,4597202650214290236,1
1124036365010841600,7943476809472050859,2
1124407518766215169,3313486221627290312,1
1124440285189111810,854874493417307688,1
1124693100788617217,1474752927934214431,2
1124822740710637568,-6491061663728109173,1
1125310630691524608,6184761684617220320,3
1126018936741474304,-1202486451611688045,1
1126187201165955077,-3216142353815621125,1
1126791082463899648,3015111432385311233,1
1126945240651268099,-2715989691948064884,2
1127202699911606273,8119771557734784035,1
1127210403489034241,8306662221775647316,3
1127214190517792770,4447244788882642125,1
1127615904756445185,8158358723021569660,2
1127668852442189824,312023927278571297,1
1127703736468615169,8788810531966017934,1
1127922785723068416,-6123412207719285040,2
1127999884970352642,-4309834977034408389,1
1128300664008916992,5852456242647084718,1
1128643704674291712,465516990842503671,1
1129062455739600901,3212359677486395157,1
1129066207112515586,4101627859276200267,1
1129080692216934401,2255124832824761026,1
1129093735185358848,8133585221560575437,2
1129412948651380736,-7120277051747676313,1
1129424591594696706,-1028682601184615349,1
1129845986153648128,-8529085529090677179,1
1129921845694742528,3029472468143239605,1
1129929789828157441,7714638471666272211,1
1130314659683192832,-7357923093042489692,1
1130608402818904066,-1946164061160034353,1
1130745225276792833,7470564746045518653,1
1130856945286430721,21874110048526309,1
1130874348536045570,-7172133893788395205,1
1131596572142313477,1548957230421995848,2
1131851944501424128,-4101431928579257027,3
1131887643510415361,-6426088054035364721,2
1131940304007892992,-5331978397748707311,1
1132003374830882816,6476781401624247832,3
1132380134940532736,-4499138025749192654,1
1132596642014748672,414414813181617260,1
1132726723752148993,7232622822382685043,1
1132729287205957632,3058857243225978018,1
1132736925314539521,2347369466338222172,1
1132819540558176257,7451511608533015751,1
1132853945200590848,-6409395294153658043,1
1132872455230500864,-8952590638274674341,2
1132960530321346561,-831681668973009242,2
1132967275156463616,-1009056610435021884,1
1132987530503217152,6014485484245914234,2
1133052275641991169,-5377352624396253646,1
1133073159467479040,5818339855586580974,4
1133230983984107521,6142103525129711694,1
1133281770961551361,3013218776992595219,1
1133355705874956288,6337915864162682511,1
1133657174239059968,1586093254320966582,2
1134861270547599360,-5434533589974126750,1
1134938994138071046,4729126808461743499,1
1135258213065142273,1565145672587061677,1
1135420512295903233,5296500298979985574,2
1135644181655896067,-4201163688643612520,1
1135647833221148673,-4410897014843841086,1
1135656815906230273,-7984155737080531009,2
1135783593177837568,4674069435381086278,1
1135894561807642624,-4275526574781964738,1
1136048596103471105,-8798670633912842556,1
1136270886045200385,-5933964299267446429,1
1136909739458256896,-681500479679792364,1
1136917231965790209,-5761426035474968427,1
1136965837154336768,-6759818607433251076,1
1136997067509915648,-6980668516384187801,1
1137028584881709057,-6043824435353736706,1
1137089720591233024,-5437443900406596538,5
1137263889840783360,3093008065720564752,1
1137374726047838208,7276943331286873144,1
1137462773624004614,2583352507192112925,1
1137762520247222273,640962540905756372,1
1137808545645305856,6949152884484103761,1
1138011012752465926,-3121742439153007683,3
1138029349968457729,-7886602561585206329,1
1138099402537615360,-5269283278883554520,1
1138161116398440448,-5422076972411431126,1
1138482405709365251,-4114293110916600385,1
1138483790152699909,4772521016851577332,1
1138773698545094657,6320797813429063325,1
1138797373612797952,6665058677594224059,1
1138899419250810880,8756225245437195550,1
1138929413096124417,8195901869803285921,1
1139148052726464513,-1389988848982186511,1
1139213943984054273,-1060245384843189048,1
1139230964675203073,6790513907540362228,1
1139479150148968448,-1267360538841088803,2
1139870727992217601,2634441131709789789,1
1139893739470675973,1124778997599120736,3
1140244152707362817,1336190578394877793,1
1140352833134444544,1004821945595987707,1
1140541646599335936,-8213519585418835578,1
1140576553077813249,2254303210217032593,1
1140707561597018113,-3399867532908081629,2
1140821644124065792,8028753693291659988,1
1140936449119928323,2372791163056651184,1
1140938812648038401,-731246297228830989,1
1140960942500524036,-8533001579866241497,1
1141010733372755968,1801146387694430835,5
1141030418159980544,-1595869071793984511,1
1141096763182526464,-2665529111631201584,1
1141101997397069824,1074663954780814619,1
1141674641163001856,-1395892813735030671,1
1142068733596356608,7241309439496470494,1
1142076406203109376,-6461828785839824123,2
1142078887129690112,-6146499402122800213,1
1142105074140946432,7187722651876618143,2
1142118380557803520,4910745759583381482,1
1142198871990374400,-8206280352917150047,3
1142335908882059265,-5733119527636768080,1
1142453233748783105,1604950499161813738,1
1142461225974075392,5067363743554323439,2
1142869137993207808,4737757512600765499,1
1143145298543489024,-7348196936355320764,1
1143234490401267724,1348371009980566877,3
1143482004941561856,2503355705383056328,3
1143581917398425606,9158339226307501275,1
1143596665280114688,5039053791771779315,1
1144117197385678848,-4089071374749701368,1
1144172049830690816,725407904073996108,2
1144397038328700929,-7302145294769411812,4
1144981790207225857,1415990872557209049,1
1145047052767944706,1248797468461042902,1
1145305214142095361,7679825058462210096,2
1145357863134683141,-4542256700042005723,1
1145437991558688770,155092609424975644,1
1145668618908311558,7517916315122169186,1
1145679548555714562,-628912056971051453,1
1145792079861297157,-589507725367050530,1
1145934922256982022,1983869347417987471,2
1145990747822280705,3196076162752006615,1
1146028264273657856,-2695767207667454145,2
1146234929132576769,-7090984285234633803,2
1146363055988776960,-7959170766288143476,2
1146383082267860992,-8251755085836592,1
1146450619441586176,-7579521688341631824,1
1146481774358343680,-1748876491902217675,3
1146721254973554688,-4761954108753512810,1
1146847249613434881,-8215675948510823638,1
1147648207402557440,3450019886569736990,1
1147800764917657601,-8122594342156829914,1
1147895500202553345,4090799873039793684,1
1148185341926551552,-5530505472305946565,1
1148307902572171265,570215461039808279,1
1148508379557617664,1213271109696843527,2
1148509243772944384,1438777946953770403,2
1148595351638761473,-2733211650681532672,1
1148693291430535170,-4211195678899407759,3
1149275155006394369,-8958986986148446779,3
1149304931217788928,-4669514447837454885,3
1149524210345115648,-6750423763415447025,1
1149988568196112385,-6537977816316343300,1
1150116378973749251,-1956555506853164135,1
1150142564760260610,-1398557326939346700,1
1150211340440522752,-647674329153119546,1
1150335017706512384,2425232461584570387,1
1150378679274549248,-3671386738009205041,1
1150404662954201091,-7806053870895454442,1
1150439456031354880,-1650563545676129647,1
1150751883566493696,-3045679781688701744,3
1151095586189430784,-5838799279178092821,1
1151237349063479296,8506637667020130387,1
1151238431701458945,3156114970727989195,1
1151367133038817280,-8707507471641192531,1
1151546587107274753,7967627154981981941,5
1151571575981989888,-7842847275144925446,2
1151598304662347777,1894764547880185829,1
1151788920037871617,-303523292323571823,1
1151876097392463873,7160875335033283546,1
1152133839554252800,1661356010650470123,1
1152266161544937473,-5870218182154581197,1
1152443917507280896,916504034620737479,1
1152585760551444480,-7337554495565446414,2
1152689844197482498,-202574609094971291,1
1152900509629595648,1691532466553997715,1
1152932396548993029,-6840615089485915219,1
1153015919742005249,7824915775153302730,1
1153052661933137920,-7577935864692247446,5
1153220164478885888,9191323416780383352,1
1153256889343496192,1286480882051829908,2
1153276943850188801,-1390892872410815549,1
1153409973545832453,5959715330047296192,1
1153620908441051137,-3311022186553078818,3
1153701076559941637,-4655307292792896178,1
1153964552301764608,6053374294879351854,1
1154371862606098432,-207873322102043010,1
1154533924976115712,6922648992042891410,1
1154873881561374722,8323509421587789657,1
1155025302554386437,769333422519376893,2
1155438862396731392,-5373892404071545458,1
1155449561432956928,6184890840092779270,2
1155516768246538240,3347372051007172134,1
1155615727803650048,323842470947964823,1
1155981261120258055,-345841019150258035,1
1156235897584660485,1416124057028983996,1
1156301995776643073,-8604568598885912551,1
1156485125057712128,-7712111758032666944,1
1156488697807822849,-1341943841999664055,11
1157036023744016385,-562144622516051761,1
1157061665571168256,5141165459606296353,1
1157093878316576769,5314180134291203082,5
1157154349144924160,4800929089666532534,1
1157236046914031618,-6992215943004233292,1
1157335438228692997,-3960764755179762999,1
1157668114877825027,4163195466649063570,1
1157709835993059335,270244977181565905,1
1158045847327825920,7844718111889199133,1
1158057240898822145,1479766598488655816,1
1158354496256446464,-2187038084144510375,1
1158380969575047173,7410054688273188780,1
1158396782067535878,-9022677845696900876,1
1158428091154358272,-6576292749328044758,1
1158453510620569613,-3397618813429106722,1
1158758131448590336,-4812590149785440338,6
1158780438326009856,-6297653536573845066,1
1159079871215210496,-6659410394724358181,1
1159384106486157312,-7174618154949756999,1
1159877233755983873,-1991373916269051690,1
1160214428740177921,-6453573818093945622,1
1160598313919496192,837248119858997440,3
1160668836217131008,6632253130509971188,1
1160900573765541888,731431170266072456,1
1161022078084112390,-5661477075717995001,1
1161322239586906113,-7962127866113508568,5
1161622851650236416,-346268470499530957,1
1161690099744219136,-5689756371506223997,7
1161906502241849346,-2810207863912927072,1
1162092655259635715,1862496205664900962,1
1162353666772393989,-591476490664266524,2
1162361772415836161,8487800681159735587,2
1162641951008731136,-2571269198922696900,1
1162766571401560064,-2404416119545280034,2
1163033708905021441,3403893153691788120,6
1163034470603247616,3661488941938490107,1
1163132150859874304,-6506643718896041027,1
1163194805662474241,1562478601577284417,1
1163479984436121600,7924763711183528306,2
1163755334395158529,1362133622517295680,1
1163872716090462208,-1516929411238854749,1
1163956686291423232,-4065068857995052332,1
1164000014714245120,-3701973142124516784,3
1164518229794021378,-2706949689636385088,1
1164569694449348609,2921679123230965937,2
1165208583002382336,-7604959385734361812,4
1165287245479317504,-8351213865670641358,1
1165316765435478016,5652295757446971576,1
1165567428849545221,9222686679380183554,1
1165594610808381441,-1065534935665450063,1
1165682179017498627,6601104368048438898,1
1165916122539089921,3189479054529119223,1
1165917526229995521,-662629954005008651,1
1165956572540997634,-8486654699745034887,1
1165958699309047808,7388214575086707478,3
1166061272925913088,-4296950244344102841,1
1166087793795325952,2454131756754559999,1
1166184584981045248,3575831858399526000,1
1166253717814960128,3310246691143531733,1
1166346989182902272,-6503838290230125897,2
1166401156492464129,-8505878232698884556,2
1166614675620028417,6081503490419676435,1
1167094204297809921,-4058886053350674929,1
1167143631687434242,2192778261511257522,1
1167333799224647680,2436028749917048706,2
1167404559297327104,5356234843720347234,1
1167511492096397313,-8987405505811347498,1
1167529967338643456,622529183676008994,1
1167535564477911042,1526240414014048566,2
1167755862871592961,3654775341818348998,1
1167848079904694272,2280335298689873919,1
1167874421606035456,-3168192131942678759,1
1167912641693736960,-1832427152340772180,4
1168172421926608897,-2281056114290453594,1
1168190187710627841,6897894857015400631,1
1168197107595010049,2957705630939101504,1
1168873582325317632,-1041927918790656336,1
1168979711055339520,2863306435356156270,1
1169161678279335937,4853677527363390687,2
1169214017379983360,-6408421042570768272,1
1169307711424610304,2342588336975479889,1
1169345185236639747,-5760581274399991289,1
1169470826732822529,-4122495043744031354,1
1169614984558592000,8588515865960895609,1
1169664002483507200,7174897916076955366,3
1169731979123810304,-8340251477869082093,1
1169740256846987264,3184819458964804235,1
1169862423748071424,8213901836344281914,1
1169946967440535557,974297546848482627,1
1170353497025462272,4390142574332052053,1
1170355570806788097,-5513601715252044404,1
1170425804699906054,7197553479322481731,1
1170466240118362118,9098543167838923233,1
1170612930884362241,3951955430144995012,1
1170749423649005568,5699452198957488004,1
1170762219010908160,-1127270494751263325,1
1170807009211506690,-6368311851031724164,1
1171030698720931841,1922181246445873418,1
1171355408172310529,47016229206748915,1
1171434454067232771,6308616383895658532,1
1171442998095171586,3777845077069807574,1
1171471498709626880,3726421438843013382,1
1171559314122842113,-8055920035441834246,1
1171703839168372737,-4714433363614928055,1
1171745975834161152,4634122867718865540,1
1171750594765365250,-3332516528301324474,1
1172094700238647297,-2662450555218962011,2
1172248902709460992,7321261634168429995,1
1172453951884673024,-5417658700085525088,1
1172658514176684032,5014959032978722731,1
1172836468160716800,-678961147544693004,2
1173227607137095683,-4842622203223468868,1
1173340733274767360,-1452695137298387285,1
1173514152737988608,6092201759076177178,2
1173570076710244358,3082571859467841568,1
1174013567638671360,-9077039429273650304,3
1174339785005121541,600888924663150724,1
1174405734144106496,-5087330092496225559,1
1174714069502320640,896973268379027710,1
1174791055063048192,3367212993140705926,2
1175070683040276480,-7732898785270341499,1
1175107319966945283,-4470766804046771520,1
1175134558704082945,4301993264764095400,2
1175145877553451013,8399689489717774926,1
1175164791805153280,3701048590275221626,1
1175516289890226176,-402506051733248963,1
1175749980507770882,5263555232739014504,3
1175826143871688705,7783282583396236862,1
1176081540566196224,-1557168947770039490,2
1176238046100017152,5536269631850633528,1
1176418047768309760,7621708043003076716,1
1176434792075792384,-7572557434710665676,1
1176501654016929793,-7384388342137005807,1
1176522334183796738,1024022477493584519,1
1177008071807250432,2690877580864470297,1
1177481215361740800,2916075859512692116,1
1177516788902289409,5069533170396136653,1
1177572120911417344,4992824249165936323,1
1177846464229384192,-3694800781712898848,2
1177979080370786304,3504849366401399937,1
1178287912028430337,8216511304587285394,1
1178330745812766721,-6974299276592687637,1
1178377530891481093,-1982591255721486426,4
1178378102373785601,-969364198293191833,1
1178402937908932609,4934940940753197352,1
1178730540402380802,-2013978200181129126,1
1178732048904806400,-1200132939280729094,1
1178779289438887936,5997577857144133230,3
1179053771910995977,2787920350266444605,3
1179141179931332613,-7688372584723700566,4
1179370646368854019,-6403447326773059502,1
1179670999622721536,-632479719850405414,4
1179828078735958016,5275167309544512957,2
1181152707505201157,6938278227823549265,2
1181288004108861441,2081820475732240286,7
1181493258003730432,-6305834170817180912,1
1181540720542392320,7356098330199014846,2
1181572779461742595,-5234314840560816267,1
1181618331348033536,8889620648321226805,1
1181655788126920704,-8113199283447942655,1
1181672770276614144,2083663316758271458,1
1181703222005829632,-3578455677340548121,1
1182282151619911681,-7069726106850098167,1
1182372724322295808,-8747866089255781032,1
1182467150637875200,924661662029247653,2
1182561403296780289,2358519788409228131,2
1182685181725032448,7576074902769160605,1
1182769916644077568,9129137996717306817,1
1182941362158821376,3323194611651553256,2
1182967345846853634,3341613248423115579,1
1183336534319214593,-1658958150025510314,1
1183342512829849600,5732848097051797530,1
1183413698955743234,-4944223935068930798,2
1183481173802180608,4537954395183193745,1
1183557014515081216,-5108649164170728954,2
1183758914241945600,4404320528464062456,1
1183794079894790146,-8517275778633114919,1
1183812110637260800,674185233526138013,1
1183820211914457089,9125716773663097765,1
1184070977896046592,8740628360319979945,2
1184078638934835206,9007521325448212755,4
1184189129208324096,-3149712682069440539,1
1184204724880498689,4289597612978794838,1
1184229234237202432,5391933683520976285,1
1184243313022525448,-5941763339877556943,1
1184370836075094016,-2533021689120835978,1
1184941135028015113,4300534676286672884,1
1184959449221550080,-141483720220064241,1
1184986312929087488,-3261437765880764756,1
1185120149281656832,-1206778425126431511,3
1185457425974996992,3926226858368287523,1
1185531051743088643,-5657003433850513762,1
1185570189695430657,258461214888881351,1
1185602143702736899,-3023667540064520983,1
1185902198921801735,-7223142781317963501,1
1185925546213072898,-5679816298488796539,1
1186027076652093440,-1685655444364929999,1
1186292378543546371,-3213879631872168349,1
1186325751286632450,-8252192917464847823,2
1186631359407767558,-6840517069296208516,1
1186645831044255744,6643080882071587543,1
1186724093959258114,-5702666314152625544,4
1187030415103725568,-6369476152223582605,1
1187042575146016769,1713423366258509002,1
1187434912552538112,-4065477266291655573,1
1187662224401321984,-5744175901883658818,1
1187689222548922369,-5927159327868991173,1
1187813266627710977,-956059414031424598,2
1188166044663328768,2531265668616381343,1
1188581588906459138,-2771042967509996158,3
1188873281610420229,-1435309272114687241,2
1189370860081168384,-2552476595883668003,1
1189510159170707456,-1635585594291634003,2
1189626470295048193,4706606510273085606,1
1190427748449300482,-5267572007236317404,1
1190623144039587840,-8206088401531050753,1
1190702690390683659,5785032303084303753,1
1191413674470182913,8335763084369180722,2
1191717644619198464,8823452467433716681,1
1191729595856408576,985738140341581995,1
1191956201011105795,4574475139724107833,5
1192022675033640960,2097343507889055076,1
1192167432674258945,7106664143100433484,1
1192526841376124929,-262375037970513012,1
1192545492221276178,1969129839648109775,1
1192686774423867393,-7593918571387059506,2
1192719548258168832,1450967158748581615,1
1192838409850703873,5179392470553235076,1
1192919654404112384,5123313503863088475,2
1193322069808812033,-7276989567664562728,2
1193338201789861890,1828284144415821672,1
1193512360188825600,-755058497546971114,2
1193971932972113920,-1062826892132954755,1
1194231910010171392,832330271796115735,1
1194311665975746560,5349675767485300301,1
1194327076804927489,5558436615379573314,3
1194405804583129090,2247880342268495137,1
1194545899843784704,-3438263446804806936,1
1194716475577315330,8083017524483045712,1
1195455513993064450,-1158725625481728672,1
1195478213687939072,-2431071283307678394,2
1196047515772227586,-1089476662765098771,1
1196129835170631681,-2668971642788254905,1
1196137294123749376,4772359656531280403,1
1196783143254155265,8978024741711055734,1
1196799783517773824,-843525093617364550,1
1196874463922573314,-2096669863423705514,1
1196906891714142208,4040186771442344724,4
1196919064666488832,890751885512544664,1
1197158807140483072,-7873688572290455944,6
1197206364533092352,4572362053870824431,1
1197268744604704769,6520799490162091060,2
1197868836659314689,1403870227329052038,1
1197917680424161280,-8390813775085440446,2
1197942330172608517,-5685348573464507041,1
1197955796711223296,5709391993088586559,2
1198525411950518272,-7204211816844021294,1
1198608187735396354,4714788871437342646,1
1198622528572461056,-3364831335879912240,1
1198627818353152004,-9122381564559970574,1
1198695083316596737,-2997292457515971473,2
1198715255502848000,2990782278989890033,3
1198740454227030018,5376177972426465766,1
1198911994910445568,1432666728330355807,1
1198966155114942472,-8201565148342166373,1
1199085702673240066,5543129661991644446,10
1199102654745579520,-3702251087746033996,2
1199106451760975875,-5732920605143237077,1
1199338243558232064,-4061951866327333971,1
1199424049493004289,2244509482144676530,4
1199473180324368385,-4597290105427627791,2
1199571076558327808,-342062897180075620,1
1199804944662044672,2853112817064004628,1
1200326574261886976,-7689524071794378538,2
1200380393536598021,-4326610796764575230,3
1200392101810311169,-6704040016211752487,1
1200448138210955265,-9215171917652589969,1
1200906191792148480,-578182272943715811,1
1201420555083231232,-2068069647713244487,1
1201488700661796870,-6513973765371180649,1
1201809233190293505,-1507037566778228480,1
1201920768461987842,-200422144550854827,1
1201989142361657347,5528836765535214720,1
1202016327793283073,-158696596121641677,1
1202240540923846658,107375935965334487,1
1202318071555383298,-952884162760092,1
1202541188181614592,-2630323431591245188,1
1203033629942788097,1521692611748235102,1
1203302113926881281,959913032061169772,5
1203337423612239872,-747552914906709745,1
1203344822104444934,5641923981877133490,1
1203597456031834113,-8050640567020614977,2
1203754300998115328,-1031920826362848265,3
1203825895485714432,-21451156667751822,1
1204742988284547072,1245905445430379822,1
1205043473457598464,3721224617889513243,1
1205143751108284418,-2032106776696864919,5
1205292126097022977,3009243078891186008,7
1205336612567224321,8382326631560702867,2
1205442629380509696,7910955347258744710,5
1205914091551936517,-3143523256490676634,1
1206164735823142912,-116283458478264893,1
1206544185790205953,-3570613128965602979,1
1206592219039305730,-5028279510568682993,1
1206737641829470209,4419892073805217761,1
1206972253637955584,-2199227780804544696,1
1207097527784419328,-2985527320355512635,1
1207281304779284481,1913460536806017989,4
1207689205880631297,-5131707221710594205,1
1207798869620383745,-5280115462752975244,1
1207936473472884736,-8000983327231691610,1
1207943956258004993,-3965718249712766392,1
1207986488618749952,5842063847314411238,1
1208092194780983296,304825827184044916,1
1208191074885390336,-8501056002621987682,1
1208354706294067201,-4873915950811325195,1
1209110939368349696,-2383026383441791322,1
1209174122493820929,3273921563982516102,1
1209186143415218183,1301095615544897085,1
1209220581591257094,-5698824858099981753,1
1209576029112680448,-7079101200071614417,2
1209905141857558529,7262331305107672291,1
1209916313067511808,6780941625485379147,1
1210000553834618887,-3677856768663743075,1
1210203129226108928,-1939248586983115492,1
1210317652180246528,-1638756555653125075,1
1210324935983292416,144815582625052089,1
1210610369905020929,6512575102300091084,4
1210910012366680065,-2638279732935402166,1
1210959763929845761,4061020013774942297,1
1211241376018362371,-2684617417012882285,1
1211301969530257414,283359137184900135,1
1211339466276655105,-8513433060127858798,1
1211447394493067265,3353712121155136606,2
1211577444706086912,-3893440551583315987,1
1211621071260008453,-8065124989451939696,1
1211660827125633024,1915504691095686341,2
1211905301584048129,3258826475046144413,1
1211982383441797121,4657808406194847247,2
1212423746973138944,-5293835905681347268,2
1212465698435321856,886615807640426960,2
1212691727057747970,-797722201255218040,1
1212737044557881344,8732837102395684647,1
1212881786352463872,4433271513272143669,1
1213059386777620480,-362548308591559073,1
1213099460860887040,-2893973049680987868,1
1213115399086034949,-5015906194961934299,1
1213141323449942016,1676723254841230298,1
1213156459963224064,-326036946026339737,1
1213193292382294016,-5213620817797697221,4
1213201016113356800,-8271060980058672314,1
1213395169610829824,4972303728004622794,1
1213450597942226944,-3655278956502371900,1
1213543365624512512,-8611322234660095688,1
1213551424140787712,-1743820914526939252,1
1213564621522518016,-2691226352482434240,1
1213737637413916674,-8929033711711256227,3
1213793146749911040,-8622814726620833598,1
1213797567328219136,3654884217620281282,1
1213877407448367104,3136133790826190151,1
1213884553330249728,7167892578598093386,1
1213905477270003713,-6300180095750923200,1
1213919431195185152,-4761786439978366261,2
1214181278334865408,-2647090380908804493,1
1214185602511302657,-5727038916891068850,1
1214246351464062976,4540119314618903973,1
1214468436627279873,8304794902255238305,1
1214540360485134342,-5044356820983082259,1
1214592609252970497,8551184946239144726,1
1214639813980282888,-5447781710019931319,5
1214855725664653318,-4049372780871424510,1
1214859323916070912,-328183274904211195,1
1214888285853638656,-7597255637502431106,1
1214931093650071554,2920294631580914119,3
1215010688382439424,-5212462071222269145,1
1215208985617453056,3539068596278879211,1
1215256477826473984,4363410775993202492,1
1215356196061884422,1859965586078987020,2
1215667994505940992,-6488440383054977770,1
1215705114037669889,2263071233805574196,1
1215733016850509831,7846335302871170612,1
1216033146979917830,6524818551292964517,1
1216148624243118080,1317516298847100230,1
1216364879063527425,-9136774387493402263,3
1216399506666872832,6596126929692625731,1
1216631587405795329,-2878047224873563789,1
1216698655106879488,7173980276017467560,1
1216711327344971776,-3525754867909380312,1
1216748641106513930,3386083482460270744,1
1216765915028762624,-5443186133289932788,2
1216998240345841664,-8647196468727104819,1
1217004588399759360,-5233572053599377115,1
1217205006920798209,8992139761363644983,1
1217556943453077504,8346983761477518385,1
1217599622044098563,-3208916737271949899,1
1217733725846429696,-1896715960629706972,1
1217755674177949696,6640131826741500326,2
1217801523025055747,-5702747214075420830,1
1217814610780348421,-8290818491664218412,1
1217940772273774603,-3383463935488233272,2
1218259993205583873,-6867716092827923998,3
1218335445815320577,184962047887195659,2
1218585699731099650,8295704846334513876,1
1218950420892192769,-8275528204681682452,1
1218988846144262144,-6816097057896294091,2
1219236693582196737,-7422608583195649129,1
1219273010219229186,9214315421258516654,1
1219678093985624064,1478354187005582846,1
1219701365892636672,8641410573952365335,1
1219736313857040384,6365935782564902806,1
1219766929583431681,-7881719485972970473,1
1219769814497071104,-4725420498237303688,1
1219873356368969728,2219352970817430386,1
1219915759809417216,-8381010776025248667,1
1220015864482758659,-7778534871171945688,1
1220083880423829505,-8801122078647257173,2
1220268778484903937,9042235753712015934,1
1220286937430462464,7846238432813437901,3
1220291114575564800,676743108614098263,1
1220303463537659905,7554673761874721170,2
1220336742227677190,1587087669297008962,1
1220380175847903233,1019825234277957381,3
1220383727550857217,-495153573329994320,1
1220403470026596354,6866983788987248589,1
1220801358540001280,9044533886373391131,2
1220803066875740167,7360074355354187255,1
1220985996080226304,7013240396889674297,1
1221098024707002374,-4951721029442662928,2
1221477323108749315,5125969144550307032,1
1221924647165407239,-4501927982938834291,1
1222046592146051073,8220154168956574713,1
1222244448060563462,-652181816001174027,1
1222274937727135745,5939526229385348646,1
1222619591010025479,-5294476286771595488,1
1222625951537864707,6209907750042669474,1
1222725025456967681,-5978614616392977266,1
1222726839401095168,6899425113532827278,1
1222995625144397824,8950923404748151489,2
1223010315568283653,4419607479540520292,1
1223250921326620680,2409693614099388016,1
1223297498825011205,7103460241402629725,1
1223367594444578822,-4463287415588535965,1
1223535957846188032,2186112854885487209,1
1223615585155796992,8261986040331627656,1
1223981524489510915,6857409465729945114,1
1224023499435651076,5260039946571866290,2
1224040351675142149,-5086079104692170469,6
1224113254609408000,-2987521665861167563,1
1224393772395614209,6756963180636954359,1
1224418728718237696,-5355265134305252226,1
1224631146350292997,-1844738717336659406,1
1224637848298672129,7966895041412298724,1
1224647857862512644,6828904421153642198,2
1224669987593498624,1465394039201510981,1
1224766132860674049,-4905775891700303907,1
1224782727095910402,-7915557147038414862,1
1224795708269694976,-1012022380019037546,1
1224819073873215489,-879036266616321600,1
1225046220273586176,-3331936164836027585,1
1225140893499428866,8800696482654869933,1
1225190135756722176,5771035842289377418,1
1225416550754156545,-6907689355234946031,1
1225639114264829953,-2717064695976507934,1
1225808586531577857,6785793826181013349,1
1225896703385051137,-5196262640876137010,1
1226085542607101953,-3362160200350742137,1
1226116023084077058,7192886168707646161,1
1226244183561789444,-2743279421045141893,1
1226462936555773958,3164338959760379292,1
1226479194118512647,-8210438802217229705,1
1226510588089638913,-1691821623366904018,2
1226512557390868480,8579091888706476859,1
1226516396378554371,-3042706850681589904,2
1226537390690521090,-4206851481022792299,2
1226814739302494208,-3127640596795533848,1
1226839910323281920,8262704599672275573,1
1226861183195635713,3166099258485365451,4
1226862178822742016,-8394991564665668480,1
1226903160708648960,-1149679150756798695,1
1226909005328637952,38487589648708666,1
1226919635120984066,-1324935396588059471,1
1226929372717813760,5060204369319967380,1
1226959039533395969,3786156609100722796,1
1226985110005829632,4538001111043884328,1
1226998901519110144,-5792773249586588097,1
1227013242482044930,-7852519083924758231,2
1227216957545558016,2723734744029371919,1
1227288570060312576,2186915573850217073,1
1227289395545485312,5356769107215140639,1
1227357080488742912,-1620301761979171471,1
1227381171140661248,-6066713004149201538,1
1227389544774983680,5314117304320822634,1
1227517960379609088,5459549174831208759,1
1227591440336900096,4981647123266618183,1
1228001094309154822,-5690911168319744850,1
1228341950417424391,-6627316730863462672,1
1228352285929021442,-3278496655446896880,1
1228408732868108288,205520470207209427,1
1228765889501200386,6281092715627918317,1
1229194304968675328,-4376177965662649105,1
1229373289161687041,3029288918192499535,1
1229472355317092353,80446809878133018,1
1229519975108546560,-906613928046785088,1
1229706538211840000,7371849119571657163,1
1229761508969594880,-3704973593550715110,1
1229836791886290946,-7088625044758131810,1
1229864466474577921,-903067483025677450,1
1230138367767121921,1462487914678288247,4
1230376424764321793,-447831920534203373,2
1230445963136946176,-1480488635461352572,2
1230821016835895296,7383047190545271740,1
1230847186394648576,-2330500547753961683,4
1230936387878342662,-3847011215366077018,1
1230960678359400454,599093225756686455,1
1230970170962857986,-3135570115040662392,1
1231200507961716736,5809406298916336232,1
1231267023985967116,-1761677398245188002,1
1231363393912786946,-5356977153025399782,1
1231518169149444096,-4594608410474734207,13
1231671925505712128,4421476902234148281,1
1231864976933052417,8280738256893504583,4
1231924568245374976,4403103204918096982,1
1232022172765429760,6066433868407130794,1
1232039162989117441,-8205774908215769379,1
1232247328729452544,2581669462438124065,1
1232250772882182150,-6536126564394548090,1
1232255365082992640,-5805280121899530612,3
1232265391667318785,225176172470066040,4
1232362629936668672,-2216739327241131468,1
1232364186635776010,-6984278837730869823,1
1232402987546443782,-1214700490408594735,1
1232431584458035200,-2436750141785640217,2
1232681117838462981,1346230833557175253,1
1232711959495180290,-5134932655895269200,1
1232795342606872576,-1520309297758816249,1
1232961450454290432,4626476330592494816,1
1232999311958564865,-5352959091354060130,2
1233013344178778112,-5956584523951765350,1
1233041058264690689,-5175750134500071592,4
1233105252825600002,-8752314853848516181,3
1233165037226860546,-8558079761696141118,1
1233416038668210176,4466379450929621198,1
1233443876595171328,-4176363284601703498,3
1233724290048065536,5907326545444853271,1
1233777638742908928,8556886662644070903,2
1233780814183354369,-6752418236064118293,2
1233850762419200001,-7426439944960251175,1
1233895483745193984,6659924408381951583,1
1234125337585496065,8538665599850417082,1
1234208233239334912,6117337577535315573,1
1234225451024908291,-5976902305904505991,1
1234227707170390017,3081044024423287934,1
1234228932238544897,4802481077927166815,1
1234237268803641344,6276580722530494580,2
1234266649370546184,-2078609584652832992,1
1234372606385704960,4797583207151039999,2
1234515140235714560,3283593579842066208,1
1234562313719631876,-6254230758275699352,3
1234743986188886022,1118333325740632340,3
1234955083344990211,5937095544807935207,2
1234962254065471489,710969729084771763,4
1235164401705025537,-4357275561236281420,1
1235203559655911425,-8658725370325252618,3
1235255647756865538,-2491613245040748419,1
1235282289925459971,6842660583311980527,2
1235310343100010498,4456935530054828901,1
1235610417831071745,9185387648594579406,1
1235731433098031104,-4817007637706086105,2
1235892850778390528,-5774992491927701022,4
1235920508467793920,9013631242902777814,1
1235961333839007745,-445323455321944064,1
1236258984136409088,-7190561368881584718,3
1236328315419533312,-5622037658625566214,1
1236409836818051073,3441653906790987122,1
1236669692854571009,-8529650701055004212,5
1236695853080993799,-6559401054805317476,2
1236718660095483905,618419099116474484,1
1236731210690428929,8756954507405483823,1
1236757226280321034,6202097315217778313,2
1236803627731300354,-8780690768924689190,1
1236928617520574465,4421475989612212927,1
1237011195187601408,5466959538142615496,1
1237045959789613056,-204802940806394954,1
1237049112052338689,-911961904844352972,2
1237071348662448129,-8056494276804375377,1
1237134271992737798,8309826862027869305,1
1237169096489385984,5835379925018268663,1
1237179043436539918,2251359838260574343,2
1237408212422451202,7028207903215868565,1
1237414428896833536,2547538001227406711,3
1237492718835826688,-2451303469134144147,1
1237716930720681986,7022283727493303597,1
1237722342857588736,430835864052977021,1
1237817924720766976,493088393195653383,5
1237849350685872134,-6501278278205525457,1
1237859549224165378,2065345673571308559,1
1237860382980489223,1136155116962929475,1
1238137388775374848,6357616287807452650,3
1238194141013647363,7464910589186844756,1
1238199907586113536,-361101265450997803,1
1238227515073802241,-86697691151928919,1
1238576977658986496,-692467674718325922,1
1238660942830940161,6099959390384151005,1
1238820967364821005,-3360265721213547988,1
1238836304231772160,-3825939521521784219,1
1238926338855251974,-4554756345108345780,3
1238966652928221185,838253909029051119,1
1238979245621284865,4746034212043304236,2
1239015761491959808,-1942976390777887769,1
1239165706928881666,8253558073331797173,1
1239207777370767362,2479875289720497897,1
1239228203836850179,2511027052473551809,1
1239230664509132801,-6880192310541253458,2
1239233789496307713,-7661911653849936393,1
1239252093753593857,-1074433998810503850,1
1239265628650864645,5733497751812056934,1
1239290728167231489,8633773307217260785,1
1239353292767014913,3332903718737941701,3
1239553189671841798,-6754232288859315211,1
1239579899981160454,1985128170349300213,1
1239668430736887816,-3503667159055441236,1
1239818990412656640,-7134430437480158018,1
1239868945986924545,7357493723830154291,1
1240059315387539457,4614061639107987930,2
1240085732502495235,-6764856216637890408,1
1240230365140332544,6819625275631638346,1
1240419164554231809,4545973108903618099,2
1240556248187240448,7385215847021174255,2
1240585167741292544,2402407547519601249,1
1240668571719663616,-3157812245513858027,1
1240692109960773632,-8212396927423293657,2
1240726695411417089,361263582109156318,1
1240800546413588483,-619983595743813905,1
1241141668402823173,-6358799338564502691,2
1241291158694907904,-5983098973034325708,1
1241394640382803971,-894071198724936680,2
1241443321068826631,3213632633599594322,1
1241662638486163458,-6822310071356388720,1
1241699735225929730,140469218677163648,1
1241711001667592193,-6335812569041887651,1
1241730323387424769,2871249458959436141,1
1241790882187264000,-6606693268788376406,2
1241839999345197056,-227422461396228265,1
1241842217377050630,-5733696475530901529,1
1242015322330234880,-1190821859942627065,1
1242087032450580484,-7277582782713629062,1
1242110533697974273,3652641709418986710,2
1242191269474062338,3852232587538807196,1
1242236398754816006,-1509842565126764872,1
1242387409423253504,-494307942215992150,2
1242407193439277056,-6602115494838418874,1
1242506965068189698,-2435462805405740309,1
1242593763551305733,-1510242722713462919,1
1242596239818055693,3032403486648603373,1
1242743497955971072,6052768326765176249,1
1242755233249452033,1276090457177583504,7
1242815868263960577,4209872124977541382,2
1242824317328666629,7544326081476727098,1
1242851976368578561,-8826694612277161661,3
1242869529576976385,9119234697641762652,2
1242884193157361667,-5546267281979743304,1
1242898799862992897,1119178136652853930,2
1242927369259814914,-1235704942361051084,2
1242948372165787649,2391299766886904155,1
1242973934372499458,-7879392269943368909,3
1243118986361024512,5372450391542252771,1
1243137432188575744,4033382261091307803,1
1243196670541795330,-1330612694206401960,1
1243222485920821248,4760827227638744287,2
1243232038599131137,2254271956871271488,2
1243232111911489537,-2309775960942729739,1
1243299434697502720,5274521930429445230,4
1243383236593471488,-4658633905011353052,1
1243451569691078656,-3814837170161594521,1
1243543790016741378,3248349978775044416,1
1243544962005950464,1544554460717410189,1
1243582277239681027,-4016522410852194723,1
1243709440597032961,2241017977009706240,1
1243839757743992832,3161940573816329674,1
1243847149265321984,2943350620423188267,1
1243862243885944833,-4148797138538299144,2
1243892340911149056,4810221031189469794,1
1243904617081077761,6513322003499098703,1
1244199163648147456,1866561920032035054,2
1244251843905150976,1991935065539876550,1
1244295764681068545,-1917795269845264705,1
1244299400970723334,1392225511041100866,1
1244336026849546244,2236677138087976945,1
1244355971255865350,-8835379299741512508,4
1244385884012675077,2164296615692440413,1
1244427010069364737,-2638100022458667530,1
1244440594736390151,-1377336568598262527,1
1244641999053107200,-5809810602595741917,1
1244705410407452678,-2968794271721223454,1
1244795336130002945,6689375005552157723,1
1244913792624078850,-4538600545440299574,3
1245097429701197826,2362332549355450510,1
1245322763017035776,-644282260369515301,2
1245387579836555266,-985661456216850084,3
1245449223581110273,-447881555450782395,2
1245468325850865665,2385072212737328220,2
1245481501141147654,3486106813890365458,1
1245607241446641664,-4399104850661792362,4
1245659772520509441,-239264156337581874,3
1245711793642708992,-5076248462431200132,6
1245786535892484096,8825512280213213418,1
1245800970883420160,-8454977008776900133,1
1245876701642571776,-6148959256269848025,1
1246042789990760450,6130637811435786043,1
1246071066054688773,-2999152750677618179,2
1246084562058465286,-5668990352684115000,12
1246097392081997824,470580414234937469,1
1246097554204491776,7018657929765624870,2
1246366895844077568,8078534453998241919,1
1246389520142123008,9135522487999086382,1
1246425172917321728,159903021610095177,1
1246472588148293632,127114504711724320,1
1246513380036411392,1111548006621093923,1
1246557251080466432,1491808532476927128,2
1246577633904807936,4929659035004970653,1
1246579797217738752,6791892790451575971,1
1246782705959870465,4976632332422040337,1
1246817366337564673,-645992359440104336,1
1246831097402490881,2087673597465664586,3
1247175819505606658,-6958009256668698867,1
1247195935370874882,-2749766513671962288,2
1247306615528792065,-176039320661198528,1
1247413935227224064,5091828161048992004,2
1247491981540036608,-6818787226580111876,2
1247558843955064836,-6827452582193660331,1
1247579260359004160,-3660551801478031364,4
1247680311678447616,-3476586798300400423,2
1247829679249035264,-6982762995978962845,1
1247900196547121154,3811361483642694943,1
1248070828102750208,2634347455636848703,1
1248128420808196096,1267011388699170568,1
1248179222943797249,-4989418513489446567,1
1248216384577953792,8643003529827492158,2
1248218864829239296,-3301235710027149282,1
1248265070586605568,2165817344094268836,1
1248277575039934466,6781342004801974576,1
1248286115683074049,-1783582356330391946,1
1248307592671223816,6376116604144598015,1
1248390530121314304,1334668705875426967,1
1248518122782539779,-7738887416691847270,1
1248520952998252544,-7725025965082486410,1
1248549797499473920,5888381362328069636,1
1248557329882271744,5971928007383085175,2
1248766388354850821,303982984008669368,2
1249008883470946306,-5044963763074338236,1
1249042565795581958,5551856010588150064,1
1249058184859353093,5345357037698994950,1
1249068072360697862,-5461223824959703155,2
1249317796833636352,5945550685442597216,1
1249402049105727490,-9177677857401391037,1
1249405102512881664,-8071719570303807254,1
1249462701392187393,8300842641712375463,3
1249735041757954049,-365893254662760785,2
1249816241520476161,-4001881288999940051,1
1250016475076792322,1139230456360779990,3
1250030458886381568,-3459316757679756922,1
1250073164882870275,-8238358898928148919,1
1250079431995076611,-1471169972229028887,2
1250090060847947776,-6882229027940650937,1
1250131115597344777,-8448303318182618690,2
1250143152964538369,2020385300366155512,1
1250171183254974464,6732678510585338343,1
1250351262471581696,8494589716345966876,1
1250372719755046912,8379739165671718955,2
1250394071824293900,97593903212622153,1
1250418099112665088,-707244499330728636,1
1250444333469270018,7121079935719618576,2
1250445164314857472,-6573009920099272300,1
1250503831890395142,-371207217957920491,1
1250591981979525120,-389761268009332413,1
1250689925319659522,113418510377402761,1
1250726905789198336,6735633664784845822,2
1250815503880372224,101971613976593823,1
1250894697553330176,-7768873033304408193,2
1251142364879441920,6242910970972985017,2
1251160998242734082,-6793149957310407305,2
1251421742683369472,5835840213464114461,3
1251450207650398208,-4833315305165772724,1
1251612296100622336,8083718943069561666,1
1251641049967181826,649773918933646416,2
1251696608825282561,-2123810043905873269,1
1251767366045794305,8685034106033413890,1
1251796744792350721,-4931186183403031019,2
1251892538711179265,-422802574963190924,1
1252203733624242177,-4266815599720405,2
1252239662183337987,-3951841885667977734,1
1252727225524391939,-7573203026711879817,2
1252879640382693376,8798257906876986079,1
1252950742522048514,7538646724599516855,3
1253006838360047618,1879659647167323079,3
1253212276183781376,8716811139201012798,2
1253275510651727872,7999895244221669537,3
1253441808304136192,7505845381144316495,1
1253584045432287232,-4147421843211381582,1
1253606389622112256,-623131285543456120,1
1253621167866380290,-2045803472858275715,1
1253695108219887617,-221559077385856669,2
1253747527586848768,-7210635105836441940,1
1253768879781949441,-1652982558103091785,1
1253775168293474311,7456730454064933813,6
1253954016788115456,2132941059643618879,1
1253985883595948033,-3395900215461378114,1
1254071951536074753,4987566993116234533,2
1254102586233442305,-3082288050400291563,1
1254378691355967488,-7093201636123487504,1
1254390256557871104,3436026024645209125,1
1254429872052633603,-3166181812098211988,1
1254446266467201024,4038150445954762333,1
1254466837259132931,-4320889245307497107,1
1254507675708207105,-6010091368911578315,5
1254519502966009858,6574228270973332664,1
1254521271561465857,867953406754452415,1
1254534919122026496,-2079604999521758572,1
1254545108843757568,-5032223388532757457,1
1254673412624191490,99850376179032761,2
1254728442488197120,-6882809245280275087,1
1254881156383768578,-4037202072726078623,1
1254975684562128897,5722655790362775316,1
1255411510412705792,-4688547292483492565,1
1255518264962289666,-7625652618358220669,2
1255597595646398465,3984792557056143469,1
1255601142748319747,9192566690521791346,1
1255602027977154564,7301879192800015045,1
1255800685314158592,7588630840044338163,1
1255832365454127105,-8157287311777994242,1
1255963737183473664,-4133430860122044124,2
1255974824264040455,-4439997711252221534,1
1256033896640196609,4228562310337195903,1
1256208364972978176,2008536550227909318,5
1256250245031362560,7231175017131348262,1
1256270133447864320,-7113719629812024067,3
1256325780273008640,-7051035664075955680,1
1256355430030282759,6763035283630691425,1
1256432066616602624,8464823744786895744,1
1256470606989733889,732340834410102506,3
1256590043793285125,7657111600793257634,6
1256656428481286147,4207432017210233118,1
1256675409430827008,-7701640755111053440,1
1256684487058087938,-5499184612758904568,1
1256846367961444352,3872380224816312290,1
1256890516731461633,-6078105362172219849,3
1256895161063350272,-5746840100456807995,1
1256961360715538432,4933563757495651281,1
1257018575040253952,2269564591705653320,3
1257028242407596039,265867459569156636,1
1257072718652026881,2079616295664164726,2
1257122856598745088,-9153116703416582132,1
1257226748279828480,1785384854745904426,1
1257378248972959750,5117546261385807335,1
1257388344989962240,6514802211481495688,1
1257391561677160450,607215003829726883,1
1257399622194135043,7389860685613700633,1
1257580997341777920,4041654617749326539,1
1257627135436521473,8790190215450302992,2
1257647744233209857,7257711730350427646,4
1257654633960550400,-6980407380894693527,1
1257667670075420672,-7884693410318939264,1
1257720650631983107,-7963953459162601293,1
1257727914499547136,-4228537413051981757,2
1257762063709061120,3848621787718383625,2
1257795567306055680,7748081681170173295,1
1257811582794502152,7086006931503347726,1
1257904084952252416,2484615941233130547,3
1257923631340048384,-8096904857200770866,1
1257938229438922752,-6177604126579084348,1
1257966655839383552,-4894058565494884134,3
1257982095999348736,5655933511857503718,2
1257993236767014912,3985379192020043836,1
1258003545657421825,-2807565745278485323,6
1258003724863242246,-3623546342046092925,1
1258111630132547585,495209197964070428,1
1258151930980962304,2565973651941291806,1
1258311932563664898,6160942906727346629,1
1258417679066697728,-8422564011028706599,1
1258442639873052673,-8255997188747692298,3
1258504066759626752,-8565738638935612038,1
1258842240006356993,6470607759989670327,3
1259041347320848384,4947143956156841482,1
1259048699214389248,4591627400869531795,1
1259078696855572480,4323020123538216121,1
1259169608550043650,-4613100489058819798,3
1259173170382241799,2242480539619414392,1
1259441567796002816,7507597568744537439,2
1259467759592882176,-751327502471499703,1
1259498258365329408,-732395636217677790,2
1259625307159527424,2306761213269483762,1
1259798147347419136,7957500207551833446,1
1259808414361927681,-5895122557442813353,1
1259843678648053767,546658016108779201,1
1259972567944888321,219921038817756675,1
1260129399455784960,-4720748765645800779,1
1260148693082267648,8171198342778394653,1
1260171523723268096,-2021673626335505938,1
1260182518453731330,1549683054763317588,3
1260187031948480512,1910617559020733593,1
1260205307344674818,-4958048108314786947,1
1260213974915862529,-4144516825599725794,1
1260221205027717122,-1746128344316925442,1
1260328378617548800,-1056070138547069973,1
1260497008986652678,7661885125140972856,1
1260515788433342465,-7712091513846034776,9
1260566841086402562,2890122254581083394,1
1260602780819042304,959028877766783710,3
1260625670041976833,4882522990620939307,1
1260696434527088640,-1703776310943945152,1
1260854520546025472,-4311807222070366168,1
1260895357548068865,-9001986085814919574,1
1260905714777800706,-3166368873119663238,1
1260973659499479042,6846677870784521611,1
1261010672118358017,9015467312820687442,1
1261051976726523904,1302422196913678935,1
1261167740091396101,552210370876709432,1
1261196559234011136,4058528155697974584,2
1261227722065543168,-1998439411235802838,1
1261228567071002624,-8185397277048360375,1
1261284766059565057,-4018431289799919031,1
1261451165537107970,9138539676095221686,1
1261557341108961282,5943428356337387028,1
1261587691004723200,4535905070247031409,1
1261624660183134208,5324207339606261654,1
1261809647738138624,2333557119196160387,1
1261988546476457984,1379080754428022517,1
1261995177197084672,-7052503607865002977,1
1262016446391095299,7390247826606346834,2
1262031614252589057,-7138105143605858597,1
1262060823662538754,-2581318503534258564,1
1262064053377253378,5488912005621484247,1
1262252217324769280,4071844787734494314,1
1262290226078273536,4966627678379562289,1
1262332827238125568,4722044274279198293,2
1262358617803587585,-243250243785118273,1
1262433405070966785,2558538382307281583,1
1262474820245237767,9050453793093663809,2
1262646337683820544,6800067921306996100,1
1262648760150175744,-3975887909676873893,1
1262764386063577092,3977069941730977739,1
1262843274626306050,3338523020640148620,2
1262900287859298305,7086838723656088196,1
1262901708423823361,-1185429767702572904,6
1262902820501704706,7410133748452398058,1
1262968905775099905,954742819355217523,1
1263048290716786688,-4989249979130838995,2
1263093965806583808,5635732840180232356,1
1263113739714342914,2794005015419859114,1
1263231975730675712,5506164514201520641,2
1263395341635923973,7104697356257021471,1
1263429125332774913,3664804086122243157,1
1263441802625003520,-8807693578435965071,2
1263491776746307584,-6552803487398745964,2
1263588357000462336,-1812528708187415965,1
1263590539552624643,-2713388866430396918,1
1263659356282916864,1143537262417343383,1
1263721914830336000,6997070709661057319,1
1263778192491511808,4431668202625760574,1
1263782515338366977,7961625132956955904,1
1263783241116528640,5124512478949087779,1
1263847388265021441,8698964346943471215,1
1263852208132698113,-3286199235098567054,3
1263896711895842817,-5715618878503886584,1
1264100274773385216,8313366908148586357,1
1264108198950248448,6605703372180106187,1
1264139685292658688,2983688430262339756,1
1264175389255110656,-8146967952551045469,2
1264198095362981890,5484216736493577462,1
1264245626369433601,-2514494736284149928,1
1264503306203869184,6700481616360484306,1
1264528952846168064,7573292952587116331,2
1264686687529185285,-3548313035860283539,1
1264717430603030539,-129290622815398468,1
1264889191248334848,3530382675001883573,1
1265066967632875522,-8439009433545080429,1
1265274097338142720,-1402197889148719391,1
1265320117258407936,3023428238630873724,1
1265327603562565633,4254457308826952954,1
1265333677048901632,3967005208549158651,1
1265342078629957635,6402845525662464805,1
1265619947985801216,-4656352611359586067,1
1265622613377929218,-5881593793618604453,3
1265637616734658560,-9003025785120301098,1
1265645866473439232,-9008867190479366970,4
1265662930152030209,4389203692914005745,1
1265686600597549058,-6253451207877757688,1
1265734543375503360,5273086804352294298,1
1265900081166921728,1575166330279708915,1
1265936458906558464,-3293450473946703355,1
1266014083381370881,-3928965547026898290,4
1266024104588697600,-2987008659046183013,1
1266043868639834118,416527493767252512,1
1266071406942597125,527583718625758954,1
1266098846175813639,2032381078167225921,1
1266133086196162561,-6743488182519427311,1
1266308524096860161,3373477119930295760,1
1266369053091741697,4663699149652769156,1
1266383119411826689,8727656647436804124,1
1266391516303499266,1060897819162588502,14
1266464860444987394,-6832345082337421112,1
1266472448893030400,-2093356253217491036,1
1266506133839261696,-2285785695541287988,1
1266710452521836545,7855102985237334248,3
1266763306368368640,5715443227900501140,1
1266814312334659584,1129037779988771452,1
1266865669569679363,7080814962575320020,1
1266983362172006401,-3190265269065230559,1
1267051411944202240,-8610133421877065937,1
1267091198172332032,-3630335560302502722,3
1267103122763153415,7355702225100877060,2
1267380901446549504,-3502595728838464962,1
1267547059915284481,421303643424043555,1
1267547297195458574,5607650740263208371,1
1267587845616787456,-8641924279168986191,1
1267601294887436288,-2170145646717984787,6
1267747810138624001,-4303210499061909898,1
1267812159557218305,6939699473238824957,2
1267869520313679878,7684490225079790088,1
1267888962229735427,2417864402246437364,1
1267892826077122561,2667356837385226184,8
1267917653815046146,9006390529642751726,1
1267958878433615875,5521081850254651216,1
1268108054454775809,4412892559425889891,1
1268116235092480000,-8401689986789662295,1
1268138691920375812,6012912749834759643,1
1268147227823935490,-2751144824477482391,2
1268153954451353603,7737606227914932694,1
1268210501848268805,7391170433843357066,1
1268214386499424259,-7000842369882354651,2
1268224084254625798,5635430485227841758,1
1268444697539862538,8476286443655946970,4
1268815521044103169,2641254403832002551,2
1268816681243115520,-8356044439379762956,1
1268831006825611264,7447677984696205780,1
1268861959363010561,-265947246815719563,1
1268977461548716032,-742481244390342169,3
1269003570218704899,259175306418177447,2
1269054257187246087,-1422722400185802951,2
1269222170942734344,3228529814327986142,4
1269228952415096840,-1579725135281136892,1
1269279159257309185,-7384880719227983573,5
1269340882748178432,-6120981932746040197,1
1269434519356137473,-4650247472020126411,1
1269565292528754688,-3085112496376811789,2
1269649538530320384,4309573838861261374,3
1269718877518299136,-6977902074330629203,4
1269755606501658627,2778272349441368273,1
1269986314247692288,-5453195659225874486,1
1269991027215138816,-3903362542995539238,3
1269991577436504064,-7579251050299295624,1
1270030694853550080,1525637217324930807,1
1270044435682865153,3013009072085321372,1
1270349607814533125,-9085622039278559800,1
1270415251473870848,4755018671798925461,1
1270492890410688514,-4617806831170285472,1
1270666740507303938,8303985666811655291,1
1270682476998991872,-8631088965086911578,2
1270742821989945344,-2913086983976873854,3
1270812306302173184,-6280418395676938017,2
1270963372700418048,8441707505127366836,3
1271045685379575808,-3912238350481512117,4
1271099895538167809,-4933955182115086800,1
1271141731204042752,-3188341240876596834,2
1271156134385266688,8456773163332168016,1
1271367123420549120,-7534525743393312657,1
1271367768420552704,-8011825761640990531,1
1271405604918235143,-7812744975765149529,2
1271519240399568898,-4524241384405745684,3
1271525603280408577,8924562243176739418,1
1271564999941599243,-6904072714599807866,3
1271612600913100801,-8426654534937444163,1
1271778582835220480,-7526391761556807500,3
1271791534065754113,8286322751731368494,2
1271811033632591872,-3469831974828431259,2
1271840183789502465,6878603676767579921,1
1272149800373432323,-5065237875856303623,1
1272184618490486786,-4149420377898534044,2
1272279569781981185,2522561447352603573,2
1272475599551021059,-9149197444078279996,1
1272518873053528070,-8325305816429754863,1
1272594591519301634,-8693912759254892090,2
1272654352814084096,-497643744490891265,1
1272717586665537536,7293610002896461738,1
1272836983975534592,-8184965749823000930,3
1272877223247319041,5079815189513307364,1
1272888645041688577,-4792350210528549181,1
1273111304413339648,-3042957205601295614,1
1273160164854706177,-7144054751138417487,1
1273188147275366403,-1197775642895531273,1
1273217788614791170,-174209904459367148,1
1273283237448691712,6674056829176814172,1
1273288016396791812,-603311786354565358,1
1273333298429911042,278115524467652744,3
1273334063458385920,-6564324785135097284,1
1273584386491985921,849161976959299011,1
1273596621662703618,5526206489628394436,1
1273673941945638912,3542283611040614349,1
1273715426124595201,6632825055071305013,1
1273774084246114308,-3579819900416604735,1
1273990009910108161,-4763009933212425553,2
1273995381429288960,-3830184023721076524,1
1274007658954186753,175590045011818688,1
1274084912023441409,-8003655465583379307,1
1274090323304681472,1151044353576156710,1
1274371181370630144,4010096024289115692,1
1274378207572242432,87177946889841408,1
1274413431328837639,-3119255319016878616,1
1274648365079429122,-5659645501712725850,2
1274724856001593344,-503634967645373526,1
1274752265438584834,-517814655926499761,1
1274768309259505664,-4761545583101810765,3
1274786371048275969,-5310943264610282425,2
1274814384053903362,1891670373262542928,1
1274865226727514115,2605352529963348603,1
1275001045731721216,4674595546210103319,1
1275011371424415744,-3830666928004143045,2
1275047041035644929,926956810327987399,1
1275117046330785793,-2088438330735090020,2
1275132474583105543,5514823974925959113,1
1275332928080359424,-4654720772001835075,1
1275361370792476674,8152171496368387101,1
1275396779027111936,-7064329368132455280,4
1275415924217184258,395194940290695105,1
1275436716439097344,-4711352830144604339,1
1275711278091251713,-4777314064647867455,2
1275891325062328322,-7907973490166693417,2
1276085381562335232,-4259097720143058550,1
1276119298566651905,8677239580094128370,6
1276136496010059776,-252980909087310599,1
1276160957446852618,3237153624098029435,2
1276332390143705090,4145900563013777940,1
1276483563354013696,-8274416388718521373,1
1276582542926364673,-2072829879734931331,2
1276642954367688706,-5385432423280846256,1
1276814434124660736,-1171186996767773868,2
1276827944141414404,-7165731883577568041,3
1276829079153639424,3075073178273712039,1
1276886154995027970,505412553000608678,2
1276908411754557441,4480769222314896467,1
1277214316756959236,6414330244410067444,1
1277274009105764354,-8440965397767621745,1
1277647371464294402,-1178195619788520851,1
1277648636046950401,3629056702788673699,1
1277700891911618560,5148213408511921371,2
1277702877994246146,8439707975249374556,1
1277758185466671104,4725107794789727099,1
1277990560557563912,9110208152342519850,2
1278029778679988224,5365371320408166466,2
1278031507492352006,1736536375518068772,1
1278063316271796224,-8304409861767234948,2
1278410765800783876,2734658157240875444,1
1278419669007949824,899774067588055039,1
1278631697337200641,488458365700452401,2
1278645338493108224,5425868988331746929,2
1278686486091661312,5307618058311142339,1
1278686845002559493,-3447759114340729512,1
1278693581214158850,6382880360985631825,1
1278696152091820040,7764824887250906943,2
1278722296367075328,3896633538328180106,4
1278817962984693760,-2131408597068526789,1
1278971871178997760,7795705757970823574,5
1278977719687163904,-8237898652180854161,1
1279051726142738433,6378783092580918538,1
1279064234668601344,-2904414381805213745,1
1279108118773764096,-7308466396758689382,1
1279361025305972736,2211794831568527394,1
1279543197820125185,7940507487361194807,1
1279698326334722048,-5715849198158501245,1
1279729523404070913,-2392814923967447286,1
1279738083534127104,5722710641149533066,6
1279778693703925763,-8737019996374114426,2
1279799658571849728,4942318170565974347,1
1279840198541664260,2951582571633479974,1
1280092934487105536,7353240648596848500,5
1280125265855893505,2252953510137678651,1
1280126314712895488,-8286893712969484491,1
1280456645223555078,548663246674415349,1
1280497163395575808,7382509876609469222,2
1280588991734087681,7440459093308862375,2
1280592908102643719,1692171394516650612,1
1280612167809749001,4047058036667850338,1
1280614006986850314,7015624265195132035,1
1280661623414366208,8489251357421304779,5
1280913869590925317,4518008928745538243,1
1280956778554052608,6604381714984543888,1
1280960872291106816,3609912651908369712,3
1281017717663977472,1907371751854853048,2
1281147277298540546,9159496322928721554,1
1281151826746920960,-9108678587335242216,1
1281229025248190466,-1586708274459839832,1
1281246984721125377,-4789281854393622408,1
1281252924824473600,2158964301506527822,1
1281354929958002688,7437520523264790653,2
1281480546082861057,-7178186322398069191,3
1281556493955891200,3364373365526029593,1
1281577073291800577,8648548648602777017,1
1281927206139199491,5853437562814899115,1
1281945659755634689,6674623075009545323,1
1282012385520353280,8769555449428301104,2
1282013683422502912,-9079784575005258753,1
1282026724486787072,1246018078183558039,1
1282042856929144832,-7310576930038399612,4
1282050005705121793,-3132068453396319950,1
1282062759073665024,9111847459824505798,5
1282074590433423361,-4638813893331691754,1
1282133558652547075,4518454211029144267,1
1282219516509016064,3359218979712438445,1
1282362040523292682,7646802198427323898,7
1282414558406213632,7741511881702257271,1
1282431072718991361,7874150643336982965,2
1282440448515149824,-6895579808767555858,1
1282472835152252931,-6903570072632259272,2
1282564145666093058,-2352205413713828485,2
1282717483875602432,-4204931772787831664,1
1282982069686214656,-412210846264653425,1
1283114849741033475,3294305236080857875,1
1283353604557099008,-1773896229563347582,1
1283386102636785664,-1949958011365860120,1
1283421005776670723,5803898086655674987,1
1283713667469651968,-4233086340436428242,1
1283739234508169217,757111120119440874,1
1283929009471066112,-4577718060388039131,1
1284020076610564096,-7254282741811365625,1
1284062533679276033,-3689755907369169106,1
1284065227303157762,1418800889141695481,3
1284092121838956544,-1933471255561407548,3
1284202786335404038,1043785042803063562,1
1284221503144329218,-9166250714939903237,1
1284359875724742657,-8752836444125587100,2
1284436025956339713,5108053986996216131,1
1284443706850934784,2401674590969453730,3
1284448818986201088,2140417845495222906,1
1284746874801487875,-8686237887175613958,1
1284762867120705538,-5094934087470866876,1
1284765488724283394,7597980559184257264,2
1284787465941811201,-2584048726699039920,1
1284907013621854209,-2371725670671488310,1
1284932029470121991,6394003962698803401,1
1284961557584248837,6262698427354628472,1
1285191951336316928,-4386844852149120898,1
1285211467772502016,4705306542580904786,1
1285222816472633344,-5711848456096877939,1
1285245302711123973,8304904463629845109,1
1285493264615985153,6406444226120164735,1
1285547959191576577,6192290649963255144,1
1285564992754982913,3215311047535290433,1
1285593468862111745,-7542167256762191763,1
1285617846635171840,-4846018101959812447,1
1285755037633912832,5092724805963656038,1
1285840779588575233,5966631700255672151,1
1285890822341304320,-7390125020218465115,1
1285908635877609472,5921824367292008891,1
1285937970302914565,-7558386462815595448,1
1285941622589530112,2441387019106291357,4
1286005316103151616,-8506641849892642599,1
1286061513778790401,-7546636185878542421,1
1286066882802593792,1988859215688623479,1
1286133397178454017,689011314825426561,1
1286178569941655552,-1917136468336579600,2
1286207493388075010,-6186893782400978134,1
1286223375346610176,8824862217473719475,7
1286233065891799040,8942127383536699735,1
1286242424973602818,-2605076253032488441,1
1286263921041645579,-5044584662940144441,2
1286276851976077314,-5552513148997673266,4
1286286710037520385,7073138680951120936,1
1286417873104252932,-139234204547429219,1
1286433618693431301,-2007968488250885152,1
1286611007163510785,5929171515653993312,2
1286678034406400003,-674764207982541970,1
1286692352489336832,-5853717379141208848,1
1286814622742437893,-242915956710280835,1
1286897509348995073,3103066635155017481,1
1287068107643719681,4559073877573349179,2
1287084267495927808,-1851781335734169217,1
1287406314461761536,-63678731491084320,1
1287831707891240960,8746030989079045204,2
1287968662264127489,572021672164280031,2
1288061954469265408,-8408404396405798931,1
1288062136703426560,-3160308278605324517,1
1288097330797969413,720638164815756716,1
1288105761923461120,92272417377961876,3
1288139132833857536,-4509973771476178662,1
1288155110812667904,8733098493004080603,1
1288198665702723584,-4183050553806480118,6
1288220446937305089,8247977669208935384,1
1288226962289446913,8904272629663090676,1
1288242775658500098,-8233753060019272375,1
1288454863530074112,8849228622461883259,1
1288488120925794305,1021832865380727530,1
1288497779229286401,-4709361299361406465,1
1288534155257688064,365326061405220403,1
1288550960260947968,6915468348980569187,2
1288551614572363777,5316030937898160011,2
1288580615655362562,-5470021353758879719,1
1288585376819482627,-8176848005588977417,1
1288614475646537730,131565661209458167,1
1288627662789980161,7402018700192600026,3
1288698511282720772,-1069983731118344783,1
1288740452632539137,-7920195216292125933,1
1288772436754935808,-2483382858546995280,4
1288779087612391425,-3466006291538121182,2
1288825942341758977,7354491923704900925,2
1288834842235408384,-1940144102837293790,1
1288878864450682880,1746654501698349962,4
1288924108043034624,-6811149371236298202,1
1289179561209540608,1712550441592726099,2
1289184271354273796,595705370967077725,1
1289516968769355776,-3969319780991473066,1
1289640172393500673,8113764455297681596,1
1289810747510468616,1361429694440880252,1
1290286392417882112,-8163692348775766681,1
1290291244111785994,1656717679979814817,1
1290333333004615683,4914901784432708295,2
1290357627852148737,7380469966489631933,1
1290377685932310531,8904235271150066649,2
1290556781828222977,-6239081830705152845,1
1290628840671318021,1352019298515437382,3
1290633936230658048,-2925011419807260236,3
1290653820704509954,6030280795089518434,1
1290686858876325888,7685294466310873113,4
1290690586698231809,711808261866041689,1
1290775227132248066,2269182608418714800,1
1290955277337075712,7091255192900568038,1
1291065149881831427,-7692637047070824826,1
1291136412973178882,6912762085244642640,1
1291280929420455936,6920176843278823672,1
1291326191165739009,-8322069205322124943,1
1291357776074211328,4262779758994871093,1
1291368824957263873,-6499798044235147470,1
1291420914370977795,-21480417541484897,1
1291480621332811777,-1618559579982478355,3
1291486856861880320,-4815375143926621863,4
1291490450147356672,8648581252164204372,1
1291681825031692288,7985054254480020250,1
1291765708775464960,5218973437321679098,1
1291786280041406464,8762127671221062786,1
1291799700820168704,8363566002532909428,1
1291924746305703936,-3736598820702974398,1
1292027048622522368,-7208325589777476867,1
1292051127278632960,6717782037523102236,2
1292079071984320513,1867317012622952493,1
1292106985354264577,1307844065755172420,2
1292155236824514560,-5376643456550272561,2
1292206648585592832,883742207476799978,1
1292264532988104704,5950526373331048236,1
1292425326748991488,-1948902138426336930,1
1292519035964395521,4625903505043459242,1
1292541812960362502,5523706964259750511,2
1292776505433640961,8531077537061680243,1
1292836887535681538,-4650821620165637949,1
1293129964255162368,-9130367107196521842,1
1293134354844135424,5995662046986878437,1
1293349224596287490,-6792784834963960777,1
1293384978617774082,-1443007676407839154,1
1293504296546381825,4888490839010877665,1
1293512255074701313,6042187708735222073,3
1293521190363987969,4213493840958879032,2
1293546384633864193,-8256838448898211428,2
1293585884093259782,1683800821907503289,3
1293594464884273158,1687322971861866338,18
1293706356046864384,2683936237780161279,1
1293789834939641857,-819119064549821280,1
1293925290251616262,3369982516566769264,4
1294024874969706497,-6293024143929953120,4
1294036584287875073,1519409483710634950,2
1294037310363795456,-6022602297693040245,1
1294216439537311744,644656440551538256,1
1294242862570364929,6408392184885127977,1
1294246946324885504,-2090826391856493314,1
1294548531580207104,-4315714211520779303,1
1294601997174411265,-5638517072272298582,1
1294710181029437440,7558670025268717436,1
1294730565795622913,-8464331732211243860,1
1294756220331532290,6557726429830905734,1
1294943529681248257,3578996225666280778,1
1294980403724464129,6651330006811395836,1
1295081906544017413,-2863589525405589445,1
1295088789149437953,8864067343966511056,1
1295239743962337280,-2848926193574382535,1
1295311301326123008,5777070436569953318,1
1295340014017097728,-5150006506134616966,1
1295369816933642241,-5652343628012100874,1
1295385598807678981,4166428652111840026,3
1295646581488746496,7396820034833513642,1
1295689548815532032,-5726828667282174229,1
1295700706276577281,989373757622042492,2
1295728187251527681,1266669774049837541,1
1295732098041511936,-7114888744835115811,1
1295762105304592386,-3570040635317573714,1
1295884462153183232,7931344820940372146,1
1296002171494895616,-5307443538231410420,1
1296008166430433282,5882428083425929885,1
1296033729069101061,-7124417250599640246,1
1296037045551468544,3701437111445771349,2
1296066468476530688,-5906426609562152351,1
1296071496574664704,6157196211206542024,1
1296111733111578624,629535896912969260,1
1296115361457287169,9193867038331149093,1
1296260596376186882,-4745387492701812505,1
1296366459350855680,-2619515530802640080,1
1296398990741774341,-5255153973778534934,1
1296453537056972801,-5163457329968246477,1
1296460658515628032,3193504985176521134,1
1296476853360885761,-8697159129982109931,1
1296484891551502336,-6822165407199604209,1
1296489418384199683,2865925323305056621,1
1296493622146281472,-9219693359968805098,1
1296495804967002116,618714565558019822,1
1296569259410194434,-5943291365713187004,1
1296650337865158656,5231474677671774547,1
1296797406504378368,-5421173573736078058,2
1296853718890160129,-6692179303742850645,1
1296909736533778432,-2786275902744952061,1
1296938665713729538,3169541973138447405,1
1297033599837966336,799386935991091071,1
1297104799163387905,2685585308235991317,2
1297193649462280192,-7742477555892039628,2
1297248851091496966,-723179573280036792,1
1297279426430996481,-8147620850873165892,1
1297320977702047754,3093466073414182032,3
1297362507791646721,8754383005779564767,1
1297515399265779712,-7204399095392411340,1
1297524078002278402,6281582382963897793,7
1297824325366669312,6744506360398612751,1
1297836437199630347,-3502334269199716842,1
1297863714289442816,4848617147629261828,1
1297990876275159040,-4932575457294829274,2
1297994891314597888,5290516520407199996,3
1297998239380017152,1240527710824654651,2
1298155670303318016,5357683127602968482,3
1298215971027668992,-2531603844346320074,3
1298217290941390849,2259475985468125362,1
1298218019680923658,5635526349981802385,1
1298262122644639745,-1293056961714422654,1
1298316261181489159,3605316001395992116,28
1298347355331231748,-4592292551180576585,1
1298538400715350017,4059103732783955209,2
1298586818967896064,8045022289567355581,1
1298613386360631296,-3326483053345141750,1
1298629044066496512,-2169082486550876244,3
1298633289654243329,-6527787365287831001,3
1298660059170443265,669256922508272525,1
1298716208791879680,7583679109117803113,1
1298717282764374016,3020085898047759612,2
1298854535591596032,7678596311868432963,1
1298895242595143680,-3124524901799913679,1
1298902960156692480,-226414163087380144,1
1298961431778467841,-4657197907342927962,1
1299000357121449987,-5067994676526857954,1
1299016327458422785,-7087239105718526773,1
1299256839553658880,7855235937702381946,1
1299261822437076992,-413659593163639449,1
1299280331388989442,8195108256783523401,1
1299300707351384064,904144284976666514,2
1299314977220841474,6007357168338069801,4
1299320674016792577,3043564562942417134,1
1299375316847276032,-6047930619648926340,1
1299587544275914752,-2395553774346691367,1
1299677054674317312,-8947643630196437060,2
1299684883434999809,-4750880063327776254,1
1299685261907955718,7913820703330440665,1
1299693194058362882,-3937690302678825430,1
1299746606087102465,4863472463747318556,3
1299775748899770370,3218394425128132470,1
1299854210826108928,1311461572654772779,1
1300062912632025089,1953534172278592791,1
1300139923111059458,-7009443714554976447,1
1300150428412379142,-6873231371666483032,1
1300175141670998018,-6712142550536474711,2
1300218905340915719,-2615112608853942800,1
1300369177782386688,-4877292707822781043,1
1300384561734574082,960326148480379917,1
1300400172946657281,-3559712363830988531,2
1300410781260013569,-796116096844943695,3
1300428601427472385,419137407840609216,2
1300468320429314050,553667660282148966,3
1300470045634711554,3092625291711442374,2
1300489187678969862,3652161523768052183,1
1300718723439955968,-1848783862619955093,3
1300837464404381702,4847142234070364421,2
1300852791632687104,6750470666287719173,1
1300913255196626945,-491048151900553045,1
1301126041612812288,4290948705844084829,1
1301182225426395143,616733294685355953,1
1301270409871056896,-5903328710217346233,1
1301308921894694912,8860228205120304947,1
1301589453425774592,7239566343749628787,1
1301614339141574657,4475042761205441731,1
1301667265360859136,1044738731793482147,1
1301773137663725568,1563749753999632436,1
1302176473273561088,1351524125193078490,3
1302178425369702401,-5076653334156612128,1
1302222156122796034,-4184809807680631996,1
1302228929357508608,-8989929056904752444,1
1302252137381060609,-8297521740987768837,1
1302311562028474369,7908840262541202416,1
1302355723372945408,3779973176863368846,5
1302357250313515008,-5562077634241760404,4
1302359500763156481,-5161263109887999795,1
1302390057198854144,356860362346667628,1
1302538052942913538,4492570444268599220,1
1302558916337901568,8805477306617779785,2
1302574202403389440,4436193738451621504,2
1302598077568757761,-4472985910694901960,1
1302696162844123136,-1364041580061472963,1
1302724150021312512,-4081843462125697190,2
1302877490541666304,-3767410042715804936,6
1302889717835411458,-5272002557077824898,1
1302896172957302785,862896205399899271,3
1302942724178563073,-7661350249537360325,1
1302945921077051392,-5381091195492000363,1
1302974673085497344,-381891686288569539,1
1302991540084781056,-3823914368916831433,2
1303038383170752512,848315655013789381,1
1303097889254772742,-6163818886435597079,1
1303277452945510401,4245467326757123182,6
1303281886119239680,-1595533958206458281,9
1303357018133196801,6891243309364194078,1
1303465069230129163,-3662318624794712853,1
1303640424146501633,5448706598319056310,2
1303705511850921984,6848376673793644817,2
1303728826225233920,-6711551216903855327,2
1303747869992681481,-6780996612002714830,1
1303921252613017601,-8960145833011979448,1
1304015180179931136,8651609827286338315,1
1304016838523793408,-3966097788405819424,1
1304064822103900160,4580946199898012184,1
1304106080771936256,8481310147235497562,1
1304134842989375495,1846516957791997867,1
1304383007357313025,7594261581567519116,1
1304506626225958913,-217498452934961879,1
1304513156488867840,4373938884038492502,1
1304718222768377857,8009405486646539738,1
1304754680459915265,2888383704746736198,1
1304997349878575104,3383603191366617947,1
1305159213761658882,4604728432898946779,4
1305228633515196419,584540231330364683,1
1305287620394725378,2994789999106174232,1
1305334329883734016,-2418307297557646585,1
1305542651090006016,-2965498788783880062,1
1305599693225963525,797133724124052865,3
1305607683555364871,6212602588999263962,1
1305651501348589568,6362628746378782370,1
1305734367860277249,-1033267693603255250,1
1305769384510738435,4229339917841872655,3
1305790631105695750,-2880954336114780689,1
1305832611328253953,9189898116282989432,1
1305914001428295685,2471738956099416972,3
1306237896614121473,-4431159564671417349,1
1306328125312303106,-3559884682805095798,1
1306330465201262594,3492155341367999827,1
1306360395066728450,-3078043277840796089,1
1306363911961182214,-7865980887346096469,1
1306544202080227331,-6372112125148429365,1
1306548260170014720,9056487106826353239,1
1306561922096082946,936676570352175134,1
1306562265047588864,9191500252763640774,1
1306592557229461504,7460074755826516416,1
1306596899428868106,-1922725424043517497,2
1306652412011216904,2370633304328843039,1
1306667783464288257,-6008535947841539505,2
1306883559387471874,5165067755667834973,2
1306933375123554306,-7942374559145215735,1
1306952951185829888,-2558344068384050308,1
1307058772511272961,-189723200096086480,1
1307205475243495426,-7284829855318781613,1
1307213342897967104,4920087697103767772,1
1307732976923537409,265634256500112104,1
1307767439665647618,119826357749659386,1
1307872893334814722,-3430754159992699010,1
1307977237875097605,-3286979212830500070,8
1308019036194844672,-4567302335003113975,1
1308046389960679426,-5546647461942560321,1
1308052627566067712,2263543688991055801,1
1308123753633677313,6653441979833222897,1
1308179591035527170,5775188536932376310,1
1308438691686350848,-4048699597190322516,1
1308471283072540674,-5364211903216923614,1
1308482401925033990,5657886154242696945,1
1308502853909086209,-5281197796496547500,1
1308651157766705154,-503203836858457601,3
1308705284941066240,-8590620902825562346,2
1308739118067843072,4280037136364574843,2
1308821897912766464,7309314303999473172,1
1308847491043991552,-8369184744481950856,6
1308870944275001345,3808995521041822119,1
1308986920589029378,-4681891192378230017,1
1309044998625730563,2843432939093240371,1
1309078008175751168,3075508827087598411,1
1309105783775297537,488590783346894502,1
1309108267973595144,7121415893699230492,1
1309247718506848257,9191620551117034077,3
1309432078572945408,2298458884026923196,3
1309505042555248640,8279045770668614875,1
1309513983272071168,-8409763495686454247,1
1309537912695017473,7837526392441694524,1
1309595630810136577,-7279777482210730861,1
1309609763379073030,-3291926579756605497,3
1309764231554838529,7907736748307039102,2
1309825379121721345,8521763666391817676,1
1309867151797485569,-5311257397131664899,1
1309929793119494146,1748935029355041064,1
1310086763659100160,1687691321659745421,1
1310151236986040321,-5735300794228538244,1
1310161331174154241,5063804123401239284,1
1310189691791183878,-4306345365116770441,1
1310231278906748930,-2223819943496379067,2
1310469302995255296,-6200020065649299343,1
1310502492669644800,9074043032716813339,1
1310517499524460551,5143713460268820380,4
1310520099674218496,-246404800551888237,3
1310565298920136705,-3012721540808192961,2
1310597425216786433,7606402569432431091,1
1310598087627419653,-8156959298209012492,1
1310629926421377028,8839049822106146047,1
1310676330015584259,1420663556410519425,1
1310687586571124736,3934259996309114016,1
1310739945317896192,4303753955657218983,1
1310806788472791040,-9211610735396311682,1
1310918870715248641,-2016820568747132893,1
1310940067750440964,2755180273180226264,1
1310966205616922626,5655669482646914033,1
1311036351391952910,-7179424058788827512,1
1311244527798231041,4516422053390263528,2
1311253080231600128,-4049932366204613999,1
1311354712164380672,-3322020431521983841,1
1311383107539480577,-7260436425729920328,1
1311393729283076096,4214087117732249827,1
1311702281520377856,-3906979332349051336,1
1311818710701797376,2734520827825493609,1
1311904399468507136,-3503913953242334933,2
1311915001628831745,-7453800746687264298,1
1312054496592384002,4329911355977892125,2
1312160998263074818,-1291919650858324248,1
1312184599951310849,-1823399305003029787,1
1312221437667749893,-5226158143671271972,1
1312311339902291970,-6801145873718973918,3
1312328792061415429,-5337554245933673260,2
1312333962249994240,2316694058886213878,1
1312363926970150912,1112751245996541584,1
1312400850120212485,3178509633349914826,1
1312406436379611136,-3288299037767004447,2
1312415557598277633,-3093039161596382434,2
1312441716406968321,2041303009559295552,1
1312493348859584512,-4318818385046096170,1
1312582928577302532,-6567880061024872749,2
1312656702697766913,5042836860640215419,4
1312731993206149122,-2123965980943339686,1
1312733298666483723,231834388219601400,1
1312747920375058432,-7218712010175952797,1
1312824046262857733,419716416653739994,3
1312858256289787904,-4978825986944930982,1
1313042417948516352,2254969202547053115,2
1313072250862678016,-8995986322337308052,1
1313121497364549633,-6275350771664601944,1
1313147926915485697,3988587068385497896,4
1313170129879027714,-609094760229394147,1
1313177153647849475,6435055706796901630,5
1313211430670340097,6062748594811041761,1
1313218013974454272,-1517129846541882485,1
1313406991042252800,542056848567920148,3
1313463577781645312,3290461362377171091,1
1313465888826327041,4755857961531781515,5
1313496662015389699,-5339951502120069651,1
1313508477759901696,8324202992775248265,2
1313510942731313152,6305738621021728806,1
1313536420531892231,-6366404663442759152,2
1313813788056072192,-2720679053222057540,1
1313825874148577281,5463645279357033908,2
1313831766029893634,-868394297521970301,1
1313872353424801792,-3437915582645348214,2
1314091217270046722,4420813435045580107,1
1314163434649518080,3660803379617342568,1
1314287042000564224,-2722591543144359734,1
1314289215069401088,-8497683770102415160,1
1314294706856132609,-7263784398428611133,2
1314327236892393473,357184265005517251,1
1314610122203836418,-7940657479650323223,1
1314628325256634368,-8828808017885058286,1
1314635779482832896,-2713980962984538897,1
1314649447188627456,-8685751437220814411,1
1314661040391684097,-7160436452453732256,1
1314874840785063944,1742549053949405520,2
1314895460876914700,-7711682189156540673,1
1315034553568956423,2686528532417899107,1
1315250004207042560,1716739199553453535,3
1315257080492756992,-7789361303028111806,3
1315271539143651329,4861098967697386140,1
1315289605852332034,5778575828139515958,1
1315320426436980736,2962403668344626194,1
1315321285828841474,8119203765253735155,1
1315379761355595779,-2196222680559178680,2
1315401624781836288,-3527416684048426209,1
1315630102756155392,3411708035945619921,1
1315646896107642880,6022358377024146229,2
1315680256934776832,-6276964919303606873,1
1315734895948378113,-5654036718763608642,1
1315804924215787522,7626475657102260118,3
1315807058118299650,-5283351293487497602,1
1315988091270762497,2335307320176661709,1
1316017598102863872,5662576284523965020,1
1316065909086326786,-4255303668017720731,1
1316074894149459977,-8615776918754692925,1
1316086153171402754,5479937633421379461,1
1316278442183331840,-6139180757586739538,2
1316329138840625152,7062304352793442900,1
1316344876225658880,5551755581473179448,1
1316436390033448960,1392259153299886380,1
1316445820250714112,7896334394716415777,1
1316456174376620032,6319795515848294520,1
1316702946768420866,5244098126184206877,5
1316706037962100737,-558580590465580060,2
1316720073202163712,726579761596908640,1
1316744042177327106,-4568134853171169577,1
1316769407935356933,-5478692030400240584,1
1316796277947019266,-6958596979941563323,2
1316804896071483398,-2756303375332838743,1
1316818772670455808,6496035353685420809,3
1316883104578109441,-1369724786694863597,1
1317063666492231680,-4501294913965062225,1
1317089732611002369,-8920882705784362257,1
1317142892763402241,8151532208674376880,1
1317198965012631552,7246397793247584819,1
1317464750851297283,7159698087313429220,1
1317487164389838849,-5373911312601373027,1
1317509373082652673,-4271524981647122948,1
1317517916779274242,-6373293522709974893,1
1317569735123415052,-7068861821444108014,1
1317763855301464064,-3669213073188774494,1
1317813980761554946,3368984690192199211,1
1317860862661709824,-5123627578856299476,1
1317895409113714693,2048937589610684976,1
1317913757041987584,721356194502250520,1
1318173821959024641,5383739253333494736,1
1318199661942001664,-860964212453006215,1
1318219822094835715,8225358982548632791,1
1318231086070173696,2510743434661533018,1
1318232617876062208,6300384477337821893,1
1318235170336591873,-2789959522570679267,2
1318286392263409666,8269118371285012780,1
1318299377228722176,8668136100350187762,3
1318300571057721344,9002956897685704065,1
1318320949704445953,7554829123481953100,1
1318462775698497537,693074376764033425,1
1318482357595344896,-7504351518924431273,4
1318490489897783301,3395481478778944339,2
1318518998150057987,-61230555076474107,1
1318527020897284096,-1474743672123443026,1
1318574272550473729,-4199779548534900888,1
1318582920282603521,-5809739040145681834,1
1318626099006406656,9119100152283079068,1
1318626453995573250,2595970383261362115,1
1318787853875400704,-4224097524782430239,1
1318825450270085121,1011238924912370993,1
1318896199689273345,-4874508111357216759,2
1318996347622707201,8913792578489314120,2
1319173796478259202,-5221082424318892340,1
1319286589248290816,8032997406476793017,1
1319303810519629827,5548079662830928481,1
1319317830811160578,7100491438747021557,2
1319349900715372547,-2283201245292097109,1
1319410830371270656,574561637844840535,1
1319415778484101120,2441361196192318956,1
1319416781241540608,7932427519177803628,3
1319576070278967296,-976219109326407160,1
1319583102826663937,-1136280027723496171,4
1319618043664846850,5904930782231285611,5
1319621804508532736,7533757308575242686,1
1319631392175759361,-2100020623207855437,2
1319706062640001026,-3334278025904751661,1
1319709738863648769,-8948904290771682267,1
1319776702856310786,-613965183999643641,1
1319789263513321473,-8203657575671992872,1
1319900551363108864,5624759952061400565,3
1319914831001026563,-554018881822860995,1
1319965717119307776,-5159555031394171972,3
1320049438816194561,671705242846898070,1
1320067659782885378,8607138431206873863,2
1320073488904880129,-4237992837858352266,1
1320102735203663872,8669893327107134147,1
1320285934059982849,-8937818381887227140,1
1320313900886347777,-2877303030022302146,1
1320342683202801664,5083688753931110745,3
1320360452820434944,-1107397328337434093,1
1320369556335087616,-363055211388877873,2
1320442770125893634,2581759879607976205,1
1320452288545280000,639433264013023410,1
1320458601572478977,3881403400540195771,1
1320458785429819404,-4372906824028111832,1
1320615216837730304,7416111313420623702,2
1320663405146099719,8005655390772486495,1
1320709592091942912,-3655355240195940725,1
1320718252696309760,6379963856568221641,1
1320841807069143040,-8678519084167628071,1
1320932328974274560,-592399872915366951,1
1320999113408872449,5900036287079132453,2
1321024014668701698,6506611675237371085,1
1321026869207175168,-5891239821012820394,2
1321062099464916994,4533532274543172377,1
1321110399446638592,9221354419101206670,1
1321382329550622720,-5456310129580879455,1
1321398980719366145,-6073906451882950602,1
1321415279772094464,2215352065153797713,1
1321445431465938946,4060550946282944512,1
1321455855435436032,2621787254083727259,1
1321720778505814016,2361288003194899650,1
1321775545659654145,-6060028860489678534,3
1321824536699019264,900357658209030257,1
1321846168956080129,8735897953236132019,3
1321857077996933122,-5907261766032144581,1
1321944423425576963,4606383228815278320,1
1321969230389063681,8570662719861548932,1
1322072063981617152,8753172290212728558,1
1322104461775556608,-8550588082784567953,3
1322163745037144064,-4988844792789810498,4
1322166707360686081,2790175054343597957,1
1322203182068572160,3031388206585196769,1
1322205399685062656,-6617854841340423344,1
1322253440228204545,-3712373602727617762,2
1322271473785020420,94723288052320030,2
1322276155832094722,-1681096339155239692,1
1322297828245426176,1070444047372251464,2
1322305713876750339,5719958404375991163,7
1322442445032837120,5230016095819121215,1
1322462059175489537,-3161098055473888881,4
1322603634933309452,6822925702452051520,1
1322611487182069760,-4373191737869609443,1
1322629376421355521,-8882036593502933288,1
1322800877648883712,-7602619222573107978,1
1322909346519523328,5016809925941030518,1
1323003124752306179,-7322128467723494139,1
1323058287584120832,3361614865692696981,1
1323186403614875648,-2180615117426321795,1
1323189736660443136,-4975624771559571590,1
1323193095542943746,-3009850821246764101,2
1323278483221630977,-7429552798707922267,1
1323393328658944001,-7438533436237407030,1
1323420974650429441,-8438296407345892276,1
1323573105688743936,8578298271327342574,1
1323707076904890369,-3410032887207417555,2
1323713269748715535,6435851871338394142,1
1323714473622908932,7884563021815946423,2
1323776566179045380,-3265522094423524780,1
1323978307222835202,-258146189053114372,1
1324060245665193984,8571913322315186580,1
1324068751227179012,-6184681950443863701,1
1324107338001895424,-1574777256545558615,4
1324190818324807680,4564086558157550755,1
1324279395578728449,2442741848365283268,2
1324284098253344770,7755739883898784579,1
1324304794534621184,8961490751390618939,1
1324414383544553472,-1256914183032606301,1
1324417647958786048,2088265521681606969,2
1324419856540692481,3402432813420868936,1
1324455928784183296,-8996154131441116158,1
1324538330864902144,-1669893184487112406,1
1324566628248522753,-317906437797280234,1
1324789490200809482,6151687551828662297,1
1324804435080609793,1245675384097733663,1
1324848745121484803,6259711883460680000,1
1324856254544719872,7310364553656366340,1
1325000065644171264,-6349563022790530047,1
1325120089897594881,-2730628566608635925,3
1325140850326712322,-7386038909449813755,1
1325161988134227968,-174321513592279067,3
1325167010901229568,8133133271618289899,1
1325209832257937408,250790747969657908,1
1325215819962462209,-2416680468005170229,1
1325271565878108163,2689342874641785272,1
1325349285823729666,3951883202144865601,1
1325360256042536960,8532385366008964273,1
1325366190345228288,-1201028528871627867,2
1325392131184275456,6062057422257936583,1
1325412006023802886,4250117587747417783,1
1325446966063599619,-1976970916949545199,1
1325461479575916551,98864397381777591,1
1325471009638584323,8466147364745615369,1
1325492577597075457,-7290396365162459825,1
1325493119270473728,-7041494827506294969,4
1325494585393635332,-6228698223640538305,1
1325516259300085760,9062195073100638525,1
1325518250407571456,1850490202844268597,1
1325548961634131970,-3383335414097872665,1
1325593046319325184,4271409118449560540,1
1325785126106763264,-3723759258265644184,1
1325859745278943236,-1579277545398578451,1
1325903501885583362,-5300664011222929882,1
1326078749364932610,-2725590561977135204,1
1326104171834187776,-4850247124535977054,2
1326147464315990016,-6713098841283109798,4
1326147947004825601,3855627353539774238,4
1326226562442780672,2285890629998615340,3
1326243058707554304,-401708469629136748,1
1326252147068047360,3850967169322290502,11
1326257293789376512,-1224618306110040916,1
1326286722586521601,-4257009869078503960,1
1326364302874464257,4738688034436116658,1
1326429005487202305,582007209653291089,1
1326441640299466754,-6716197180572377774,2
1326467247225888768,-6699226600079259389,1
1326467442953089024,8186192630354427238,1
1326530442577768448,-2743777829007525999,2
1326559239037456385,7295711707155483540,1
1326585826248175616,7249395739240947184,1
1326649910557601792,-4553765787374571582,1
1326959877839876098,-3228469736218645975,1
1326960440631566338,9101319352077694598,1
1326990604442669058,-3328366488045675614,3
1326998612920950787,5707844539573060025,1
1327155441181356033,6338412207263146493,1
1327228750161915905,4558321253010565553,1
1327345531815915526,2807960327568728221,1
1327356619802505220,-8511306569680537950,1
1327517099984556037,-1676345101868703598,1
1327736713783947265,7003450088916048485,1
1327885416276529152,-3170029208457096504,1
1327930767134035969,3161960901545720391,2
1327988943191728132,5486540544700946620,1
1328076464273711112,893382081026709015,1
1328243160481492993,5818692179999956606,1
1328307583338295296,-4916236102749475471,1
1328362167679258625,-4938536524714440461,1
1328403876802912256,-1235399092172943467,1
1328408234420563970,-908654217656398215,1
1328439616979038211,9136436483455266048,1
1328511505722208257,7524748297269284528,1
1328724230683365378,-145250288368949261,1
1328791040426471424,-2053976514336376649,1
1328815231590670370,-7375451350099326147,1
1328857138660257792,-7273753358072518761,1
1329103582524805120,-4462911866939072122,1
1329153349074251778,-430574425656517377,1
1329164990344024066,-4070192324513878381,1
1329380129483726851,6993322134071288287,1
1329419182010748928,-2443687993820743511,1
1329431508252241923,-1142013177054408330,1
1329464504850264070,531513518484320415,1
1329475876048789505,3470267372547701757,1
1329490867510517770,-4549759588179904821,2
1329495744353611776,7918894818205982807,3
1329533684421177351,-3396699228512970332,1
1329588695599616000,-2144176093952740093,1
1329707604394856448,243048930644759133,1
1329723334368653319,-78796437269913871,1
1329768280446341121,5197677924133791126,1
1329876611970326530,-1058643704270366236,1
1329882153820303361,-4923784209256349044,1
1329905667403096064,6018915350083217479,1
1329927903862255616,2246431472382821273,1
1330027656893648896,-7294217579069735588,2
1330063176558317569,7825795336938498200,1
1330139072447344642,3854042853923614443,1
1330181637968191491,-6990697149401191478,1
1330183344819216393,-8860870415862300224,1
1330191249324830730,5990529755051081030,1
1330220446155988999,3877974910012185577,2
1330220636376064000,9110964345434666671,1
1330227655577395201,7967765743495218135,1
1330228910450221057,-6972541373318802846,2
1330267916105887744,1729353232289087537,2
1330287372945252352,-1368615498789404944,1
1330479864810516480,1085808155190400907,1
1330541543699206147,-4423979989387995776,1
1330556705051189248,-9147786509944526128,2
1330609868500316160,8441167681192249029,1
1330689219220664322,1217788880086827156,2
1330878239548510210,4376800659732784473,1
1330888650205372416,-4303095204390667446,1
1330923872590442496,-2557949193723084544,4
1330946143598092289,4891769058655451535,1
1330966891121303552,-4733503711707446581,1
1331001987723386883,4836491234861808835,1
1331007476477681668,-2866865189504147762,1
1331020227958738949,-3643872782064031289,2
1331152810331746305,4271052823418045860,1
1331286209306497029,-7306008135102693711,1
1331308399104040961,6365413222786676868,1
1331330450028158976,4592094193128461821,3
1331355272711958543,4479398683693735896,1
1331355700912644097,-3807387192367247610,3
1331497616887214081,7252832059604835794,2
1331505307986628609,-925005597206480664,1
1331556405367672833,3661726601105131794,3
1331616580887867396,-1986379520374473916,1
1331641963867680771,-291513426866426503,1
1331878088402145282,-2351436500328290701,2
1331959152835440648,1012740070785177332,3
1331975578040344576,866779887571808681,5
1332033862885629954,7609824359296982018,1
1332078370067275778,-8109770643020689188,1
1332084899206074373,7195872877449812154,1
1332125799961554945,-292122403455548421,3
1332220719535697920,-6381542118734855275,2
1332247022536183808,-4564345402022139677,1
1332251685494935555,-3767442099892521687,1
1332305305456308225,258904711096597784,1
1332310010764943360,-1485604328169700590,2
1332313406687342595,-2071844922937225717,1
1332317250175512578,-6353883122009757311,1
1332358465013035017,2753124454251290195,2
1332436176192610310,5039596467917073417,1
1332752753966395393,-1142521705083342369,1
1332777112302985217,4370973542071431310,3
1332851319447711744,-8942084034147325172,1
1332889430323990532,8749822573014242714,1
1332962622442881026,-234827841543290058,1
1333079666966585349,-5214097127013597235,1
1333094540283162625,3354857656475616235,3
1333097982661709826,-6081558814797705548,1
1333160694909427713,7101475457003581942,1
1333200787674161152,8881795587094560352,1
1333277978239721476,-4619276153815402758,1
1333296651780452352,4253761737606085745,1
1333312372681936898,-6803502992581257751,1
1333374617336082438,2851625864451513689,1
1333384471270264834,9136788101743114574,1
1333408972372647937,4860720319166404557,1
1333410308015218688,5943397291838480609,1
1333434622009634819,-5561393076445382598,1
1333438013679022094,2273264955633555184,1
1333515628297265155,3975285025024563807,1
1333517397655957506,8933036149292650871,1
1333531397181632513,-8191731177558704068,1
1333570798804758538,-6012047500143477989,2
1333660277422821376,5827921452133745315,1
1333689854123790337,4083658896609228508,1
1333692132155133952,3252113400931713613,1
1333702046009135104,-1064231359768853601,1
1333714238611853312,7102015195175254034,1
1333729856882937856,-5785126876516287555,4
1333731864935325698,-7356578406823384923,1
1333733118574874626,2104168542542608582,1
1333734696828760064,-2167439142673083048,2
1333735508741132293,8653335727204475429,5
1333737391694225409,-6990976299289039029,3
1333738285907251200,1686574189109647100,1
1333738710995783682,-6971843680995834569,1
1333740668930445313,8359981370849607152,1
1333741114864627712,-4262978515444390523,2
394613.0,4797754392093979378,1
5847962.0,5571365165904936975,2
6482622.0,-482321445628203357,1
8021822.0,-1984154834769389549,1
11086342.0,1898630114965040864,1
13812612.0,5847154690770878207,1
14516324.0,-2718732583986449107,1
14724500.0,-7212474690440117934,1
15254807.0,8976199169397034930,1
16273541.0,-4095240001159899824,3
16476536.0,-4989133144485879604,1
16936243.0,-4742566462237635106,1
17214580.0,7665151447835204491,1
18762875.0,9168356777128458492,2
21255779.0,-7983508025826574532,1
24152905.0,6217472249548425265,1
24184892.0,-6930747268036499250,3
25508589.0,1941074492334816882,1
25732270.0,-4959012978489659599,1
29416653.0,1079302666500836055,2
31402388.0,6962850132877247482,1
33284443.0,8958432606200710133,1
34296796.0,5527417582957663374,1
36030252.0,-6872757684929617523,1
38669647.0,-7323487073140689129,1
41370439.0,144151694083986834,1
43086900.0,2779393822888957679,2
45174445.0,-3394704031050506167,3
45420918.0,4145985467933852225,1
45553679.0,1012414343333195234,1
47211010.0,4922608723960262898,2
49427517.0,-2675579032178720913,1
49982312.0,3693616744488725207,1
50253688.0,5730630598585892838,2
50670479.0,-2063317880844892367,1
51678300.0,-7240261190895301959,1
52123835.0,-2813388565352732627,2
52387663.0,-8191906060413283431,2
53002473.0,8514266762658227591,1
54140007.0,810385570287938307,1
54988878.0,4413463433737668796,2
55549791.0,7552732652953446134,1
55841666.0,-1862478999637049794,1
56653400.0,-8631411544553500252,1
58748101.0,-3857194422240931142,5
58768691.0,7476103518009961629,1
60577301.0,-4476906699322057092,6
61843318.0,-3311095779150489778,1
61872781.0,-6796868535638459818,1
62352806.0,-2583509804565090460,1
63060955.0,-4578961799255543996,1
64522965.0,8150353363282830613,1
73081417.0,-3820443958517887317,4
73495363.0,5708520657481091193,1
74426633.0,-212221816796781341,6
74964468.0,-7751518172217088172,2
74988165.0,7331507794941372709,1
75576699.0,6695691714227219403,1
76596562.0,7784474682550962693,1
77437422.0,7993414717392435496,1
80200885.0,-8674608254176118249,1
82071060.0,7585250147598474004,1
82390284.0,1601216869842496772,2
82692537.0,5716305150392977516,1
84300444.0,5386372872420178464,1
93077846.0,-3400971678387281785,1
93609146.0,5682013123853294391,3
93618186.0,-7351448565377178225,1
94072544.0,-3441923565120489370,3
94581063.0,4861264181263146839,1
97643497.0,-2750291899227522227,1
97962621.0,4827835163596870649,1
100120071.0,3453609932523385878,1
101532373.0,-2392000773926059526,1
102037325.0,-1195959866051273089,1
107517248.0,-4078250408185623008,5
109045837.0,1934988910693799246,4
110396763.0,2462202321534146265,1
111357858.0,-6207713928017556871,1
113299873.0,-6993079187780030959,1
116290984.0,4702777206983849925,2
119150592.0,2144796521595284205,1
119154768.0,-4282933691245430398,1
121480284.0,7515207488140745937,1
123920914.0,-3466926266466974353,1
124450567.0,-2377108240754638233,6
125033434.0,8122565978728691947,1
127025568.0,226245700695428397,1
127532707.0,-776562732143532363,14
128609313.0,-4564268810652193716,1
130537001.0,-5966307983248839736,1
130598751.0,-6742440201445102015,6
132164537.0,3933961940858833319,3
137120635.0,532068180591337523,1
138387454.0,744940971071126814,1
138682072.0,-8120761398990431341,1
138755995.0,8627472440220204322,1
140948780.0,7467693619724556962,1
142306639.0,-202912882594988277,1
149691980.0,-3270269320037636112,1
150184052.0,2806370436648525197,1
151029385.0,1149263360992003723,1
156198228.0,-4586157407494578562,3
160880868.0,1115919202371251289,2
163567416.0,2593792919131305519,1
167406951.0,5930845107413161246,1
169248718.0,-2732368055811951818,1
171520056.0,462835832289058294,1
171981193.0,3724409745526577112,1
177348371.0,-9108722564073941590,1
177601492.0,4756181094986975980,1
180734631.0,7971782568150905338,1
181302619.0,-7158307705299463506,1
185591691.0,-6085216283186315885,1
186386857.0,6374160340519068821,15
187102080.0,-5366442692707872618,4
189469598.0,2681793141093973816,1
190941762.0,-5551915889139533971,1
195706828.0,-1824562932129603868,1
195787575.0,6885624792210537734,3
196496175.0,3376887842969347486,2
201658727.0,354138506309331650,3
212724190.0,-8672486802635463124,1
216318534.0,8833468823376675169,1
216458235.0,-7768690318869862263,1
219005924.0,2955842687617427029,1
225168723.0,-1083652534255667313,4
227383566.0,-8768068953942638949,1
228010525.0,1188144210081475013,2
231902290.0,629183348102621954,1
241041251.0,-2005461842545448878,1
242044743.0,6285024167243502886,1
253508662.0,5953624290002172670,2
253521229.0,-304070485148151733,2
256491020.0,7842870785569196150,1
257503308.0,24253855941712521,1
258861907.0,-8266603174341792932,4
262823808.0,1330536147723359291,3
263582790.0,-7025639411964635395,1
263733087.0,-504646181221493006,1
264085910.0,9112739197797229901,2
264669243.0,1299552119795597023,6
265459111.0,-3893447978706136622,1
265504987.0,-7528176544650999168,1
266166248.0,-3614437481842839339,2
270839361.0,-3943491415761837197,18
271476597.0,-6473235563666471401,10
271596933.0,5363434820863430214,2
276698656.0,8542013900775298541,1
277955015.0,7093917920720893105,2
278616610.0,-819791006387433751,1
288405067.0,2670551786974937999,1
289400495.0,-63036297959364077,2
290093767.0,-1004860203175849598,1
290114076.0,4870946354618071948,1
291252019.0,-5443774362821008517,1
291294443.0,-2808600772065894081,1
299838400.0,4729516782926294620,1
300871128.0,7429675982956575813,1
302065523.0,-256078818127181324,1
304681933.0,1651548189036238413,1
309344521.0,3393733360537163150,1
313915243.0,-3707830983658057408,1
317785537.0,-1969512210783781045,1
320360126.0,4012177527804802911,2
320603385.0,5280180744136585936,1
323128521.0,4168452963908998768,1
324806261.0,-3591038912130499925,1
326150500.0,-2403741854730034135,1
327880439.0,-1160659991329504980,1
329727844.0,-8713859641142908346,1
332537477.0,8514388655161106692,1
333214378.0,6095083988205585259,2
336996257.0,4012427775194760418,2
337767301.0,2978737471048032166,76
338316393.0,-7659169977417066257,3
341964300.0,-5173543906416570591,1
345985869.0,8492687364977518283,2
350510584.0,4388722044452616537,1
350842716.0,-1198977210484613748,1
364492636.0,-4408938909018457636,1
366693942.0,8312655017103361293,1
368165364.0,5336652901858054105,1
368588066.0,-6053826936948806835,1
368922164.0,2529408394213768255,1
369569297.0,-8516916103258443531,1
370705320.0,4347919722846159724,1
372296362.0,7923392708686430992,1
372344749.0,-5693923081562821166,1
374752807.0,-8208175514030135239,1
375194255.0,2190860788193354452,1
376399556.0,7500414998535766729,1
378831194.0,-2484494279756530151,1
384340494.0,-7689376404722234258,1
386724159.0,-3218117697404639223,1
388182126.0,3291933008530098936,1
388346603.0,1187906323910042312,1
388946039.0,-6815840975908582233,2
389136716.0,3038878395171593902,2
389560854.0,9092881235185666872,3
390066519.0,5693260064904302704,1
390346116.0,6187007960277976642,2
391601240.0,-2455097850650648494,1
392154216.0,2988923735073678625,1
392677681.0,-1428764196095443462,1
395183088.0,7287395455814509744,1
395218906.0,3799840120792735464,3
395513350.0,-7996786794902770107,1
396667372.0,5004626770310596794,1
397187123.0,996013553813952717,1
398147283.0,510284991643101642,2
398618779.0,2499886992404379853,1
398905838.0,-468589395508499111,2
399004979.0,7811886819323915550,4
399011672.0,-1638532210200983890,1
399246036.0,-1904319395143461550,1
399780894.0,-3573782327163572644,1
402136487.0,3320717708408482710,1
402352368.0,5627864405987208261,1
403043370.0,9097255233404715902,1
405539247.0,-2421717620378976983,1
406981868.0,6413766614781999605,1
407543535.0,7118481964372701158,1
407774590.0,8217302553201663860,1
408748386.0,1631022296998197958,1
409484740.0,3086690231106229553,1
411295303.0,-1599528415450809997,1
412936122.0,1655387384490834150,3
413426849.0,-296969847287110523,1
415796020.0,6747216368545433252,1
415835216.0,5565844156765993384,1
416370078.0,-1819630196799808144,1
416476798.0,-6397727679186200758,1
417124811.0,3893466603341581556,1
419071211.0,-5347655769363139262,1
419441999.0,-3911743351448469426,1
419480134.0,8822340649457449830,2
420405373.0,-6111601823958913472,1
423623974.0,5356221019151764814,1
424269965.0,-4474124097082392786,1
424437949.0,2589151107534294405,1
425261926.0,4232105037572094081,3
425686235.0,3860906207295495283,3
425752285.0,4986172134714376374,1
428570381.0,1293202511500345754,2
429820050.0,7796045318407502574,1
430135553.0,225283576459073647,2
430722504.0,-4456201429212413838,1
431027401.0,6288163978593585779,1
432516884.0,4954823605392599273,2
432643889.0,7449522547354005567,1
433636980.0,4213347429239044211,1
436005961.0,8892292696988311916,1
437026653.0,1599540193635616773,2
437363242.0,-6206580603202501058,1
438485509.0,3250091922181368094,1
438849246.0,-4111547140534493247,2
440009234.0,-2337627844538328129,5
440092521.0,-5037479159482167641,1
441790043.0,-329607759849674586,1
443649249.0,-5243965396302699100,1
444827693.0,4748375854567631609,4
447231894.0,-7431881160780681336,1
448335186.0,5497061325226262062,6
449780532.0,-3593362481475920808,1
452010658.0,-7174763402883860772,1
453720551.0,-7112641290111534566,2
454365633.0,6354561798456563798,3
454423746.0,-3785903279796852609,1
455378815.0,-5342184421615565718,2
457500194.0,8862556265800927891,2
458347992.0,-5313298447298178067,1
458350362.0,-6291683339630815873,1
458423212.0,-4294304317686133831,1
458719075.0,-1147573328795183377,1
460986305.0,5564003436911611516,1
462352779.0,6620796576796850856,9
463920141.0,-3584148841054858767,2
465551669.0,-3848148033502896668,1
466594672.0,-5818730446832234567,1
468310528.0,-4821579272440574026,1
469516428.0,3412964275880915340,1
473174242.0,-8317823333907524027,1
473838944.0,3207239717008374994,2
474900208.0,6225225562013274333,1
475193503.0,3938636237209601348,2
475674945.0,-141388228715674705,1
479518179.0,3541468400546762007,2
479645115.0,-6648862978492948906,2
482897816.0,-2252702129897257703,1
484005172.0,7096024693496976413,1
484771907.0,7501225805962052875,1
485001998.0,6594838389016196226,1
485738358.0,5449895191795961935,1
485841317.0,3823364143214640673,3
485976029.0,-2046381820357210411,1
493847017.0,-6786090930736213789,1
496706357.0,5529061655478668347,3
497172414.0,3151712436253115236,1
499997941.0,-6623861397531029302,1
500711588.0,-7946405451849276171,1
501137418.0,-2652371720030837598,1
501750077.0,8448111760888048052,2
505705375.0,9093981046119077533,2
508088713.0,6499143965650408681,1
510220284.0,1521982921839149547,1
510569931.0,-2481817299252689242,1
513144334.0,-1445644713447088508,1
517552544.0,-5693036384694072737,2
519529163.0,-6666267915626410801,2
524217644.0,-819112257936935552,1
525586699.0,1097828996284928781,2
527311309.0,-6222510133659489201,1
529548417.0,-3722962251988871236,1
532305603.0,932406988490008569,1
534489041.0,-6501618466724168686,1
535447658.0,-7062855360049298256,2
538576410.0,-6179421579911284859,1
540764694.0,-4311083905775626377,1
542866878.0,-7232228414108296284,1
542914304.0,1056051877908564336,1
544433402.0,2912416610478588265,1
544673940.0,-1888374594050320281,1
546103238.0,-3854157778296133220,1
549636763.0,6722951606317830417,1
550416702.0,-5859846737074237177,2
551374959.0,4794395234550101640,2
553873961.0,6634155557119379698,2
554662429.0,5294750209001678216,3
557023371.0,7348758855379450111,1
559899927.0,-3656520898001792006,1
563541913.0,4143732278684202291,2
564668216.0,-5907727235636124235,1
567053493.0,3268337931826483370,1
571013746.0,5951802403892204199,1
573868970.0,-6550684267020373145,1
575620232.0,-462497495757589667,1
577582340.0,-3271750600549444614,1
582740053.0,-1977573446507401203,2
589418956.0,719864649120237183,5
591144361.0,4070918897099242011,3
591762412.0,-8397719183915381023,1
594986631.0,8327239940883090662,1
596424485.0,1611184762431347019,2
600134864.0,-2880186068681379184,1
600264639.0,5641262286623320371,10
602903174.0,6727593504932240712,1
604883587.0,7435650763807170913,1
605614784.0,3154771292876499583,4
606225782.0,4798699872327799856,1
606232311.0,9096992580753508260,1
606259626.0,3493828111411090043,1
606417584.0,6046491497118534200,1
613917828.0,-5673591559867489243,1
616886078.0,6214785799260737794,7
618124225.0,4230498639550778971,2
619165122.0,-6818140681354131056,1
622354597.0,-5293286411440228748,1
627621227.0,-5288323971002925398,1
702744937.0,1414508784473289460,1
715994295.0,-901887238844171252,1
716321062.0,-3500697099315506898,1
728604452.0,-2762489197736168521,1
743650076.0,-6926049318389323446,1
757233175.0,6545598278996434485,2
763485613.0,-1495552615987178827,2
766755128.0,339106378749921720,2
770115242.0,-6746266808239960861,1
773417328.0,2437433147087419995,1
809019169.0,6567385905823478472,1
811492981.0,-4737009454389548469,1
822033252.0,2820650068793858181,1
823402063.0,-7251010258314600907,1
828717014.0,3520244430755186076,1
846045162.0,4407869890827636518,1
847717320.0,6321946631803224355,1
849274159.0,-358925057589684929,1
876541483.0,7900775107514850001,1
888931980.0,-7146324814572661394,1
891636968.0,-4600225466207655403,1
897802026.0,5657051493206903126,2
903723812.0,7581238749793199521,2
904396855.0,3286013010941091335,4
912724453.0,5449997970511167468,1
918889099.0,2045179764705986267,1
928045495.0,-7264564131370681102,2
939146682.0,7090499239385152503,1
941708113.0,7699477416138328789,1
944190757.0,-5793270288259309357,1
950095766.0,9051864809214855462,1
951246650.0,6418137996440491856,1
952494133.0,-5020213115839401955,1
954409284.0,7031823265856657340,1
955568864.0,-6829216115691975514,1
962776490.0,-5773516431000092211,1
968745937.0,-8216287633192604104,4
973373467.0,6131459190515743788,2
973391929.0,-2530128013784055967,1
978488840.0,-2929122621226555935,2
981225500.0,4664843898924948271,1
989340356.0,-7374307694447503185,1
989423077.0,-7774260593963841669,2
990950486.0,3619492356040407859,1
1005827778.0,6447223620401275256,2
1011866077.0,4694769887585721648,3
1012171374.0,-7387607090382352521,1
1023807246.0,-6817165001867672050,1
1032615842.0,5985200001610567691,2
1036719990.0,-3297266552129716219,1
1043351438.0,3974207305554915545,1
1047704917.0,6497436702710207424,1
1055173849.0,6916373848788352966,1
1060095360.0,-8541772460140594530,1
1061317800.0,-8039325730570461091,1
1063355172.0,5035261801908980441,1
1064656874.0,3067627072649356584,1
1066008103.0,8259071636138100283,2
1077516942.0,-8242643223237430874,1
1077691849.0,5270984882435404249,2
1083018577.0,5436395212001444577,2
1090118378.0,523513079083837549,1
1092670394.0,8073298912116900882,3
1099059128.0,-8955858420359372059,1
1106516964.0,902176100851497079,1
1106533782.0,5525549596339325079,1
1110202813.0,-3660147346580468172,1
1111691492.0,6106541864681647437,2
1114098782.0,-3255641172632202551,1
1122959348.0,6858066492153963482,1
1122984812.0,-3642472703904281828,1
1135141640.0,325741840733109346,3
1151828558.0,6733500539542169676,1
1172978935.0,6633580006286980235,1
1190020170.0,3775886519339483684,1
1208077602.0,4300010825140273337,1
1216645705.0,-6048387194559065676,3
1229121186.0,-4374558363943903873,2
1239837750.0,-8220508502097901875,1
1249154352.0,8577597633741431517,1
1260315482.0,7768088525962319431,1
1264094420.0,-7390573154201035758,1
1274855814.0,-3980390675293550091,3
1275964657.0,-8580785238750166247,2
1277331608.0,-8214148126076220019,1
1278510602.0,5431757674872671555,2
1283811182.0,5987202964800926216,1
1288687136.0,-2953275852170025868,1
1289487404.0,-6160363243096281554,1
1292355372.0,4008745093363995054,1
1300370167.0,-3387714810624786333,1
1307443208.0,-4623325577637665735,1
1314728936.0,-6421120506955772555,2
1322504910.0,8777224410852646812,1
1325398530.0,5569259254980931234,2
1329155760.0,-906269590086912908,1
1349782417.0,-955505251693543485,1
1365423529.0,-1817903317246416977,3
1371955920.0,-7541891894494572839,1
1376730776.0,-3694701479940472116,1
1404635876.0,7571166262552772575,1
1412500075.0,-4089387991594321021,1
1418786191.0,7285329242925406119,1
1422619848.0,-8227865445605255238,3
1427499925.0,3643605248264527917,1
1430162268.0,7614891921275722495,1
1433623124.0,8531338211189926864,2
1446751686.0,5619114011621356283,1
1453397780.0,-5990753137081503956,1
1469191586.0,-8637218085884678439,2
1479126240.0,-1565406767836603225,1
1486868360.0,6663886352014672376,3
1520166662.0,7366383262780890226,1
1528122108.0,-6884191707486584997,1
1529887568.0,-2023372232497629349,1
1530798872.0,-5610695909891018971,4
1534717074.0,8322780397591788409,1
1538304235.0,-1586763002503942727,1
1550271426.0,-8783998119473674238,1
1579745006.0,5416903114389684920,1
1590826574.0,-4884572812450369081,1
1606243544.0,-8290426775117720311,1
1617818378.0,-8745807515943934625,1
1620747685.0,-5963555633261574538,1
1627031726.0,5280212904899949998,1
1627702496.0,-4578736666558142314,1
1660616437.0,201238152309105152,1
1670897088.0,4175620388010886797,1
1677683018.0,-6240262412962496795,1
1683455144.0,7766834033683581196,3
1687996746.0,-3617674066946125678,1
1697483976.0,5662905024804980217,1
1702353966.0,-7218894853280028965,1
1722707281.0,6700816848314931244,3
1723376406.0,2913833475932070179,1
1849037616.0,-1727823042084748375,1
1853413428.0,4942935072634757867,2
1863099541.0,5079278454972838421,2
1886063070.0,4856363281054105602,4
1904010924.0,-4823010341577358430,4
1935534786.0,-3638783003690474782,3
1940288287.0,1129294948644710338,4
1944150374.0,4149458327889476122,1
1969394605.0,8086662942965480263,1
2173895761.0,538589181653758785,1
2182502256.0,4033444279429812349,1
2188709919.0,-4911866826100778480,1
2189997820.0,689598451548505267,1
2190579060.0,1993974295761267265,2
2192430362.0,-8781067715210093803,1
2212424905.0,-6822708867022280070,6
2219197604.0,5845487963171689388,2
2219992197.0,7434134771089235719,1
2222957981.0,3723705864577845885,1
2238113880.0,-3665482121548435467,1
2244584796.0,-26855062292416401,1
2250624042.0,-3319410297381694631,2
2254950978.0,5606331116888305181,1
2257121711.0,-8664790987475442414,2
2264348977.0,7676649771443205957,1
2272893092.0,6272590296767336151,1
2275042282.0,3671602893360476432,1
2291988874.0,255658061124070138,1
2292111598.0,3170187662746812203,1
2314634432.0,8733288158756697301,1
2324080326.0,6982178672178850793,1
2326660325.0,-2403733663068305680,4
2331802006.0,-6060275971663420675,4
2333745212.0,-7418339300109773621,4
2336549449.0,-2632898497497241713,1
2336779442.0,-4506119329898737000,2
2346632287.0,2309390998141704828,1
2347675929.0,4473559579677761560,1
2354732305.0,-8001502532312692645,8
2356133227.0,3841015207714561319,1
2361349338.0,-7278778109656882335,1
2367492746.0,7600540540232308393,1
2384122016.0,-561352446150424584,1
2385306326.0,-2614004057967073969,1
2391429026.0,-6492277791940038810,1
2394684582.0,1512269781072668735,1
2397497832.0,-2443231284882902519,1
2408794944.0,9063101456230114889,1
2409295585.0,1776821754804877516,2
2413765476.0,-7289036489858994226,3
2414070806.0,8963235492403567495,3
2415518834.0,1584121379343618370,1
2427976275.0,5693277978129911966,1
2431238764.0,3192419272687798632,1
2435809275.0,-4080388230132966144,1
2442860633.0,-1672007758050474946,1
2455337133.0,7640235005912332764,2
2464828514.0,-2977432394897031175,1
2471849343.0,-1765579889989716341,1
2479355770.0,2292204638956676997,1
2482335605.0,-7770744840587599692,1
2503955565.0,6182313818972184247,1
2528290750.0,3710696438778767487,1
2536839049.0,3994476024078248410,1
2537334084.0,-2932015887420215303,1
2544005815.0,4269898233717020934,2
2545517935.0,4489882387657947298,1
2563281100.0,-5640783961780851112,1
2563931132.0,-5086190988129124135,1
2589915440.0,743580997035745491,1
2605015593.0,-6007750561866469572,1
2608133516.0,-7431422187814907434,1
2638634890.0,-3241378299486099094,3
2644701834.0,-5433828311240037886,2
2659462615.0,2230675569748151779,1
2660021141.0,1855414139066337191,1
2675724177.0,-7979362356327868970,1
2679522658.0,-3313514073969133270,1
2688072395.0,-6100813381787790307,1
2695769460.0,8808864795373986274,1
2707491956.0,-2470660816315028532,1
2719470235.0,6220403393326215741,1
2724945933.0,4566309221136129622,1
2725838630.0,-8126521744162410201,5
2740039745.0,5676281900143397328,1
2748470032.0,7722998517867249174,1
2753154182.0,1364835519123106292,1
2761848819.0,-4139286810518792037,3
2770119633.0,-5093938172682855429,1
2773949996.0,-4749709399604561624,1
2790774359.0,-3931726021660778729,1
2800186939.0,2768464508916226470,5
2809685014.0,5425517772786724919,1
2819972169.0,-4422417326519369606,2
2827709824.0,6568929673917251587,3
2846622190.0,6918550599495803887,1
2859369203.0,2941771872716864332,1
2862814045.0,-1948611028069885264,1
2868232999.0,-7442022902013005333,1
2870510927.0,-7536564231905410860,1
2877841257.0,828039753441731259,1
2881087816.0,-5796995881187563738,1
2891305126.0,1565914052036662737,1
2896670171.0,8184385224027455274,1
2896671601.0,1987371527185521157,3
2902178505.0,-3929673700117732809,1
2905600485.0,5560845033338487413,1
2906893858.0,6438479025313957589,1
2920480029.0,8637076223378103170,2
2925860525.0,-813677194809771075,1
2927354759.0,7257769308299996884,1
2940123777.0,8598911827639314747,1
2949130360.0,-3679509477541374850,2
2956806838.0,-6890506259224700153,1
2960329517.0,493076469964421072,1
2961950927.0,8402056201244315241,2
2962603859.0,-1502358873701506437,2
2966157297.0,-4092999638124275223,1
2969974373.0,-7937829783441766746,1
2971149125.0,3779083077795630704,2
2972290403.0,2254875257526026017,2
2978834169.0,3700268089021509608,1
2983707267.0,8709955331382744877,2
2986274967.0,-4227585702229523649,2
2987063074.0,-4169709759708712619,2
3009819569.0,-2688005911430567167,1
3018350015.0,-1109816006029095917,2
3020682688.0,2557814562174211001,2
3026284298.0,4627336173814666847,1
3033117328.0,54949587949733147,2
3034249541.0,-7204957202632393217,1
3035388177.0,-3213293414270326092,1
3036616924.0,1379593009949791828,3
3052255463.0,-5791518233885720469,12
3057752122.0,3938472917637899578,1
3065553531.0,-4560318068214527302,1
3069844630.0,176657588305193653,1
3081309074.0,-3342295799050109350,1
3087331659.0,1258580116146023652,2
3096871079.0,-369112146154509983,5
3110415977.0,-306912855184346486,1
3121591703.0,7131700861307816699,2
3126510327.0,557197241694045563,1
3131013803.0,815698265332012925,2
3154591432.0,9166505015429051940,2
3155682418.0,-6230307329061858299,1
3170773499.0,885417444947727731,3
3179856502.0,1105870130559441728,3
3201092019.0,-7047556440682046630,1
3205215100.0,-1321368549873800953,1
3218325471.0,2695527974869963845,2
3245319177.0,4000280386135257813,1
3247108556.0,1890792876548401939,1
3248144836.0,-3751452626670721921,1
3252122602.0,9133991136095167947,4
3290366427.0,1398039227244875642,1
3292873475.0,8972448867778349519,1
3293416227.0,-4377513874201461842,1
3295067231.0,6058064887537781254,2
3301389363.0,5132902719358159952,2
3305514245.0,8788709873952251382,4
3305610275.0,2520335419021672977,3
3309495592.0,7278357795078322116,1
3310238405.0,-8249529197603164457,4
3320680258.0,-2077986864289449916,1
3332439730.0,4845655525149791604,2
3339015735.0,-5096912812862094415,1
3346497087.0,5075176449462362417,4
3371001149.0,-6622651697889816857,1
3372744029.0,7101171996039006255,1
3375415805.0,8904638817425846027,4
3380341456.0,-6404947361006343658,3
3405942184.0,35753156713349487,2
3428104415.0,-3920042308519055522,2
3431179509.0,4586792723462633521,1
3437940587.0,-522900404514291385,1
3478369344.0,-4987256648529500198,1
3515024903.0,-6763642389439649389,2
3543518537.0,-4628269967366019901,2
3554372355.0,-8316205655604562691,1
3587738721.0,5858294114438436633,1
3634092981.0,-370826824471451962,1
3639353537.0,-4941064743758653297,1
3707276548.0,-2476866800701231830,1
3708275903.0,2327799551203912598,2
3903647256.0,7862238778742906043,1
3994498348.0,-8810312339731738210,1
4044954435.0,6378441142597876098,1
4074583912.0,-1405847257704693848,1
4105246750.0,2237517430470576892,1
4105269982.0,422143948395521426,1
4187567045.0,6637067870259072600,1
4256650989.0,1732390102862694762,1
4275320235.0,6729683901929452753,1
4286750921.0,1318592517447622261,1
4320197602.0,6133757224244447798,1
4384588240.0,-9107065015757063710,1
4441013962.0,-8051078437750861669,1
4445949435.0,-8496053346550213644,1
4472246272.0,-1870922433805802697,2
4516194142.0,81803797650263296,5
4617627196.0,-7234952603322410022,1
4702133172.0,6768459111006768310,1
4755350878.0,-1384810111181396946,1
4778160627.0,-3242638460046071262,1
4822325885.0,-5337602157996412216,1
4832954733.0,7051274130465351482,1
4834713874.0,3952582429865911945,1
4857399178.0,216352985773336069,1
4861946812.0,5211146638266387412,1
4874270627.0,1151349348496559063,4
4889934041.0,-5325117528048910755,1
4900894731.0,1921159029447236828,1
4909463589.0,3908341850049481389,2
4910848444.0,-6689014927310298207,4
6.946046987714273e+17,-7415403451865369437,1
6.960084952300093e+17,-8879249554873243869,1
6.965953703951729e+17,-7956417065820521511,4
7.02594325625086e+17,-2314422032530035741,1
7.029654024612004e+17,-1283195732224907982,2
7.04751930472534e+17,5809827647325274097,2
7.10850470424748e+17,-3159571867750752981,1
7.15284283749974e+17,-7974796853145874483,2
7.158355239951483e+17,-6360125844549715201,1
7.183400755080765e+17,3185294593176889427,15
7.194660855867433e+17,910444177062563227,1
7.253532714188636e+17,9075776607062243457,1
7.267218567498424e+17,-7344534302487981799,1
7.277928533893325e+17,5330649236067087054,1
7.285305701505884e+17,-3955588179230218537,1
7.286560786496102e+17,-8810735792667339915,1
7.307495577898516e+17,5632488720751384621,1
7.328174525691412e+17,-2258657329106877396,1
7.329513552923075e+17,8154226345029581975,1
7.362459014302966e+17,932476229089736886,1
7.408335544987361e+17,782531333437764600,1
7.448325800259748e+17,3596453783295635097,1
7.474513607156163e+17,-2741485905583494284,2
7.485006517018337e+17,-2622063130678826826,2
7.493105090238915e+17,1946091355856000063,3
7.503137734880379e+17,-6708450717206357032,1
7.504265439780823e+17,1191576978180626909,1
7.509009067119985e+17,2933435638991526799,1
7.520908935748731e+17,7672571868273887106,1
7.539109377704182e+17,-6282775186586577582,1
7.565610832430449e+17,8690947629097205095,1
7.602113954095677e+17,4500060913945430397,1
7.615525556169646e+17,-7481888335475640392,2
7.616428613308948e+17,-3519503718484491546,2
7.631461666200576e+17,411273641623937369,1
7.666017991554499e+17,3855380226879289774,2
7.675935875047342e+17,-6245251544977531326,1
7.70259734083543e+17,-2257667143430846636,3
7.720496683521843e+17,-3033991109607410201,1
7.726841047059087e+17,-8632548671066723351,2
7.738276128001475e+17,6662072743776195434,1
7.742468502789407e+17,-7933773947046914153,2
7.750644526181581e+17,-2787176558579206541,1
7.76780026503127e+17,2759006280946151050,1
7.819201518684774e+17,1178760646424299457,3
7.854690281061786e+17,-3469482366361569480,3
7.854792614152151e+17,-595355542632261267,1
7.859518083426181e+17,2554410337353261214,1
7.868557253771592e+17,2762923870137593020,1
7.87432374237823e+17,-3551073988374961379,2
7.899639824760504e+17,6313309547787466681,1
7.901559785158164e+17,6903285197421184588,1
7.906529591934403e+17,4062171970797056242,1
7.927310029007094e+17,-8774699463983441363,3
7.931159776344842e+17,-1334661960721880953,1
7.93539264944468e+17,8547269820597428217,1
7.94171242060333e+17,3526758564182588596,1
7.94195961161642e+17,-1489848951014576092,1
7.978180652158607e+17,1375411699829936069,1
7.979130497473536e+17,2155238456533130750,1
7.982149954861343e+17,-4782460056847246342,15
7.98617596903981e+17,630038223936254878,1
8.004689693038715e+17,-8107725236065020392,1
8.043880909996892e+17,833049197185630555,1
8.079978448797204e+17,-710256011207753948,1
8.102153449126584e+17,7934157996092173545,1
8.131015260466217e+17,-4884780675692959419,2
8.136371266340168e+17,1027010777859881258,1
8.160273749240259e+17,-4885789378928228257,1
8.188174490428334e+17,7506337863115618674,1
8.198523649538826e+17,-3240017086947116823,1
8.205610678101893e+17,2925965369106382310,3
8.221086916337623e+17,-7657056752625604372,5
8.224802291931546e+17,9062529865680953,1
8.247304969743852e+17,-2636616511706969249,6
8.249304241410048e+17,3353292787283893025,1
8.250173273936364e+17,-1759962124018284125,3
8.250588501936988e+17,-5294780197769717227,1
8.269209123353027e+17,-3070104835858452655,2
8.287287304996332e+17,-7574901680752796146,1
8.311579940585554e+17,7825357962580592663,1
8.329976702769848e+17,4845387833567947838,1
8.356847633023099e+17,165072536421900324,2
8.414640796340347e+17,-5448769222384164473,1
8.449857570140774e+17,-3070177960551688984,1
8.45722369977176e+17,-4204326148812950280,6
8.486327504123576e+17,2755501131905461799,1
8.525239653901722e+17,1496419765469860938,1
8.538799850267607e+17,-169535769576448296,2
8.54273225433514e+17,-7742286236027280414,2
8.559791235455631e+17,8450986258242612803,1
8.562167758302536e+17,335514466591343811,2
8.602833331750707e+17,4090210018904712232,1
8.603687054983373e+17,379574894444833551,1
8.665719994848133e+17,-3625187731279664044,1
8.691274831064392e+17,-679303210542713886,2
8.714396002790687e+17,2745084918160450581,1
8.72374073527083e+17,1455645646431090574,1
8.731243197227459e+17,445356014267298013,1
8.736230298589307e+17,730143961773477850,1
8.74534657915859e+17,2973125015132674859,1
8.746289067998372e+17,3923635491159422462,2
8.768255339501527e+17,3304122132551698080,1
8.77230271652823e+17,-1634915562379436609,1
8.803330982144655e+17,-1071662797698848398,1
8.819204957965885e+17,3186080120991307354,1
8.823387241342116e+17,-4791875273869742554,1
8.833292448893092e+17,-1713195609218892347,1
8.836502459090002e+17,-8880986293136753944,1
8.848914565986591e+17,-5876825662412682823,3
8.860565633787085e+17,-2161261498945360131,1
8.923827948103639e+17,9024566309269450386,1
8.946163759012577e+17,-8836833606830314325,1
8.953033953299292e+17,8648745360402090287,1
8.97089612052607e+17,7435340741165567328,6
8.978290161823785e+17,-3538323141340207236,2
8.985312226532065e+17,-1706355481580042017,1
8.993106202056212e+17,-2814122384588806055,1
9.007662652451308e+17,4587742023609321756,9
9.080448217340232e+17,-7201748111773856092,1
9.091001846211994e+17,978780388509376851,1
9.127021204318454e+17,403981043227749698,1
9.161866941975757e+17,-3060026998705630761,1
9.187617755328307e+17,1199624513422238928,1
9.198966276027556e+17,-2128225245327214002,1
9.200036680149811e+17,179519156211731112,1
9.220514841954427e+17,7060078301412419851,1
9.23144558011134e+17,-962480795587448390,1
9.236253281442775e+17,3340596702562216005,5
9.262483335171277e+17,8261141695222960285,1
9.275929216580198e+17,-7780074630605416417,3
9.285479107568476e+17,6800130280940002439,2
9.290356006526566e+17,-6879620924583377405,1
9.296928605800284e+17,6854829364370454638,2
9.318807003992474e+17,-5994879684323891467,1
9.345267882267689e+17,6417642211367400717,1
9.358274173437133e+17,-1077801064940142415,1
9.370847632146145e+17,8186694968910365089,3
9.383458832797245e+17,-3607902860956151071,1
9.404990858864804e+17,-500787005764461418,4
9.416631135601828e+17,-3163212933354752050,1
9.430721709845955e+17,4933323057931829879,1
9.466929922823578e+17,8830104302615856027,1
9.474390045044777e+17,-195877676833833637,1
9.489483448140882e+17,2453081353551368019,1
9.492170470781624e+17,-1167234230506573599,1
9.518537929365176e+17,4103612204426570266,1
9.539782016336404e+17,5905317122301509742,1
9.58859016700072e+17,7669655957655889658,1
9.590006835622707e+17,-4687815338686925762,1
9.60120343070462e+17,-7052049898212772956,1
9.608197258560594e+17,-6375591157012149585,1
9.612715589490156e+17,2955715557357972881,1
9.617355512747008e+17,7188790250639780119,2
9.626811765268521e+17,561404536574196364,2
9.630531914484859e+17,-1591056669905676831,1
9.634652374490604e+17,5641948730424245163,2
9.655359797496914e+17,5879243580999516979,1
9.655759523140936e+17,-6308748607014094003,1
9.67499862030848e+17,-998843785986027960,1
9.68884452050047e+17,-123362146317440540,3
9.704320873031148e+17,-3705115916845660475,1
9.718405193525289e+17,5023283923682260231,1
9.720737340970025e+17,-8107039699825222617,1
9.7321356672256e+17,3199744179999402119,1
9.735902570348093e+17,2842130379947389673,3
9.750548436257915e+17,-5434632823363332393,2
9.757483034082386e+17,-1151933022575286833,1
9.758599920405258e+17,253761571564912756,1
9.819457048128184e+17,4016498669622520952,3
9.82006345779073e+17,5009387112457119374,1
9.825503796563681e+17,8854036487675466101,1
9.83210400832467e+17,953013707351837245,1
9.845052060576522e+17,2817654610464895585,1
9.851771196249661e+17,4800870922514443400,4
9.858596890564813e+17,-1590291686438097452,1
9.862554961716552e+17,-4509968554181099763,1
9.874296635417272e+17,3363166906198230459,1
9.877569231298765e+17,-2299945827623356976,1
9.9414848177331e+17,-320218168030506557,2
9.953889317001175e+17,-543317014514704932,3
9.958998546553119e+17,8890733689051025146,1
9.986923517144474e+17,-6004511830206333472,1
9.99962406003626e+17,820537207480080898,1
9.999756569004319e+17,-2432972759921588981,1
1.0000735682297405e+18,417047972819991610,4
1.0001444954999931e+18,3437215701885664144,1
1.0004803519056323e+18,7251913822532879554,1
1.001005330720084e+18,-5718024029706770599,1
1.0011023845196145e+18,5736012786359027393,2
1.0021870508278129e+18,8006112427363674615,1
1.0022744316522455e+18,-2580921320221975191,2
1.00295639304815e+18,-3382455716684086132,1
1.003032428565459e+18,4756179062650784361,1
1.0036990762596352e+18,-7138976096000581197,3
1.0046659059582812e+18,5020872594976734408,1
1.0050380433576428e+18,-3166965722960194259,1
1.0055349542002074e+18,-8747470558050716698,1
1.0065476275493192e+18,5660249347606831252,1
1.0085655027535995e+18,-2772278116977022360,1
1.0093342939136532e+18,-1968064100694325094,2
1.010118102187692e+18,-7485096680323990818,2
1.0107576822933668e+18,-7765860619364671360,1
1.0108033324102328e+18,-5560051611273032891,1
1.0127975131481293e+18,-4368358784257233342,1
1.0138570159811379e+18,7987040146346273942,1
1.0175272013637878e+18,1114897967330189700,1
1.0180783301664072e+18,-8223008747298475273,1
1.0195507785273057e+18,-1762191793945288394,3
1.0213324508935414e+18,-305416183785778509,2
1.0232011616697467e+18,4870490815951192221,1
1.0235024774869688e+18,9203146632215937969,1
1.0239728429484524e+18,-8146456882941899530,1
1.025092373020332e+18,-2578337798266528334,1
1.0265890213870879e+18,-8205167909613719411,1
1.0272195208620769e+18,-2624345087514189992,1
1.0287856589057229e+18,3407240070349367210,2
1.029835602097832e+18,-2650725702746860113,1
1.030168330597032e+18,5339584062139249927,1
1.0303943102383677e+18,4180721351239905662,1
1.031959292100993e+18,967657301980379126,1
1.0337728642505646e+18,-6397391512305929825,1
1.0344731733566218e+18,-1643332957660279218,1
1.0356431132247859e+18,9054154510125980044,1
1.0380801922778849e+18,-5609373712996448406,1
1.0381021758289265e+18,-1904483306826206021,1
1.0392896380227748e+18,-7803840107178570313,1
1.0394386219825029e+18,-3863286446969585062,3
1.0395281613383803e+18,6540144139421877207,2
1.0399142276439654e+18,5411400874649345150,2
1.0402905707306557e+18,2814666749364201065,1
1.0406505428407828e+18,1983592898659861069,2
1.0416831404717425e+18,-4764978753718154665,1
1.0416980766819205e+18,-6751889056451941061,1
1.0441555461091205e+18,-2270937918833871173,1
1.0449093873856471e+18,5529448742132364373,1
1.0461204497621197e+18,-6884119067488629502,2
1.0464649501417021e+18,314794786745114712,1
1.0474074681444803e+18,-9171563577289080311,3
1.0474298180049838e+18,4314255495555049984,1
1.0483069494173286e+18,3450177320291762522,2
1.0489860294605414e+18,8760128398944856705,1
1.0491658769420493e+18,-4729908865005907473,5
1.0501418327583416e+18,-3738337132986578566,1
1.050637774548652e+18,-8301877056444344836,2
1.0519060121045402e+18,-8697003137732090297,2
1.0522275941651825e+18,-1321983481502476185,2
1.0525564451437076e+18,8710204053387763382,2
1.0539499220038287e+18,-3450175790272827662,5
1.0543929402970972e+18,-6217906296403006212,1
1.0544474460368282e+18,-1066332313786059190,1
1.0544919100883436e+18,5617954765352269337,1
1.0551181787690803e+18,802660841410385051,1
1.0564668452959355e+18,-6848308439595896816,1
1.0579957426552013e+18,8802724954169567399,1
1.0591799470702346e+18,-1630340698469888980,1
1.059545072797184e+18,-382501627533472840,1
1.0619786385251e+18,1880763927571761183,2
1.0638148521903104e+18,5690091567686201518,1
1.0659027622008381e+18,-6601500795221263009,1
1.0677737889081262e+18,1451678712831569027,1
1.0682510077029622e+18,4867282557299680186,1
1.0702385430485197e+18,-333810945824524190,5
1.0715575493910118e+18,1621406728750560725,2
1.072167411984552e+18,-3397117792267825318,1
1.0725474044303688e+18,-2168315244392264511,1
1.0746797970690294e+18,-7669680285720981704,1
1.0746819712536248e+18,7149249641393794216,2
1.0783541229932175e+18,3049770306707084817,1
1.0786600483505971e+18,-1534063210266843110,1
1.0829300031662735e+18,-4806259984472313183,2
1.0840440485523497e+18,-3847267996716215019,1
1.085231247985705e+18,5793384226584441201,1
1.0856060201672008e+18,5533042771024211495,1
1.0874349544877957e+18,6126429406189827064,1
1.087636850137813e+18,2720400429179662472,1
1.0878529059091087e+18,-3900730783835600380,2
1.088171586501464e+18,-5052270593433486069,1
1.0898946302405018e+18,-2872603838529001914,1
1.091089280154456e+18,8663845282443210793,1
1.0914507305972326e+18,3366295262873120969,1
1.0924616839001047e+18,5209171780627709066,1
1.093522737241514e+18,-4308898475629892724,1
1.0938971976687124e+18,-1913498864601082529,1
1.0946277799356457e+18,7342380534512766426,2
1.094921941893464e+18,-6368525607998347769,1
1.0953393915374469e+18,3657736724810044305,1
1.0985430074842644e+18,6057194859718525367,1
1.0993799935394284e+18,-1488126103415049674,2
1.0997039026588058e+18,-8506635679654004253,1
1.100776937004458e+18,-4488681423564444152,6
1.1037860669334364e+18,2104007770990660727,1
1.1051372732873933e+18,-1751480350192485379,1
1.1069151194796442e+18,-5115183065748739268,4
1.1075687610103767e+18,7450480066684849052,1
1.1083967571788145e+18,2421775680646138353,1
1.1088640379227873e+18,134728319450285662,1
1.1106834429860823e+18,3832145725660305209,8
1.1109123313562296e+18,1931780199240189401,2
1.1113627810963538e+18,-3197536667026689968,4
1.1117645766878331e+18,-991801798995044684,1
1.1121588820324803e+18,-5670197665530766414,1
1.1133384273390838e+18,3345893001174073257,1
1.1139579997422674e+18,-9120584474427190063,5
1.117401767115989e+18,7155417233585000477,1
1.11814249752243e+18,-6031829779325464851,3
1.1195689227165368e+18,-4883961274824055561,1
1.1217048274138358e+18,753774742758699160,3
1.1219118478405714e+18,-1741118637701315395,1
1.1228514646642893e+18,-560011606365910219,1
1.1264736156486738e+18,5273041749171024397,1
1.1271896850197914e+18,6104281337236575598,1
1.1272026999116063e+18,-2476859122256113324,1
1.1279385686037463e+18,-8355824719213646353,1
1.128345789212844e+18,-4855621665624479799,3
1.1292583119609446e+18,3049122211357334424,1
1.1323412034485535e+18,-6850441288796190543,1
1.1323427240893194e+18,8209540315911948634,4
1.1341896738096824e+18,9220658535871010614,1
1.1345821239633101e+18,9043690443352428299,1
1.1369832301696614e+18,-6506252158100494653,3
1.138093621989847e+18,1041272463779782760,1
1.1388228885832909e+18,2522690452628638223,1
1.138914525959336e+18,4411392499617321551,2
1.1409364491199283e+18,8273586568635745849,1
1.1409521121820385e+18,-4703185406739368707,2
1.1428882331955282e+18,5894303463196360796,1
1.1445160931654164e+18,-5924666177329917713,1
1.1445520690404106e+18,-7128934975525342060,1
1.1447101260766495e+18,7573494820666502926,1
1.1453052141420954e+18,-603064933915038783,9
1.1458640606611087e+18,-6133470378643926562,2
1.146868572666454e+18,6227453459951738104,1
1.1486932914305352e+18,-7838568369576416540,2
1.1488627360734659e+18,275802046521715601,1
1.1490038654566195e+18,3850083099261924960,1
1.1499885681961124e+18,-2633027394518211061,1
1.151238431701459e+18,-2515673376183635721,1
1.153540707606569e+18,-4229153770234345144,2
1.155142456905732e+18,1226641284588260206,1
1.1555898206951383e+18,-1462316906559886688,1
1.1566724220090696e+18,6762479912816510960,1
1.157668114877825e+18,-8224975306877793171,1
1.1583609556859167e+18,-379971998668268500,1
1.1586931998856233e+18,4349030620831922148,1
1.1590581371330028e+18,7804336616800092556,3
1.1608207309232456e+18,3599224439539347036,1
1.1610220780841124e+18,4274659811215277199,1
1.1627610659623977e+18,4843485046430411036,2
1.162794594439979e+18,2857762449584758878,1
1.1629282672606003e+18,-7787163626640368317,1
1.1645182297940214e+18,-2021076118036679632,3
1.167706994658218e+18,-5316772752181929430,1
1.1700169198959124e+18,5358625711705003341,1
1.1710306987209318e+18,1684562025290591328,1
1.172265311179092e+18,2564451227331947075,1
1.172533636027097e+18,-1613466270457911559,1
1.1731906112619397e+18,-211625868011919804,1
1.1747794655174533e+18,1749974725906658433,18
1.175159170888282e+18,8319778737324051063,1
1.1760856146194514e+18,7463464038349925645,2
1.1764805665118454e+18,2498931286855484943,1
1.1766012610697871e+18,-9144509749032674502,1
1.179370646368854e+18,5657189110770633004,1
1.1815812411051786e+18,6820708357048506893,1
1.18203482803789e+18,-8321710487595087460,1
1.182754048589648e+18,5533276390986153449,1
1.1840786389348352e+18,-3757841572635879434,12
1.185556947287892e+18,5544347490711792135,1
1.188843954432811e+18,-5195270360000756615,1
1.1894946757003592e+18,-2600114255198246594,1
1.190149202271191e+18,-7818868730584273939,1
1.190561105426473e+18,5032436788593911192,1
1.1907282214336963e+18,6844787914088402100,1
1.1946236841257042e+18,-7244622583605453895,1
1.1960106464349307e+18,-6601775813746751275,1
1.1963245896279572e+18,9104808432784860038,1
1.1963949051967775e+18,187396666781931983,1
1.1965762343078339e+18,-134786966423099686,1
1.1993138327427072e+18,-860429623208355012,1
1.2000963341178225e+18,-7239396054583972405,1
1.2001449148074762e+18,7275266708346568652,1
1.2015895261641236e+18,-5687877415927590260,1
1.2017788848338862e+18,620251723079484968,1
1.2026702912870769e+18,-6944203791373464787,1
1.2029329098097746e+18,-3984263466113757824,2
1.203442536074875e+18,5570550428776708154,1
1.205615989246845e+18,-6599850108482890701,1
1.2061028152041595e+18,-6862365768438877621,1
1.2061632139786527e+18,3820716605971293149,2
1.2069031737111142e+18,1414072730025253015,1
1.2069267281757716e+18,1801996738087421437,1
1.2069704671704105e+18,818409991347465196,1
1.2077028067837788e+18,-3359126129193179207,1
1.207943956258005e+18,3031706243149682239,1
1.2091930561902428e+18,9214372830504768449,1
1.209902244780499e+18,9161706067280393009,1
1.2114473944930673e+18,6758822275292773467,1
1.2132613164895396e+18,5494006399969852435,1
1.213494390951334e+18,-670789280849086716,1
1.214532862168449e+18,5641323077430213889,1
1.2145926092529705e+18,6539335512849961643,1
1.216064578993279e+18,7746922787350438736,1
1.2173808199390126e+18,9009877826504602229,2
1.21740663361946e+18,-181613686228299353,2
1.2178536599812096e+18,-2431668203979520581,1
1.219613578803786e+18,-7411369026400849068,3
1.2199008593263534e+18,-1898997195573658450,1
1.2206732821915238e+18,8338736168563362251,2
1.2211987507916718e+18,-4378319235924844336,1
1.2214773231087493e+18,-238810097519167124,1
1.2217746403575276e+18,-8703116249673366660,1
1.2222444480605635e+18,4095309291840008356,2
1.2226871985265582e+18,-2930415342932317955,1
1.2228731920432906e+18,9091483755212408751,1
1.2240403516751421e+18,902784932521111679,1
1.2258085865315779e+18,3449543637900204023,1
1.226965407640232e+18,-111235062041315767,1
1.2274485079608893e+18,3436741094050812182,1
1.2275921898002555e+18,-3327605076478638091,2
1.2282992962415288e+18,-639900264917693452,5
1.2284687107064218e+18,3768003209492348181,1
1.2307786070076744e+18,-5535950050013917207,4
1.2311375685882102e+18,-8874833966296572457,3
1.2315311625076e+18,-3060542298544375019,1
1.2318599286016492e+18,6983633422691852882,1
1.2322507728821821e+18,3189283485408042454,1
1.2322653916673188e+18,2800402468915613829,4
1.232367938096816e+18,5141220591737182136,1
1.2328330921650217e+18,1807720027974279620,1
1.2334621703164273e+18,4378150627494583988,1
1.234125337585496e+18,418250939106474230,1
1.2342254510249083e+18,-5205408537305010125,1
1.2343682864035635e+18,5907431116361737448,7
1.2353101382123889e+18,-4367587608716628211,1
1.2356255819135304e+18,-834790499218649343,2
1.235640428189401e+18,-7560940688645735707,1
1.2360401642726728e+18,5784006852353518092,2
1.2366559692763955e+18,7640839881817208077,1
1.2371342719927378e+18,-4038501210576391044,1
1.237396207149781e+18,-1668223418523456838,1
1.2378595492241654e+18,6124290525321500876,2
1.2392077773707674e+18,7053562823447766612,1
1.2394284124369715e+18,1977874939820651943,1
1.2398689459869245e+18,5284597292877773224,1
1.2410411956204995e+18,2369768501197161780,1
1.2412954334750024e+18,-2317845564965767815,1
1.24142700414421e+18,-5774514270636934673,1
1.2427520904113562e+18,-312473227988421549,1
1.242927369259815e+18,2353731279750824301,1
1.2432319635169853e+18,-131764741225208807,1
1.2432320385991311e+18,-9063876041678837072,2
1.2432741962197647e+18,5948069756530239283,3
1.2438918253725286e+18,6515438972070596730,6
1.2439853029659443e+18,8955183324642329703,1
1.2456148903765484e+18,-6087176587207930715,2
1.2457174948637245e+18,782976840713798218,1
1.245802584113324e+18,-5661234481827360378,1
1.2475112101211996e+18,-4413542261294093675,1
1.2478558142720778e+18,-6075757619735629627,1
1.2482243971958702e+18,8930331984926489658,1
1.2483418357702e+18,-4808001260534170828,1
1.2486405450077676e+18,-4337527117105072784,1
1.2500731648828703e+18,4088550610192052705,1
1.250443323728429e+18,782679240969961138,1
1.2511492940248105e+18,1513438266405915923,2
1.25118780375031e+18,-1839466738596077754,1
1.2517514722383954e+18,5395543544253680111,1
1.2519600818156503e+18,2462946811839262198,1
1.2522986686292623e+18,2219898214819219980,2
1.2530766140884787e+18,2080432245411405643,3
1.253417219028947e+18,1307753060442421374,2
1.253845799127171e+18,6407517625277401686,1
1.2539820388746322e+18,3255354559775975137,1
1.2544953648765092e+18,613792698682653298,3
1.2547897169577738e+18,4362360559252162698,1
1.2554345503998607e+18,159180960830191909,7
1.255526457109078e+18,-926090992805403622,2
1.255832365454127e+18,6387920277654646900,1
1.2561654640840417e+18,-2073311185898958258,2
1.2563366178721628e+18,2556634919011839742,1
1.2563554300302828e+18,-2995547112433997598,4
1.2569506060838298e+18,8973564026299439250,1
1.2570326619541135e+18,-158187213978303032,1
1.2576271354365215e+18,2398656931976360433,2
1.2576465755533148e+18,7485792033598552,1
1.2577613546535895e+18,3009978350357458139,1
1.25869182208546e+18,6366794691031818513,1
1.2590645382149366e+18,-5522987988060718036,3
1.2595954053288591e+18,-8358103158460843684,1
1.2598603111186145e+18,5835648216202498584,2
1.2598634002109317e+18,-2015103067170644355,1
1.2599393492458988e+18,4708869103577669684,1
1.2601544065589944e+18,-2124763864746362164,1
1.2612568974889615e+18,-524409347176713544,1
1.2624037182192148e+18,8601098337981315308,1
1.2626720831186985e+18,8561652719833302057,1
1.2631081166291395e+18,-7692555716448419166,1
1.2632234545491272e+18,84301078605301595,1
1.2633945664991928e+18,-8355789058893835567,1
1.2638967118958428e+18,-2545497361194249180,1
1.2643313657235374e+18,6429855301128672000,1
1.264829224688509e+18,1437501698651107865,2
1.2648935537104527e+18,-3812527129609681332,1
1.2649897827839877e+18,6301060615872257708,13
1.2659085971097231e+18,-4837292748661517926,1
1.266014083381371e+18,4121675743810140905,1
1.2664009495153336e+18,-4375727323011604950,2
1.2673819365756518e+18,-5753520303611053850,1
1.2678889622297354e+18,8659123226395041164,2
1.267952324489687e+18,7533566073619763641,1
1.2681386919203758e+18,2826529332365473542,2
1.2685740747642511e+18,-481354501598640978,1
1.268646126149927e+18,-5087792327750652786,1
1.269054257187246e+18,-7240812494069199305,1
1.2691974275103334e+18,-7913972694078432399,2
1.2703091399531274e+18,-5137188534832933470,1
1.270714225376166e+18,-4273718606435871223,1
1.2718401837895025e+18,5340034470838401140,1
1.2728925561420964e+18,9101063436130342661,1
1.2730047098891305e+18,-7694207167276576184,2
1.2731881472753664e+18,-6622352384001740847,1
1.2734682011003494e+18,-554446075785529314,1
1.2736368287556977e+18,209231628396913298,2
1.274794738345001e+18,-7239891963000965401,1
1.274882396761002e+18,6382239447086594501,6
1.2754530233601884e+18,-7985280315478945542,3
1.2768279441414144e+18,6314382014902021370,1
1.2770001773630996e+18,-712816079837447950,1
1.2771439345322926e+18,7798511509845275462,1
1.277316882002051e+18,-3152163161947955563,1
1.2781280129622098e+18,-7772338326651605335,1
1.2786868450025595e+18,4195245238952659562,1
1.27869615209182e+18,-4154813096365524296,1
1.2800799871655772e+18,-8308137459737168131,1
1.281129564761133e+18,3350289631875821610,1
1.2811687548529254e+18,-409037126271678512,2
1.2822606846932173e+18,-2318368705485339302,1
1.2822637614082007e+18,-5691607589445031382,1
1.2846340448320225e+18,-8866985523043490837,2
1.2848088470482862e+18,-3334968508630131214,2
1.285573429702398e+18,-480358684858192752,1
1.2858662377262612e+18,-8756588575606652900,1
1.2859872777982812e+18,2968487481683722453,2
1.2860738031902802e+18,8967163618901180033,1
1.2863839578235863e+18,-7753494882634701550,7
1.2866434296871363e+18,-3098531648381173142,1
1.2880861118065213e+18,33612924944840162,1
1.2884051257115935e+18,-8450133191396913268,1
1.2895088471960248e+18,-4576145101885787937,2
1.2914531588168745e+18,-3879731629903820833,1
1.29242028748988e+18,-381515034423695098,3
1.2935474886376038e+18,147783991004263447,1
1.2960281528719565e+18,5879337917160281417,1
1.2968089893055775e+18,-215880407438335900,1
1.2983473553312317e+18,7145261904034327931,1
1.2984036890073825e+18,9057725643482401268,1
1.2993321444315996e+18,7101531604331315503,1
1.299377062029996e+18,4381270336868541176,1
1.2999952302682604e+18,-5603798674265835758,4
1.3004107812600136e+18,7227889938853025173,2
1.3004233383519068e+18,-353768110183851417,1
1.3005543836803277e+18,7632878518226578194,3
1.300696961079808e+18,4336125927311185278,1
1.301291611192787e+18,-8512715481013423486,1
1.3022289020148408e+18,7786021191552990248,1
1.3033840458967736e+18,5022222456548095156,1
1.3036314781699727e+18,2007752816993934791,1
1.305152345882407e+18,5684360427185088820,1
1.3052876203947254e+18,-1291258665072293564,1
1.3054670108439142e+18,-828604770539335163,2
1.3055819132148e+18,-7959941081558144431,13
1.3057906311056957e+18,4810929399698420666,1
1.3065652977306583e+18,5688175735789174232,1
1.306883362750161e+18,5825618640003685119,1
1.3086511577667052e+18,989826275682424228,2
1.3087570980592271e+18,2605937253924512086,1
1.3092420650548183e+18,-6073773722544416513,1
1.309541586896814e+18,-8428342385445230428,1
1.3103256050497413e+18,8373906861490267049,1
1.3105308785783276e+18,535239241922741310,2
1.3112049925110292e+18,3188486616745663295,2
1.3123412553016156e+18,-1654665983926445676,1
1.3127837852184535e+18,-7165891731366211782,2
1.3128580973004063e+18,-6610629489205526892,1
1.3130770209229824e+18,4155014809989553603,1
1.313465888826327e+18,7404540992284148146,1
1.3139524759096852e+18,-8501201885203495479,1
1.3140742169715917e+18,7705058442933168763,1
1.3149472918753403e+18,1590757970917071600,1
1.3150409081660252e+18,1050638103271473213,1
1.3153237215912632e+18,7654363005568928955,1
1.3153779149098066e+18,-306433136309635613,1
1.3155717410250957e+18,3063544802073446654,4
1.3161244155712225e+18,5261542817129429093,1
1.3167234961862533e+18,-5280224940054078451,2
1.3168910950837166e+18,-2051234108365364125,1
1.3171483931945329e+18,-1337639249298350439,1
1.3175084800566272e+18,8176942547396306907,1
1.3175179167792742e+18,-2342677850933988417,1
1.318228426101158e+18,5964493352347866040,1
1.3185740868559954e+18,2610098806883557495,1
1.3186264539955732e+18,1367076314322760044,7
1.3191942537472573e+18,1870198253691302081,3
1.3193937329664696e+18,-5532920263416504553,3
1.319590490212307e+18,8118826997140566117,3
1.319906188914512e+18,-2642816577508644960,1
1.320459802108113e+18,-4704738646843636232,1
1.3212086025693553e+18,-3076557979780543782,3
1.3213832500325458e+18,4998349869917983856,1
1.3215457990844826e+18,399206675914386048,6
1.323226411050668e+18,-1041432181670864509,1
1.3237070769048904e+18,3475686390337661527,8
1.3237140474984735e+18,-3566187826596553405,1
1.324108767022166e+18,4045404164812754651,1
1.3242642728479293e+18,4650757997544393933,4
1.3245420650411172e+18,-413359901551285190,1
1.325137754297135e+18,-8678579246293073062,1
1.325217003968336e+18,-4941726524660307246,1
1.3257517283865682e+18,2389789776974861817,1
1.325790422854234e+18,5430072634105078094,1
1.325811912513368e+18,-3115382937628226876,1
1.3258911820823224e+18,-2657609918190634176,1
1.3263448752735642e+18,-3071270232038437230,4
1.3264063810717164e+18,-6764646831937160844,1
1.3264416402994668e+18,-9202582870342142566,1
1.326530785059332e+18,-5487741705573461976,1
1.3269608630315172e+18,3191407264840384652,1
1.327663970518446e+18,5946226507316348403,1
1.3282621878576824e+18,8974574788815270226,2
1.3286693009164165e+18,-3786369829307566982,1
1.3290478965289247e+18,-8788507903515516194,2
1.329464504850264e+18,6865703639867168197,1
1.3294908675105178e+18,-5538823495562286749,1
1.3297401152252887e+18,-2849861630429077011,1
1.3297932839131177e+18,-3248733684761681579,1
1.331193974388822e+18,-601167976348721471,2
1.3321417202727322e+18,2196892145186215951,1
1.3327278107760353e+18,1166699038554133345,1
1.3327771123029852e+18,1794048674713052224,2
1.3333686321397842e+18,-5850600586656136721,1
1.3334402462273577e+18,-5093857054422303323,3
1.3337318649353257e+18,-8606919163468853805,1
0005sebas,-6184530647487924847,1
00ch0i,-3081449782669894323,1
01distribution,-2503700989546328668,1
01roberti,5976807918712879935,1
051sasha,425620548780437175,1
0t7kook,667603400171557607,3
1000sfumature,-2147660957626368120,1
10babi10,3970637651777637019,1
131easy,7085895655578625740,2
133_hobart,-371871904198045103,1
13lvdk,2207206811017371886,1
13mari81,-3503225788483528476,2
140177pilar,4632015202905003473,1
1522npu,-5950915438880598338,1
17_witdahoodie,2504946564039052555,1
185looksshorter,-7091559452129405302,1
1926_cri,-7403581585512070960,1
1950vittoria,6230455809063366457,1
1977slc,9057002988901013792,1
1979wolly,-1364472810876755150,1
1981raffaele,-7402010663724727271,1
1984maverick,-2362630560694651376,1
1_savic,4985183682098024193,1
1dxlmao,-4743030047870596106,1
1emanuele1,-3029986496386418252,1
1emi1,-6577439495008093342,1
1marzia2,-6294054330284993249,2
2002mmad0691,-7052441097435742922,2
2018ria,1508039590616497069,1
23minuti,-4857267775121255587,2
26julymovement,-2229293633841410166,1
28straightvodka,1295247048763578494,2
2dblahblah,857290423752520015,1
2minciub,-5341563625824542660,2
2ntmglm,-6969700626636583486,4
37buttercup,2887938901382665835,1
3dc8,-5528207590387490667,1
3rachasoob,3980890344341660398,1
3rdeyejjhwgi345,3457127210879922033,1
3v3rgi0w,3880298762096163104,1
404ics,-8769554915628327300,1
470simone,5213898088526716094,1
48482f1fe4c9458,5858502752021764172,1
4avecmoi,2841156881988509859,2
4ldaaa,6988498382342471188,2
4lmostlove,-1715223633983200026,3
4wkward0range,1425291148578917643,3
500dreams50,7130739259302099574,1
51inif,2693147132509327263,1
539th,7074525746605297457,2
5enni,-4558588041074510053,1
5gitaly,-1187434068192283717,1
5ladsladdylads,-2433463516689559356,1
5to1_,-1195303127220288912,1
5vieartdesign,-4553789010298737204,1
672cilia,665038406822780164,3
69_fbianchini,-5021660727832661695,1
6d7198da751d4a3,-5607489871736088716,1
6enad,-7818807693724097608,1
738adm,-7511439608178049163,2
777679s,-951773701724531242,1
80snobperrie,-1004034382526071566,3
84moelsaba,8909990090826922928,1
84squadita,-6329241613215320667,2
88lutor,5740562448295566369,1
88valery,-3593826899545489485,1
8_heidi,-6969592113990442524,1
8x1000valdese,-4877603445461303862,1
90svzayn,-3536585062709752185,1
93hoba,4751947626087905078,1
93rainberrylwt,-4324811766261329174,1
97fe67cc845e42b,2352620976242254012,2
9o9oo9ooo_,-3650101271728152999,1
_13acuori,4424889093499204183,1
_______unagi,6243117889805193501,1
___bdsm___,2642228129738993183,2
___cre___,9110404585304304080,1
___gaa__,3092376205819931394,1
___hayalperest,-6143018170319534579,2
___kr0p0tk1n___,-8898174818154089165,2
___lotfi___,-3444839468745200299,1
___marika_____,-8776547869353325929,1
__aboutansia,3670708945492352432,1
__bread_____,5622115096932935869,7
__fausta__ld,4905840252561772982,3
__fluoxetina,-6580432992002655204,1
__giiorgia___,-1388479985918660517,2
__house_md,-155167831862351997,1
__idealista,-2197671811600464976,1
__imsomeone__,4179253808582859762,2
__occhiprofondi,2037367053299080375,2
__only_angel__,4782207637846594126,1
__punkcake,-6529472178210651422,1
__rendezv0us__,3999437471006553106,1
__sogolden__,7944497701877553472,1
__suhflower,4033269627577463312,1
__tooyoung_,-92050707212904165,1
_aaanto_,516815877467487192,1
_adocchichiusi,801292804538576461,1
_ale_1804___,-5808068890045077872,1
_amaliagrimaldi,1569387935796259985,1
_annxwalls10_,2909178442272200205,1
_apologiess,1542439347258453071,2
_aryanpan,-1958762912611014827,1
_auroraah,-3968816982009498343,1
_becauseofbts__,3081134547183598014,1
_blackpinkita,6068532932472619253,1
_blankpage88,-7887368391450169197,1
_blondage_,2094309538977882543,1
_blublublu_,4215452115586353697,2
_bluedaisy,7704889609152988552,1
_bluelights_,737303341775553212,2
_bord_eaux_,-6550185517690527760,5
_bubec,-5180388148488388808,1
_bufale_,-2136810587144587958,1
_caos_calmo_,-3146616744535264470,1
_carabinieri_,-8417577652812847383,1
_cherryblvssom,-6195933948447725629,1
_chiaraghezzi_,-6191472692742175130,3
_chimochi_,-4766948651878686681,1
_claarissa,8272460955081510683,1
_collidere_,8921542496467695847,1
_crazy_freddie_,-7622518601356606106,2
_cusy_,7315675926068259922,1
_dadino,1759454091328763180,2
_dagospia_,5556495233329062559,1
_dallv_,-1832113064353568228,1
_dani_ta_6,7184148879807411572,1
_diana87,-4934201922319574976,1
_eliwalls,-7821281517081452022,1
_elpsycongro0_,-8400719990967324738,1
_emanrufy,-7651126294432047610,2
_enz29,3051414273834207598,1
_evans_stark_,-1458796134957682149,1
_exgel_,-1411696342701035861,1
_fearlessxotb,1691329360651447235,1
_fearvless,-2964054859626317065,3
_fed_up_,8650533798699609563,1
_federicahere_,-5728079474576306413,1
_fiandri,365998813125916458,2
_fineassdana,1545179638887099251,1
_fookincarrot,-9124108581706101195,2
_foreversissi_,-4816348017974109801,1
_gabbybonafe,6207646947369732347,1
_ghelipollas,5366120794093981137,1
_ghostoflou,-2093971398180197203,6
_giorgixx,9111752080051588155,1
_girlalmighty_x,-7306432638877567879,1
_giulia__b,-561255980331036347,1
_giuliafuoco,6747894493921604085,2
_giuliastyles__,-4631006750280316867,1
_goodtime__,4453504490304540504,1
_grandmaduck_,-4486133829368725210,1
_graydorian,-2586326233225132718,1
_happily11_,-5241596746358952005,2
_happylou_,2029605128773228668,1
_helinyetille,-7055822529967023876,1
_hemmongolo,-2073510299230784037,1
_hikariare__,-1458254415188761998,4
_hipsterico_,7709927006137766070,1
_hugmeolaf_94,-8000066347574100656,2
_ilboris,-5441043633921908115,2
_imeli,3332650106509589836,2
_incasinata,-1509494818947659567,1
_inloop,-1856421744622614546,1
_jiminsjamss_,7303910603641806754,4
_julia_gm,4573919713987926410,1
_katiapa,-5269740760060522139,1
_kuball_,5015338563076040683,2
_listen__linda_,4841647064274066457,1
_lizspier,6065658292857290635,2
_lordjack,-7371227298157584519,1
_louna_jordan_,-2636199563351899915,1
_madameclark_,-1179191547944103406,1
_manu_41222297,-4154821681169319662,1
_maparliamodime,7471026601822143973,1
_marianadiass,-9150101360421991237,1
_marjuh,-6352735779477311671,2
_marlene1265,-253910128630936108,7
_marte19,1677175574367713485,1
_martinaaa___,1530033504880567829,1
_maudelebowski,-2941342298992469874,1
_metcequetuveux,3148185375119670325,1
_mrwolf_,-6429468277025359216,1
_nialltiamo,-8800389330348084898,3
_ovunquetusia_,3697796153963756101,1
_panfix_,7327953567564580286,1
_paperino_,4486516158459847280,1
_peacewillwin_x,3142515095995882885,1
_perla_nera_,4905812346479091430,1
_poisonedun_,-5438074797975781452,4
_puntozip_,-6237083048953597149,1
_resisto,-5918507258238043802,2
_rossodellerose,4068894379229266154,11
_saidisaudade,7276002823250615322,1
_sameyesblue,-433380964084319639,1
_sarcaustic,-4857982279955655397,1
_shadowofmyself,7737993953370604808,1
_sherbatsky__,-5618761722296510531,2
_shintury_,-8396220199979495983,1
_solotette,-4895948740826682900,1
_soren_dgy,8101921813734056386,1
_stan_account_,-7822691815295691999,4
_star1ight_a,-6249530070269085199,2
_starfish23_,-9108637939812545293,1
_storacealfredo,594242336216359544,1
_suikaa_,7182071757909633721,1
_swiswish,-9177635533758815652,1
_traccia_di_te,1156327615302897713,1
_tresa9,-4491972675625353173,1
_tryxy_,1458784286124357882,1
_unstoppablexx_,-7040783915828750724,1
_veryloser_,5302659994109686432,1
_wandervlust,-2189666513393576916,1
_weiwvxian,3559268609992865648,2
_whateveritake_,7471307820216585591,5
_xitswinchester,8755680399563084996,1
a42nno,4962541917655631812,2
a54602b29b5748a,-9163684756428778733,1
a7siralex,5196327445662529225,1
a_cremo,-7909551574847556384,1
a_dkssk,-4261376182075465718,1
a_lisacorrado,-6092839747878004618,1
a_mez_j,5895017330484623080,1
a_ttaccati_,2063994090268987513,1
aaddario66,3328387698323313562,1
aafriendzoni,-1368145645742573294,2
aalesdro,8547978753726698725,1
aandreco_,4243343506546082890,1
aangelffalls,22217108292515339,1
aangellbright,-4086873591997999569,3
aaurorastyles_,-4970535311184525972,1
aawkward_,8684767493046155030,1
abatecapitano,6743298900926614830,2
abbracciamiora_,-5734585486801366977,2
abc_es,99768185847556020,1
abdaik,1789521234641365224,1
abdelal07173385,-980196399613997740,1
abdullah_snr,-699583588298647621,1
abdur_rehman26,5601343029441612666,1
abehcedario,-5878939157995279041,1
abesibe,-4920581148848929040,1
abookshadow,-7791571991125251449,2
about___lisa,-3424691452248987638,1
aboutgioo,6213780238408309110,2
abruzzopost,1794101457137052482,1
ac_funzioniamo,1821678973294617292,1
acastellani69,3758665504084910912,1
acazzeggio,7746160244068108312,1
accirtgds,-6825127402123197443,7
accirtstaizitto,3977365051118163698,9
ace0395,1329726881072468578,1
acele96,-95679700529368758,1
achillaxdimples,3582398667225634113,3
acido1795,1463634214825934084,1
acistampa,-7552430695485865724,1
ackermoxn,4330155229010926644,2
ackxermxn,2365126484569488466,2
aclaysuper,-648565864590493827,1
acmattiia,1757982739845392685,1
acmor3,-6654620644847888907,2
acorneroflife,-6963739099302193861,2
acquapann4,-3908263420153603101,1
acri_ufficiale,8249401461300700515,1
acrosilla,4445151599099672153,1
actmyagv,-6519860522957505901,1
acurino,1309560412102420177,1
acutewhale,7334531143999222595,2
ada32016514ada,8427627279738554785,4
adabomboniere,-795905225132764958,1
adamantinacecia,3628885174119684977,1
adamsinurat,-2139721282622463592,1
addawadaie,-4650962993588160229,1
addicted_to_em,4218413644119339817,1
addictedtojoy,6122400462928426314,2
addisonraereal,-8292327105874970,1
addivinolaanton,5675301579999821910,1
adelaidejb00,-2001936615944957152,2
adelchi16,-6078264284251455258,1
adelinaprullo,-4873187497408864406,1
adeliomoro,-3377765663503567060,1
adesadessanctis,-6505354767407615090,1
adessocm,-5290335641871979754,1
adm_ackbar_1983,-5133434591346217503,2
admaioralu,952488560494627816,1
adnkronos,1235136259847607542,2
adonellav,-8153376924236656782,3
adoratore40,8561025996243714110,1
adoreviou,-6307461683252498656,1
adorvpaky,-3713843878872929264,1
adowasser,-8029791066163886850,2
adri19510,-3969217464984833143,2
adrianamarello,6318847375969754900,1
adrinvtte,2183080188354143783,1
adrnaimanyy,3304338634237006168,2
adrose_,7120062004309037916,1
aduecielidame22,-3437601515097396833,2
adult_xess,-942481846495498771,1
advocateindian,444090923430514891,1
aemilyhp,49750871570127253,2
aeryssxx,4373834819577849171,1
aestseh,423746121957035177,2
afardello,647849256556945934,2
afareche,-7830783215951212109,1
affansambo,-6986508257973538052,1
affariroma,7579238723734472071,1
affaritaliani,-6285438307221166734,5
afool4walls,6560938950647037367,1
aforismiwilde,-4400288509436352440,1
aforista_l,-1497081876449136488,1
afrocialisse,-2010187610087673645,1
agajyn,-8027208213450780571,1
agcultnews,-907700383631524318,3
agenderbane,4320021590950615866,2
agenparl,2797372671894877366,3
agenzia_ansa,-1875512332883905248,2
agenzia_italia,-6368538193742003578,3
agenzia_nova,-8468593072966957569,1
agnesenegrini,5723142855944769802,1
agricoltoridei1,6661597044234507576,1
agricolturabio1,-338707976934949674,8
agriculturait,4719921738985576067,1
agusazzoo,2462627575558767807,1
agustdaniela,-495484783552935606,1
ah_okay_,7823006038156832593,1
ahfod_0804,5473561820931919842,1
ahnonposso,-1567941811102162466,1
aida52106715,8461345026166490346,2
ainix13,-4224915826251735951,1
airassets,-5143264293244717043,1
airolg1980,-7910378991596444959,1
aitorusart,2674728955489621147,1
ajeje_brazorfff,8336745139964517417,1
akaranoel,7414900431130677881,1
akiraelrien,-137197887593190733,2
akshsoab,6382288927201641942,1
aky_skin,-7214355394041696250,1
al3ssiomilani,-4565880427413155484,1
alaiaserrulla,3767112753788988475,1
alba03661914,-1041063556139683333,4
albanoka1,-2238613745030502625,2
albegra82,-6504886619131857655,2
alberthofman72,-5790054988714867296,1
albertine2412,-5454948589317777524,3
alberto19141883,-2162636221029749357,1
alberto35274557,-145236112698818720,3
alberto61153413,-2665151149395372304,1
alberto_cozzi,3213871214624228613,3
albertobestetti,-5392138111234641389,1
albertocarvani,-9114760903960586444,1
albertolanza10,-1731630956121678874,1
albertolupini,-1963907667664174488,1
albipezz,7842580548696627126,1
albmag,-7516983969677705552,1
alcarboni,2535138644586174073,1
alchiari,-6702655724845144207,1
alcossu,-7774088996934687736,1
aldea_ruth,-8808506037991822799,1
ale4_real,-818986594268424425,1
ale79friul,-4997973653102464224,1
ale__kuz,-8667772391599195624,1
ale_alfa9,-6647426517638731669,1
ale_cimm_rr,-8084021099827731211,1
ale_cncc,-77466839258641601,2
ale_giannoni,7714971289778595051,1
ale_poggia,-9067269789541824756,8
ale_rimi,1219811246039748232,1
alea88,-1738655492702664259,1
aleblakee,-3323267762906338433,1
alecica32,-6324412530280326936,1
aleconoscenti,6844467194251031789,1
alecosco80,-4294044462749863776,2
alecsiix98,1466898681284916281,1
aleeffe,5017052956677628960,1
alefabbriha,-8444789228101419147,2
aleinzillo,8164665268582865244,1
alejo_lzco,911913064800085637,1
alekseifournier,-4269243652654257358,2
alekslepri,5381112353685701884,1
alelanni14_hub,-1418706829085386266,1
alelassiter,3030260905821457376,1
alem311001,-1074362789531644384,1
alemaggiani,118405479034009461,1
alemagliaro,6298942417163597067,1
alemoscetta81,-8075556109886533343,2
aleponzo,8463663982709914817,1
aleredstone,8887925292986638784,1
alerepossi,-6446104413635881653,1
alessalex36,-2342840845454693536,1
alessan02865224,1929095330949399678,1
alessan10402067,-747944013572034034,1
alessan13775500,8110928119650943959,2
alessan50612358,-6333936830159055707,4
alessan87260891,-367092268365526545,1
alessan95771235,3057695314642613669,3
alessand_mella,4680020824925894434,2
alessandramq,1987495495669375231,2
alessandroaima1,-2492184201419003735,1
alessandrodamo1,7755247480966730126,2
alessandromagg4,7486215795886182335,2
alessandrovell5,6066488348821701661,1
alessia04203677,-2754603146526631771,1
alessia433,1355085665910696377,1
alessia88235815,-4525011178771761509,1
alessiaaapl,-7050011284817545087,1
alessiaagali,4123365690804924578,1
alessiadg021,3098913194084718522,1
alessialachi,9218215933016561381,1
alessiapiccin95,6245904932560646276,1
alessiaslorenzi,6261724085669731019,1
alessiastanelli,4550567239877399492,1
alessio_ka,4242341669379401717,1
alessioffratini,-7516511659065487104,2
alessiogarda,-2433923722511750390,1
alessioparenti,4697381174528200810,2
alesssssssssss_,1429818441844949238,1
aleswtmix,-4425053153314643357,1
aleszczinsky,5819646905065420971,1
alex_m_84,-3893371395090215005,1
alexander83dj,3799171731627341611,1
alexandervirgio,857035522293603293,1
alexandr4ke,-6656514417543895000,3
alexbrana2,4392910483286561031,1
alexcobra11,-5737360188158081829,2
alexischekkour,-3430485735199963997,1
alexiuss11,6170006048483182582,1
alexm101,-6445864033124860028,1
alexontheblock,-1775365546602665389,1
alexserratore2,1890638309826739287,1
alez_27,571611191304417997,1
alfa_phi,2694648448381006720,1
alfio742,6784076018922437615,2
alflamamma,4694668890837788762,2
alfonso0070,2511479423405160158,1
alfredo_easy,8035132605833681626,1
algida74,3189790599960701328,1
aliadadelosta,-7544166607901780630,1
alice_van_pelt,-2064263394577621692,1
alicecimbalo2,-1337401366943422628,1
alicemaietti,6708233597238488119,1
alichiuse,2471990079695534644,2
alidisamb,-7627558186093070846,1
alienogrigio17,-5372635373068547289,1
aliiblaake,2396541820556283368,2
aliloveslou28,-4730010975144167341,1
alinatede,-8832295618643566178,2
alinqtee,-3186027419740079775,1
alisgrimblehawk,-7570995770290384327,2
aliskayz,3284338967742632889,1
alisterxs,3436211094601268012,1
alitalia,3263430338363201130,1
aljcexdlibyh,-5819119365791663233,1
alkhimiyah,-8432369778202934031,1
allambrabo,-3326584014094814293,1
alleantiasrl,3306055714206713698,1
allebrande,-2134924788281847347,1
alleemac_,-145624497260871580,1
allevilaura,-2785290138629777912,3
allielemaire,-3480569868731051265,1
allineedistrash,-2021681979715276689,1
allinthis4,6151284361568195099,2
almightyxlouu,-2043874602125626663,6
alogico_m,-6475115567172150915,1
alpacheegattini,-8681453675421825234,1
alteazucchini,-4231493950835540126,1
altemaree,-2379349688153867288,4
altreparole,-4352584763875784616,2
altvough,6439499254247075415,2
alvigini45,-2310239241271129233,1
always_louh,8050058014549494006,1
alwaysdaniela_,-7171506861212902450,1
alwaysgiugina,7487093055002694175,1
alwayslouishs,-1844635235216300613,1
alwayslouist_,4236847403742803802,3
alwaysmyrose,8096386175353417071,1
alwayssharryy,-3623237564905434691,2
alwaysult,2899597292977552626,4
alwaysxzouiss,-6918325465502722522,3
alwayvsslou,-7341532851560849742,2
alycecappellaio,-6094834918126495446,1
amaliablanginoo,7762450331087132881,1
amantilibri,-4195387750454523410,1
amazonfcanna,934379674527063728,1
ambrakey1,2863106121488630878,2
ambry_xoxo,5539425241420919142,1
amedeo532,-3645632289609397554,2
amedmtz1,-8848398638979160070,1
amelioisabelle,4300170606241957350,1
amendola9971,-3366709392037657093,1
amicakimberley,-3104077138320920804,1
amiciditaliareg,7780455785338997357,1
amicodimilano,-2525053213098487654,1
amita_007,8910958575497874869,1
ammazzatemi2,2589535074726669337,2
ammifra01,-8529295906870322026,1
amministratori_,-5706789132440114772,1
amnesia96225614,-5891830453105302312,2
amo_najwa,4392497019799807907,3
amokamok7,-5658746895468035919,1
amos8125,-2146170952677718650,2
ams_kohaku,-9174511069043243554,4
amym4rch,-2413373406665731015,1
anaclet53896600,-7021415904532466372,2
anadono_,4212941605780161739,1
analfettivo,8971886632986029790,1
anandol64,2364146227860874048,1
anasbukh,-1066921782613052271,1
anastasiore,5229559336764905005,1
anbe_goes,-7417633122818821646,1
ancona1969,7258673333837873634,1
anconafilippo,7029371448494895415,1
ancorajanee,-6468077953112000211,4
ancyancy15,2016534499172639371,1
andax08,6759452593594832897,3
andemdem,-7708483006698201990,1
anders967,7268733515252362980,1
andesa63,1075829026148667007,1
andiamoviaora,901022836478359598,2
andrarma1980,5025132371473122266,1
andre___22_,6711217489023070144,1
andre_inter4,1182550126308260370,2
andrea07676623,-5367062019456960000,4
andrea606940635,-2195596439561316938,1
andrea751201,125520143359421936,1
andrea_ciardi,-3773213541445143152,1
andrea_ingria,-7239214651020176079,1
andrea_lorenzon,3632643474539409403,1
andrea_passon,7767447313670774529,2
andrea_pecchia,-9062502668222853449,1
andrea_v_73,2513386947594287501,2
andreabertin8,6496381569007776150,2
andreabonturi,-6791122805901104671,1
andreaconsonni4,-166737720457792747,1
andreainternews,-1905536606261029643,1
andrealompio53,9107770827873660303,2
andreaparre87,-6658211968497034611,1
andreaquaglian1,8497023340109306151,1
andreas_00007,2373661081387810024,6
andreasimari,-3619945921693183217,1
andreasso1951,-6988091564360789164,5
andreavannucc10,-3979996401122364130,1
andreawbenn,7496192157921524442,1
andreazeoli,-6752837630228344025,1
andreetta_elisa,-6345123965991630807,1
andrefaccas,3553260663151459032,1
andrei_abere,2906399953320969298,1
andreirp89,-540991202195494755,6
andressa_ell,-4617020187489829961,1
andrew82378014,7390964083789174100,1
andrewfakee,-5904507737831348080,1
andrewmcgiven,-7185422985862188728,1
andrewofsaints,-7763211298286294768,1
androidworldit,-8163032584685625245,1
andry72169274,4003438444825797222,1
andtherewa,4184096866183571023,3
andyesti,6649847847300766248,1
andynik9,-8896963301461267300,1
andyphone,7569066026476797665,1
anelasticheart_,-6859671813871653835,1
aneroblu,-6029052927225384401,1
anesthesialc,1280918270942328141,1
anfetamilan,-4715500771635918360,2
angela79248101,-3642667671153525689,1
angela98465736,-4642422210433127158,3
angela_torrisi,-7948354014449386450,1
angelagianoli,-1501058904048923580,1
angelerrimo,1263886643041134074,1
angelica_vian,-8950722336509175249,1
angelicac95,7134411800959650073,1
angelicadisogno,-123344252963576960,2
angelinidavide3,-8593312139517686197,1
angelipaolo,1614208852385008019,2
angelo196065,1318449288467966551,1
angelo68903850,1721147999575812847,1
angelo79787229,6927824941339159738,1
angelo_mb,441737562695164957,1
angelo_ra_,-8256742094460562057,4
angeloa91693621,614563603505746427,1
angelograzian10,-5305729267534941497,2
angelorosa87,-6977851542161212031,1
angelowolf6,2346366594828701598,2
angels_883,3836920698066135236,1
angelsgriffin,431358007098697692,1
angelvhar,7623544839330645787,2
angelxonfire,-6984317025009905666,1
angiexgoldvn,4416895982364405910,1
angistyless28,-7844194570253897841,1
anglesegiorgio,-2766108982344337504,1
angrybear91,7174703675846995791,1
angyrich,-429892958303082282,2
aniapii,-6677138899221449748,1
aniello7779,4887012624378574056,1
anikeatable,-1658325763021411484,1
anila_ballata,-4022079026340180763,1
anima300,453336207720861300,1
anima__fragile,4313265917004373447,4
anima_fragilemb,1499302815969958400,1
anima_ribelle66,-2597982003823146285,1
animabuspereunt,2689046117508535632,1
animalistiitaly,-8394247920317058005,1
anipio2,2845050202088793032,1
anisbear,7774969388248593642,1
anishlasty28,7965035606980806053,1
anitram39126789,2140092544093447446,5
ankorav,2234155704086448708,1
anna26648966,349447664711441480,5
anna30048679,590677421892432434,2
anna30937505,7352994991204618322,1
anna91874,1010231447241106880,1
anna_sorbi,-415164475123285557,3
anna_tpwk_,4667603138481583975,2
annaaxlou,-3680033200888275131,4
annachiara_27_,2736043067889131893,1
annaconla,-1812366338491322736,1
annacostantin18,5177536878140221823,1
annaculture,-4096820030952475159,1
annaelegalita,4485720473606461987,1
annaficarella,-788165741210670928,1
annakiara119,2338195957247297951,5
annalisa_fans_,2469155871012386388,1
annamahanna,-2250024746209863653,1
annamamariabia1,8556443496709124462,15
annamami7,-1864871048524977795,1
annamaria0104,-2698176445623117314,3
annamariavolpe4,-5873630960226576227,3
annamarone,4872774214852475607,8
annamrc2015,-3562162004055485718,1
annapaolamarco,-6012504578288408502,2
annaquercia,-811198860685302510,2
annas93013772,8960359475828769227,1
annasacchettooo,3954841814578060529,1
annaxzay,4369052388386414487,1
annelh_,912399220150722375,3
annibae,-3778543303315265522,1
annickquemper,5315458963957748539,2
anninavigneto,-3235251583175982626,1
annullataa,-7689651829379044621,1
annygeis,-966038629562421940,1
annylimabr,7750192682171914938,1
anomalyreyes,-2678425976786627468,1
anomikabhattar2,-412962138435748786,1
anonimusabout1d,-7518648970165595879,2
anpellizzari,-1049235538123911540,1
anpiromaposti,8353822659812792394,1
ansa_lifestyle,186449727910472403,1
ansa_viaggiart,-2760481914465560757,1
ansapuglia,-6838542662348320712,1
ansasardegna,-1450033624156178476,4
ansia_tw,5812956499868176425,1
ansiadivivere_,2867324228507730163,1
ansiainaria,-5198404601644454327,1
ansianellatesta,-5762046240004499220,1
antartide__,3512920150527180125,1
anteprima24,-3883867548830466042,3
antichiprofumi,410422235432100323,1
antidisagio1,-5366031360847536913,2
antieuropeistaa,-8338175421557766617,2
antigoneonlus,-7306969240918448840,1
anto_capuano,4600512508010379524,1
anto_galli4,-5134051697939396202,3
anto_laudisi,4515413791478643424,1
antodamiano1996,2936623272004390875,2
antonel02927020,9021866606045021936,2
antonellalator6,-4400651626004756150,3
antonellopicc,962200509273996880,1
antonie62668652,-1567699452822480777,1
antonio1975174,-4176338737499401683,2
antonio24120145,-7416264598082482669,1
antonio27137221,4701531052778282242,1
antonio55614248,-8548905684000474274,1
antonio70673681,2109270724259844717,1
antonio8384,81208583580627570,1
antonioanto204,8201627963143064761,2
antoniobraun77,7512421717230212425,1
antoniocalice,8662275611375674841,1
antoniocuce,1246905541796984652,3
antoniogcino76,4421900055708144079,1
antonioliver79,5542731506916544717,1
antoniopierang1,-954493587307295987,1
antoniosocci1,-6661664320505667391,1
antostecp,-5421477572916490402,6
antotavolieri,7450159898212709195,2
antoteven,-4114652994078774719,1
antvares,-2984016030992407014,3
anxietyball19,-3180415477779959545,1
anxioustype_,9082661862483061917,1
anyhp90s,-1871857520949384329,1
apat1co,-2689978300714610955,1
aperegina61,4664197030180808155,1
apetrazzuolo,-8354126019217176790,1
aphdodite,-1474055830833865889,1
apmagazineit,-5785900705108584474,1
appartenersi,8859367186262758668,2
aprasedi,-5750388873106934364,1
aprolasso,1687852362889478863,1
aqueinteds,-5341966276084668806,1
aquila6811,5413583921122754623,2
aquiver_effe,2260209266310325059,1
ar_29_ra,4883775425182263783,1
aralia_a,-640132616531496707,1
aranciared,8496257553304611708,1
archbernardini,-8251715310046134861,1
archiloemario,-7225044687353761980,1
architettiroma,7348817904213743073,1
archivio_moroni,-4152039567076633611,1
archvangelista,8531301357313269002,1
ardovig,-1231344787165601264,2
arena_anto,450918764194569653,1
argentineblood,4149017340579385471,1
ariaasreyes,756793460855151507,5
ariannadiaco,5145119098349669099,1
ariannafuria1,7628831518046158612,1
ariannamallia,-7432443126494224642,1
ariannasheeran,-152411336009830727,1
arianoglande,9072289832488718387,1
ariel_278,-3330958688792571615,1
ariellogiuliano,4911237114841308900,1
ario652,-5044726509442568615,2
arjun_pla,-477638883657656323,1
arkos71,-6852100330571838833,1
arliespoilerino,-246097615047539117,1
armaduc4,9119189415139579571,1
armandocortiana,5262954323740510971,1
armandocozzuto,-5119893513400410863,1
armandolapietra,7711704883374030393,1
armandotaddei4,1504440830139756785,1
armsofastrvnger,6095036168391662917,2
armyclown24_7,-7031294832620533142,2
arnaldoraspa1,-3626987309677778962,1
aromano1987,-3721583835934515772,1
aronhector1861,-2487539383422229810,1
aronpiperbono,223479734416813266,2
arpacalabria,3698838096009158142,1
arpapiemonte,1793148052564816000,2
arragatto,3087888962235388187,1
arrighitommaso,-2063237370927453784,1
arrogantsonofb_,2806513042388201287,1
artaescenery,8301939754013461587,1
artaevj,-2036089498987006944,2
artbajw,-8112263319679543228,1
artemiosmilani,-1844582698883729016,2
artemisscms,7881368387156680090,3
artheamis,2807706209285233273,1
articolounobas,8303785267346826460,1
artnicolet,-8254873332016062366,2
artonms,5106305262059144876,1
artpixel10,-8229074136573334378,1
arturo_parisi,-8677033556587376787,1
arturob23022138,-6407763780860451846,2
artvhazza,-6553247532453118166,1
artvtoms,1976241596575904069,5
artvworld,562914795613651546,1
artxwonho,-867647916945021921,2
aryprova01,-2894387528084808534,2
asaichoe,6686350474237818321,1
ashdimplesz,8856537508999573053,1
ashdracs,5348930161698327209,1
asia75999037,-7064994046296734144,1
asiageretto,-4646661301287624038,1
asintoto__,-7911156487502324975,1
asiwantyoutobee,-3987331621751303692,1
askanews_ita,6221324977825145357,1
asktomyyin,3433723352433892140,1
asociale_a_vita,-8104926235700629828,1
aspettandoladc,-1703144169117344805,1
aspiesdiary,3242263124668327785,1
asrmaisolamai10,-1339880479137054909,2
asromame,5428067322144035962,1
asrphotographer,1060700912267875538,1
assonnata_,6730539028932937747,1
assunta34890894,8679828891231926148,2
assurdistan,7357033173384107065,1
assurdog,1476580804020714478,1
astarastarastar,-7819427436349145066,1
astergizer,742634561026939168,2
astiociarlatani,-2293695088538796504,2
astraltaegguk,2566957216926319648,1
astroch4e,-7118261336113778296,2
astrocolo,-868284333969848324,1
astronauvt,-1618378283757120023,2
astrubalee,-3034336139804448412,1
astrvjk,-2885986841385081941,3
astvroth,-2710606616399967817,2
asugifvg,9162191469229625995,1
asya14181465,5294869602953796069,1
atgeniusiab,-576954100995268377,1
athenaisdelgado,-4238967692343791265,16
athletichef,8786538587596129178,1
atlanticavill,-3403656495689275552,2
atlantismo1949,3127902964631833413,1
atlantisprom,6856131556594875180,2
audreyjo93,-5382448100132896099,1
augusto76465897,6268479779229812634,1
aujourdtaek,-135756837471282360,2
aurecsx,7951881049298682135,4
aurelianostingi,-6841317601435080999,1
auri__x,2818260984089865319,2
aurora_boss,8220259605612549477,1
auroraa_99,-7787702386824972013,1
auroraborealeh,4855061452843314347,1
auroraceccarel2,157911099992136627,2
aurorasenefrega,-5742627038655347565,1
auryxlou,-8755472936933548265,1
ava322858,-2165194100990457127,1
avamaxnaked,-7171009253679386045,2
avatar1dory,7027915230010923992,2
avatieugenio,5700562411097435982,1
avecgentilesse,2095321687338983665,1
avucatpich,1667377082775543387,1
avvocatimessina,9028872803263175757,1
awertdc,-3452847755422556528,1
awskairipa,4459082607465653459,2
axxell2511,-7053990675472733105,1
ayaxloux,3809563438108331107,1
ayd3ncms,2211583562745374419,1
ayutayuto,-6596663468111282052,1
azhariq02875362,3190188110384287197,1
azuyeen,-277077818624448574,1
azzurrasharon,1169122085921978588,1
b0ringass,4947513821214961792,1
b0sssb1tch,4175009455611380884,2
b2stgikwang_g,8406056916804335143,2
b3ll4mybl4k3,5711270359539967669,1
b4squiatscrown,-6063956275464123134,1
b5omgyu,-7864381290600996800,1
b_isaster,-5853880645297343021,2
babbadmnk,-909833320559074882,1
babeisclown,1940270945742683820,1
babyd0ll_07,-2727402502866125166,1
babydybss,-6153295398404837670,1
babyionash,-5943317545585230597,1
babypumpkinpie,-1138671177118405733,2
bacierevolver,2705290971095640491,1
bacifinoaridere,-8591267898237183706,1
bacistaellari,-7704671109177765609,2
badkiki1,4338293364709499696,4
badmonta,-7403665857450649240,2
baghera81345343,-4879658735966641249,1
bahayra,5568255156594750715,1
bahri98391743,-4023794951081527130,1
baionetta,-6889965154907197658,1
bakshdark,-7678412330428826607,1
bakuvhoe,-3944576753617049005,3
balajidhaware,802814149765343781,1
baldaranza,-3005261558342735378,2
baloch4362,2006585110283762135,1
balole67,-5468093186875326088,1
balthus23air,-7429244355615675046,1
balutin75,-7549253699929046509,1
bamboolo,4004250819652583158,3
bambouloca,2594692910018512031,1
bananarchia,4487310556423125155,3
bandabroccoli,1110948563106278713,1
bandagxs,-4895472727951267630,1
bangees241,5149298734703859848,1
bangtanedaly,-5284533370984001960,2
bangtanvxbes,-7169052942504139341,1
barb_edwire,2217903842752485116,1
barbaraanton73,-4618596591720685955,2
barbiexanax,8042046535721661176,1
barellismo11,8855566486364136558,1
baricang6,2413875277127695471,1
bartosassy,8898366422634089318,1
basante13,-3523031848198463438,1
bascia75,9075265401416839026,3
baskerville_da,8733157608318785728,1
basketissimo,-5400413860860884014,1
bassameteo,5340164895764716549,1
bassomoira,3521757289428476295,1
basta96324644,-7247987675716465679,1
bastaraggi,7082743184388948523,1
bastard54300057,5016604892370653731,2
bastillesqueen,-2764007872495570125,1
bator2013,-5402735213027364605,1
battiatolidia,7257996159298470504,2
battito_inter,5824310798469665070,2
battitomilan7,5470598507073604058,1
bauscia7,887880694576653458,1
bavbieturico,-4311914669161460170,1
bb54196217,-6981249937307345925,2
bbbnzl30,-7619822531962781921,3
bbeatrisce,4443546130849402980,2
bbilanshit,-583089708503885752,1
bblgm3tch,7956310075116874735,1
bcksbrns,-5164989191400872626,3
bea03330832,-7445833874518442230,1
beamabeorg,3603850688178287744,1
beamissesh,-2271123399486219000,2
beansfrancesca,1789341244895470842,1
bearbull89,7326624573485568569,1
bearsdani18,2555976913914098373,2
beatricegitto,3780065162700098280,1
bebboamoroso,-108659503279060544,1
bebeee72302866,1635863375837290451,1
bebenijungwon,141231699184325339,1
bebeth_clair,4615572561390736649,1
bebopmiles,-4349800840609435734,2
bedoric,7557307062825933814,1
beelucyc,1547125709384017188,1
behchedirvi,-1766220864502940027,1
bejustme,-1594519956811477346,1
belenblancoi,-3036349081477588975,1
bellargusview,-7727923284399647969,1
bellarkestars,-6669848324096251722,3
bellarkexcanon,-1282317420555588603,1
bellavke,-3923987357744285536,1
belle_brunella,-7466020106065513045,1
bellofigogds,-5983236361415658571,1
beltempotv2000,-6089203977921488683,4
beltrozzixcute,361421314666512963,2
beltrozzixlove,6353896196573726102,1
belzeb_u,9012518503696394159,1
bemore236,8791111587245189594,1
benedettaspo,-7884484675561459550,1
bennyturchy,-5612849298257720078,1
bennyxx9,7450449421321869842,2
beombolone,-1099186922306998676,2
beomcesca,-2992315585906197363,1
beppe755,-8152538808046714062,1
beppe9346,6213659996360003244,1
beppeastegiano,-5973525020320131752,5
berenicegalatea,4929762682183675100,1
berksinirsiz,-7771555909955421459,1
bernardomorgad7,-7089132173011900876,1
bernat_onzain_,6907469135696691641,1
bernie53588242,8307879192760196965,1
berno_marco,-8543857573202712388,1
berti72federico,843519665076005142,1
bertolca10,-7051768717630570094,2
bertolino_saraa,5336516340849010483,4
besharpsrl,-1896976932209588628,1
bestadv1,-9043536923534878088,1
bestceltic,-996436236950949037,1
bestiavdisatana,-5804520686339946166,1
bethesda_it,-935700529540884654,1
betigulceylan,-622353873331988282,1
better_seven,-8523294268157980316,1
bettypav,-9029142600280674775,1
beuatysky,2069332527295041684,4
beverari_m,1675461965578237570,1
bewareofj4ke,-8197295698666187988,1
beyouronlyy,3144463438320633257,1
bgavarri,5925931026915550902,1
bgiverny,-2275270879441570592,1
bhanukanakala2,-4819471300307895953,1
biagioskywalker,-3132192814322768383,1
bianca_log,1195000859535668940,1
bianconero1971,913273118997725304,1
biascicaapritu1,-5708037155689027990,1
biasi_lorena,-7727250416781236518,1
biavsilva_,-1788022763378891850,1
bibi99377666,-5869288369215120374,2
bibliotechemo,156866466714742623,1
bidibibodibimu,7269863852593165771,2
biemmeics,-3422466980775601639,1
bienbellakitaa,3075398525198308562,1
bierre7,6972616776756133979,1
biessgyu,-7125221442871117228,1
biffi_nicola,8288928189394414536,2
biffiluca,-645501451455834079,1
bigdaddytrillio,-3131046421446253201,1
biglittleliees,-4615487561332182746,1
bigmoment28,-2026329285336508916,1
billy40882480,-436973487915573990,1
bimbadelgfvip5,5414262887455624242,1
bimbadikieran,7698952122757367242,1
bimbadiziamara,-301099771489907101,1
bimbamica,-8356793790288008130,4
bimbetommyzorzi,6146036144143315059,2
bimbimeb,-6879829316460155911,1
bimyoumaa,2611545652986007791,1
binarioloco,6024532781316319743,2
binditony,7219356640256688685,1
biondorama,-2363339407169452102,1
bioprisutan,-2676249719067579735,1
bisagnino,5276123863247862315,2
bisceglie24,-1006605189949385776,1
bissolo_greta,5429586816686768314,3
bistromat,2671481155600836219,1
bitcheslovejin,-2341899879857036201,2
bitingournails,7661860127377854160,1
biureraich,3584245804703330756,1
bixdisaster,-4043089945608582763,1
bizzarrisimone,8787819704776697145,1
bk_putco,-9124340475466281279,1
black300joe,6216326042867204057,2
blackeagle1967,-781320749635065873,1
blackfridaypnt,-8742761163488784541,1
blackhorseie,-1765606678734942400,1
blackjagger,2851707879932609038,1
blackwolf918,-2805644052095601495,11
blackxolsen,7162135483736257431,2
bladistic,-6189917066223070453,1
blandablandods,-8681765433107439223,1
blasettiangelo,-8220861491927446100,1
blastchristian,-5642219235171890006,2
blazedrops_,-4983756330557767452,2
blckwang,-2599778069495457058,1
bldmvney,1536601374428634414,2
blevssed,2532928684635404037,1
blissfvlxpocky,-1372240782872495849,4
blkegrffn13,6947038334119905688,1
bloahsd,-8951473108036662042,1
blogsicilia,-5736629460162054304,2
blondeporchetta,7801089849423970065,1
blondievngel,3656385817854520333,1
bloodfloodd,2924491760970267468,1
bloody_ale,8914812661014034957,1
bloomharuki,-9130006681971037114,2
bloomsbury4ever,640601245272517375,1
blu3_hydrangea_,-8448184764273528554,1
blubblob81,4265456032418425418,1
blue4draws,-1986691185922539657,1
bluebun_n,-5071323979125511161,1
bluecornflowerr,2604331148791294777,1
bluefidel47,8871712656925752803,1
blueishome,6415269411109682043,1
blueleo0007,132594451198350659,1
bluemoovn__,4898147017742243873,1
bluenkoo,-6092122729625164909,3
bluettaeyes,-3103175039893403694,2
bluevato,7078322274266105629,3
bluevzayn,2074824163484565795,3
blunoneuncolore,-8339266840765745715,1
blupradatunada,3034248643773710196,3
blurosmello,4837248910597398781,2
blvcklifee,8251671617861398480,2
bmjx98__,3818919518205053704,1
bnb_ferroviere,5139902769634785729,2
boaandre891,-6326116500596811597,5
bobbiarbore,-7819506152895782930,2
boborius,-6911077224441356777,1
bocavtheme,6547940833748918905,1
bohidontknow_,4845255328415294242,1
bohnonlosofaitu,2548630417764203572,9
bohutosan,-4563174665388160151,1
bokut_hoe,-948794455666515154,1
bolla_silvio,3381710377355524721,1
bollofranco5,4052549348251453702,1
bolognabasket,664330919424902948,1
bomba2h,7388878066161275420,2
bomberrea,-477148541884461537,1
bonsufifi,7116418519574435765,1
boopinkwan,-3200223993626482288,1
borbonicanapoli,2133833144700024324,2
borderszv,-7682274869459661997,1
borghetti73,-2367059220557339368,2
borispapiccio,-657367252524131974,1
bormidachiara,7587868325418933591,1
bosisiosara,-739386530663455084,2
bossebasta,498455554183306243,1
bossina8,1690265127349114880,1
botcugina,-4277211292161886473,4
botero1960,-3703260569165215561,1
bouboudz7,3966436413953229893,1
boydontcry2000,2657567025051776105,1
boywhitexx,-2585670736357116263,1
bpagliaro,-6295925570922328971,1
braciolax,-8343057104011668166,1
bralella09,804315658153333447,1
bramuccimatteo,-5098612400234073953,1
brandobenifei,2325423228508579384,1
brasciola_9,3131976657936090605,1
bravovmarcelo,-2460753914177285405,1
brazxnmaura,-876928749143774474,1
breakvangel,7221113239134143371,1
breds23,8037181467288279561,1
bregimac,6427761282122300754,3
bridgetowngirl,533729672533656816,1
brigate_azzure,-4917001318860564447,1
brigitte_gio,-1797760377060268211,1
briinamento,6077286322315244613,1
brindusab1,-506157690551831167,1
brivmoon,-1261028952947505250,1
brknwhiskyglass,-925749304154393702,1
brokn92,5328859251882853862,1
bronzoceleste,-2607304103003742406,1
brother_jude,5234981206745919143,1
brothers79,7779927939208132682,1
brunam01584147,3993259266776817558,1
brunasaracco,8918023774099425970,1
brunell24400885,-4879554411723584746,1
brunellabertoni,-7143917338220321750,1
brunobando,4483422813799992114,2
brunomazzarell2,7746406897002313001,1
brunomgiordano,4367340153254481665,1
brusatoripaolo,-367445607996997907,1
brusuillis4,-7631866770683790458,1
bruto015,-7511487914007161376,1
bruttahadid3,-5126527856697360610,1
brvghtlouis,-2965412951011272958,2
bryanteixeira,595736068504164105,1
btshouse_ita,8993588845914980558,2
btsottona,5301635549780119488,1
btstaevsuga,7565785047636774866,2
btwaddictedh,-4469509017625562302,3
bu11etpr0of,-3825122329912300463,5
bubiwitch,4996136651809691819,2
bufalabufla,-6547366332453486798,1
bufalenet,1423587246148698733,1
bullainterista,-3597397230610610558,1
bulosefab,1748506399333811008,1
bunnywangji,-5050386607748979937,1
buonweekend,-3071893888481263082,4
buronjek,-8320978322210767518,24
butterfly11_22,7264516526682893775,1
butterfly_fact,-6665943733539284136,2
buvbleleaf,3714785007761918135,1
buzugao,4258306046325624200,3
buzxmelissa,-1420085304838160658,1
bvrbharrys,-2745195984217687976,1
bwrguesa,3555326621458916481,1
byejat,8825289120542774880,1
bysebas9,8697690529359409005,2
byunbenj,-450388822794585849,1
c0naffett0,-4482919942256162951,2
c1corrado,7112157997102766847,1
c1dn_,-8359147893506622372,1
c3vlocke,-5242486032702053958,1
cabula_federico,8670260501511225784,1
caciara83,-4067958186082055533,1
cadereconstile,6460636957968168331,2
cafeponci,-8824789860080869,1
calabrinterista,6294133783780399700,1
calciepugnii,1712016973838166297,1
calciodiretta24,8992956706800527246,1
calciofinanza,-2598694303337927059,1
calciojcom,-1588523873492804484,1
calciomerc,-3183876410655504948,1
calciomercatoit,-1085691053197643224,1
calibano2,-234945570112973101,2
caliberner,-5482703230064017811,1
caligaraanna,1148398567495931415,2
calledope,-7328385968264103282,4
callie7fangurl,-9017459723095680292,1
calliepallie1,3742647991419864234,1
callmegoodlife,-4849979290055350260,3
calnews,2411945028055547611,1
camarrimarco,7928388828840021522,1
cambiamentodel,-6253724721953136722,1
cameraopen,-7785469076384500379,1
camiblaake,-3215729079836402264,2
camiilovv,355709630121123057,1
camillamariani4,-8799474819033778526,3
camillaspecter,8480383713443388723,1
camillatuan,-8967342856575002183,1
camilletbl_,-9042810061221698370,1
camillo73216078,-8560206365927003740,2
camixwalls,-2758891016330197826,1
campanamirko,3728521849385432146,2
campionigratuit,-7439570830938632665,1
camypera,-2428695464364095264,1
canale58,-7894771880104452171,1
candeiorto,-4160588242367162944,1
candelaamarin,-8457175616066914732,1
candelakru,-3857069051241109910,3
candemet8992,-6922952976600268776,1
caniolinonero,-8312013623122187013,3
cannabislegion,-5984389077422775825,1
canyxonmoon,4381588413035635492,2
capitanachab,-3972993022265530835,2
capitanbergomi,-5983564020218473573,5
capo_1967,2336466948013120663,1
caposounion,-3526235073738569039,1
captainamell_,-7657897015413995858,1
captaindundito,-8557498701893836157,1
caraassia,6196019256979863077,1
caramel89409333,4846958885193607273,1
carantus,-316812936638937736,2
caravaggioooo,-8115062459870534442,1
caravit_80,-6351808576343442028,1
cardamico,-9198388138550539477,1
cardinaleriche1,-8466308776299217918,1
carinconlac,7403840738131165917,1
caritas_milano,7122240676079611538,1
carl8_rcr,1859298806772357949,1
carla24706557,4081223420704072146,2
carlett76595590,-8615336224211984786,1
carlettarap,1149089759369072712,1
carlo66608300,-7732807353606676402,1
carlo_castaldi,-1452362225522608310,1
carloamberti,-895217646144124144,1
carlocalenda,7985716652380614235,1
carlogubi,-1262648654251062604,2
carlominervini,8831289762591093875,1
carlonedaniela,2978651986065091084,6
carloraffaeleis,-7980867556466511925,1
carmela_oltre,6224762314956210154,14
carmeladascoli1,-2418920346533670068,1
carmelo70433509,-6378469302114889717,1
carmenp05166526,8212893066749085814,1
carminecaiv,-9161619216504288116,1
carmjnis,2036518885359219033,1
carogesutv2000,-4800697632071512272,1
carolinaafaso,-6142068145103730010,2
carolispds,-7784544320432328894,1
caronteii,-23671517427004702,2
caroolinerst,1368164735872301787,1
carpa2019,3545912119961219818,2
carrosat,6412088987057947196,1
carrotssquad1,-7144684659177639568,2
cartoonsolution,1702993539519838620,1
carwanda8aprile,8367729838208037772,1
casaagricoltura,-7942484684167352229,1
casalecchionews,6262968100987333375,1
casciolorino,2105703882505673300,2
caselli_s,3299826455636037233,2
cassettolo,-3740282918122096411,1
castavwuke,-7902114004268246143,2
castelvetrano,-2243429205793849075,1
castruccio64,8556678817886564675,1
cate_giangrasso,-5561203029186032004,2
catebluelady,-156408297432246198,1
catee_xx,-4176896284034416919,3
catellirossella,5434011621795458328,7
cateryna_78,178135989188594701,1
catholicluna,-174250418635128563,1
catholictweet1,-7601161234859254783,1
catia05605065,-6506203887642099917,1
catitiberto,5364077947253453278,1
catlovergds,3682550303563445611,1
catobioo,2778199425305797116,1
catshushi,-4769472678373266484,1
caturrovalemana,-3015387041687142321,1
causewemadeit,3963426677202856311,1
cavallobianco7,-2927396505738690643,4
cavelox9,8000487516360749577,1
cavoliamari_,-7148044766600908111,1
cavramingo,-475839822965797360,1
cayajuve69,4634793019408364074,28
cazzarodal,-6386680497986872225,1
cazzonesobro,-6184177510202185462,4
cbmitaliaonlus,162571466405824952,1
ccaarmencita,8196697798423878854,4
ccallemongin,4845753251170342182,1
cciaarivlig,-8923088164229196731,1
ccostiiii,1856414510810634010,1
ccrisalism,3575813232709612095,1
cd231168,-7021521090141560200,1
cdamnfinecoffee,-3939094957252250165,1
cdt_online,2334512477815158346,1
ceairitaly,1012264779179390539,1
cec_tiago,-1967114428524125796,1
ceccarellil_,5425655568324788181,1
celhoceruleo,-7384573108824308528,1
celliniflavio,-3669351498322788108,1
celluzzi,4671854755804645602,1
censeei,-5655592938041387091,1
centrosangue,8996650993876604028,1
ceocecchi,3583674727265563198,1
cercounnome,8347423386583068660,1
cesar07merlo,-7477997627351553689,1
cesarebrogi1,-5718575499607267872,1
cessolercio,-9058574882302061725,1
cestlaviemacher,4825216968770354393,1
cettaferrara,6547214788615998136,1
cezannens,-3942938722677681891,1
cgavinana,279083235460848105,1
cgilnazionale,-4348743084657084624,1
cgustone1,5991902294079039503,2
ch1arastyles,3807224030453232861,2
chaanelchanel,-5213960061590807249,1
chahwa_99,-1420857721430367205,1
chan_nire,-3329936651243767547,1
chanendlerb0ng,6421644240961108360,1
changecapital1,659205908759823452,1
changeskdrauhl,-5284317326522415649,1
chanluvrbot,-2567649897525350565,1
chanluvusm,3940186877912751971,1
chanstreasure,533308881696389477,1
chapmns,3194207870090417130,2
charliechecazzo,-6588277945993449620,1
charlieck2014,-2632282819126668,5
charliefredb,-115260442732054282,1
charminglilbtch,2219521821745959660,1
chec4zz0dici,-7080528398334280838,1
checchinato_j,4473084696307571982,1
cheerfullydead,6793717797151729184,1
chefa71,-4861642028364079406,2
chefai_tocchi,6217966305635446288,3
chefgio54,1918027892036187021,1
chellacantra,125757301263367639,1
chenbae45959461,8502091380255828692,2
chenesaidime_,8039446254703156196,1
chengmusgf,-3435994268033269952,1
chermaz,2404895538719022092,1
cherol86,3372341554270630105,5
cherry_cola94,7303822504272326251,2
cherrybonnefoy,1007939409004987473,1
cherrygoblin1,-285078419720282649,1
cherryjngho,6244384033173970334,1
cherrypress2,-3801255194690591788,1
chetrashhh,-7372273114162433903,1
chevida,3530997928017473906,1
chevideoshock,-4035541330895433893,1
chia_mar_pao,-6269962177180691700,1
chiaascandi,-6637080379031676256,1
chiamatemisof,-6757703691230908796,1
chiara2005,3969166183707788672,2
chiara40515328,377816849726925183,1
chiara51878217,9197629014398326759,7
chiara6per8fa48,1158137574873882909,1
chiara_marsala,1380897319274485919,2
chiara_ruggia,-4257526467969574500,3
chiaraagus20,2823705534236653240,1
chiaradamorex,-2612999679380673484,1
chiaragodoy1,-4919836223445568992,1
chiaramaschero1,4146173514199568903,1
chiarapottini,-1200996549925394118,1
chiarapucci11,-8022961038457579161,1
chiarettaa126,1945016122888724710,1
chiasnix,3556282096577964320,1
chiaxcmoon,6759567017018419958,4
chicca517,-744593495919279873,2
chiccab17,-1698246612687896481,2
chiccacocco,-3684236408990326712,1
chico91054645,-4790487125642344873,2
chie45245890,-411740837360730264,1
chiefcheinz,-7523488269590467795,1
chikkalee,7661629543641063636,1
chil8giacomo,8447238031119292214,1
chilisummer,-6477425916356734996,2
chiocheno1,4585852050465157406,1
chipflake,2440629671812342079,1
chipislipis,3207900559073922427,1
chirocefalo,4771329426545634194,1
chissa30399663,-4881295353288119860,1
chittaponpon,-7181835163924983393,1
chloekalyaeva,2065746631168443600,3
chooselovetini,-7504287104131015533,1
choriflettuto,-6628036298117899475,3
choriflettutoh,-7860922167494238956,1
chrishart_imfg,2495969793161619500,1
chrisrdz10,-7856653309656694075,1
chrysalismnh,-5401842791963640585,1
chunysus,-4097385856556680172,1
chuuyadaddy,-1504599021922985130,1
chvnandlerbong,3950092652270197404,4
cianfrusaglie1,5441557302825735446,1
cianpdc,-1497376902237248796,1
ciaoodiotuttj,7485871212690898445,1
ciaosonoil,510980462328596063,1
ciaudiagiulia,7760387643899007768,1
ciccio18215305,-2781769225405327480,1
ciccio4official,-9117429623878333159,1
ciccolamariella,-2707954314838469419,1
cihoriflettuto,6909310813326842135,1
cimminosalvator,-6714678395275124163,1
cina_in_italia,8324820606649615400,1
cincynan,-4136118872547340369,1
cinecittasm,-7446699650350937489,1
cinegiornale1,6808542015263465349,1
cinemaniaco_fb,3957711308123137624,2
cinnycinzia,-921251052738465486,1
cintamtam,4611196901609821613,2
cinzia03126332,-610562038051832425,1
cinziavanpelt,-8798613098953222915,1
cinzyjei_07,2257590213640768642,1
ciociariao,-6036288174937732380,1
ciprianlang,6539060321888873469,1
circoaperto,-4095258623131942657,1
cirggaz,-6401252006777444252,1
cirillo_livia,-5395477202344281784,1
cislareametrobo,5172466210892987056,1
cislfpabrmol,8817705457042415530,3
citizen03289139,2671703929498786444,1
cittadinanzatti,635990131901934437,2
citygirl916,-8102129244993890594,2
citynowit,-7129078727259698770,2
civitaalessia,4449175819491462196,1
cla12093781,-4802303948852213536,1
clacclo,3684154970096091004,1
claclaclaclaaa,75854480572706757,1
claimcompanies,2699108973850474391,1
claintheclouds9,-640486738360028304,1
claire_in_via,-6682161364579711972,1
clairesysn,-1206295027260271222,1
claletheia,-6392687695838404089,3
clansbeezy,9205164172445545604,1
clap2_0,-6099088064230031443,2
claraspada,-70303768663715115,1
clarissa_161,7582906109214387422,1
clarkesantiagos,8439549494649409714,1
classateamm,4767331971314916135,1
claudia_200001,8411776524907282772,1
claudiakopf,-2682943440755119594,1
claudiamarucaa,-1615668668175063937,6
claudicans,6244294409650952193,1
claudio80749165,7561828694462634741,1
claudiodebe57,-2366081251138548605,1
claudioit961,-677238035257181667,2
claudiomarinon4,-4207944330687768210,1
claudiomonta64,6339706062008428941,1
claudiopanarel7,2338352403175785337,2
claudiover,3093754255608013856,1
clavryfray,-7595906919489438893,1
clayjensenf,6377245226054414016,3
claytinhocf,3585960080105729668,1
cleoseipoesia,7222806862026691035,1
clexa_griffin,6409458334630701632,1
cliberazione,-5434823397245035687,1
clickelena,-8406695858201403869,1
closetolouis,3278215360131440773,1
cloudslotus,368690051229212377,2
clubmojito1,-5421775100985292850,1
clvimerc,310711158871783697,1
cm_memorabili,4976508425529802416,1
cn24_tv,-1786465017625617270,1
cnrirpps,-2772831675318839805,1
coach_hates_me,-2026026865468039417,2
coach_ogliari,-9125490674983750134,1
coachdonne,-383850025886566546,1
cobichips,4185815983044579291,1
cobretti_80,2329884640255669000,1
cocchimonica,4517305763104068425,2
cocci1309,8923800282513603635,2
coccinellabruh,4621250222622320495,3
coccodie,6068696851630259341,1
cocoleaselename,-111909394620269248,1
coconuttoill,8812482898048855582,1
codognegne,-5425663177559481488,1
coeurdleoniaz,-188165343020829020,1
coggino23,86128392946531300,1
cohen61081141,6149705958458662714,1
colagessica,1917267244150521748,1
coletterosalia,4025456906702513255,1
color80lol,2044185702169004420,1
comeanimamai,-8099728319763284379,1
comelitio_,-7441142271519445481,1
comeunavela,-2224523683858946596,1
comevtnaya,5358506321499912420,3
comip_italia,-3053132875321871408,1
commandermoguri,-8466993771379090700,1
comunecervia,-5946327026937588675,1
comunesanseveri,307850460344188680,1
comunesaviano,-6804698623869715644,1
concettarusso4,-5479178454320260628,2
conchinasa1,-704693961930845268,2
concreteraw,-3828423714598158349,1
confcommerciore,-5248924341749546292,2
confindustriavi,581373070629314104,1
confuangi,3000785466877391538,1
confusadifatto,-7506959601333203605,1
consovincenzo,-7911656212029655464,1
consuelide,5141641571631332320,3
consulcesigroup,2453723861943537562,1
contagocce81,-2525321537970725515,7
contefiele,-6752416990810242559,1
contemaanche,6354493939291815620,1
conteretweet,5557615886239200693,2
contolingotto,4884608132769793104,1
controcampus,6421554307355821196,2
controcorrentex,4184026110836327115,1
conventolonato,-1312283061846839858,1
cookiesthighs,-694124261295852986,1
copykatt_,5016662436411443932,1
cor_com,7075283880886810305,1
coralbini,-4637286169745389925,1
corgico,8276510182144004929,1
cornettodiluna,-8615540985982530644,1
corra_franco,-4646253749255671614,2
corrado_ita,-7813234694856809935,1
corriereag,-2757976271337093417,1
corrierece,8598324498613501436,1
corsampalive,-639737442361666774,1
corsierincorsi,7979145816218027171,2
corsinisa,6148849886082758007,3
corsoux,8022046597952113029,1
corsport,-4959897347622449383,1
corte_mir_siena,6686350484493311697,1
cortevait,-7674034591094201954,1
cosenoditi,-1283027801277314644,1
cosimosimone2,1979636035904109148,3
costantinus21,-462867266358046451,2
cosy_96,-8858811239795073160,1
cottinaaa,-5828893760617654456,1
cottonino,-2043647240274788091,1
cottosupremacy,-3161511564223413336,1
cotugnodesiree,3108275771415563821,3
counterchoir,-882572203088552300,2
couponofferte,1179407465907063467,1
couponsofferte,-8362059447095888944,1
covrtana,8628383466311183705,3
cradicale,-1714781036605696441,1
crafterai,-1385595481275337056,1
cranemtn,6309130678789186069,1
crawlthroudark,3891365297376671871,1
crazyxgallavich,5256048727400330631,7
cremaalcaffe,-2331182134742937467,4
cri_snix,5194591277036777750,2
cribra27,-6506810574292749466,2
cricrip87,9044128369390123704,2
cripit3,2068691235876627712,1
criscigloria,7862172884749430571,3
cristia50580475,-7710057549501642192,3
cristia57632396,-4733101137435999388,1
cristia_urbano,-6458592131904547584,1
cristianovilla9,5554455243097881049,5
cristianrugge,4369250500727041517,1
cristin1964w,-2300444672841312454,1
cristina_bassi,-5350769486445723671,1
cristinamasut,5644473767931877203,1
cristinapitzal1,-2495067963540356930,1
cristinascara,-6257033865050599058,1
crixalide,1968701965209397828,1
cronachecampane,2577491560392559207,1
cronachecittadi,-2008443736072464544,1
cronachenuoresi,5576877268956483092,1
cronutxcriss,5671600798540482530,3
crossxyourmind,7327633967343535769,1
crostzfn,2996665327910843241,1
crpiemonte,-3263458620478965295,2
crxxxi,-8525889925671955398,2
crybarons,4222473919337186497,1
cryjuve1,6743831885545308760,1
csarianna,686749766725374642,1
cscrotone,-800028739230322816,5
cssoldi,3402824209599660659,1
ctebaldo,1854962819968900469,2
cthvnds,-4168681532399215033,3
ctsxl,-6119151203723254811,1
cube3_phy,3670839226679791161,1
cuccello,3456657301788672407,1
cucciolosecondo,-8216875066816430179,1
cuoredialiante,-8831672562932657248,1
cursedxolly,8574126419847306033,1
curzioraffaele,6630911783756340226,1
cute_gabs,8191253051106555074,1
cuteiyjen,-1907438829205787463,1
cutetomvlinson,-5372186015195674342,1
cuti3noe,8563263776809746691,1
cutiepiesnvpe,-4513951531933809848,1
cutierudegirl,1552461757243670998,1
cvtejun,-8180672530952166420,1
cvtieblaair,1453462697585432590,1
cwtchar,-8523477203600832549,3
cxnnsmile,5665389889393523519,2
cxttxncandy_,-245632873486977033,1
cyberalchemistz,-6804778063806317379,1
cybersechub0,6234315077914535197,2
cyrusmiile,5572471994622416299,1
d0lcenera,-5284474982948432588,2
d0ngh0ney,-7737504909722034567,2
d10s10275944,-2753444500387161660,3
d33p2lu3,-1513507434039453857,1
d3lusione,-1114669144802724162,1
d3pressjxn,3273572179807403167,1
d503gaetano,5279567399380721474,1
d_tirinnanzi,-3239368073977826191,1
dadaduckappo,-9065989744341886814,1
dadailovemusic,4234286361156327071,1
daddarioswho,3104793842576871311,1
dadeonlain,7238453013167433057,1
dado_vanni13,-1848567679974804815,1
daechwidipity,-987071491187516086,1
daeuprising,-502827437148123880,1
daguntaj,-7179177658491428702,1
dahyuniela,-3880976107021498143,1
daiena_mello,-337064173837425306,2
daitarntr3,-2091264061106572120,1
dale__duro,8313722925876656616,1
dalekasylum,7313114852701169112,1
dalia51552942,1003680153638894205,1
dalila_borda,4937260041901924841,1
damaannarita,-3674007518511325741,2
damazel,-8486265846611847115,1
damellisvita,-8676503548334229626,1
damnagvst,6552627535072558360,1
damy85twit,-3984921516605520547,2
dan_passover,1433306624009714754,1
dando_68,-3233607477338671813,1
daniafalzolgher,5676788619996983936,1
daniela192601,5872548256174748266,7
daniela54092686,-6407947809291967784,1
daniela55302669,-7895405553535728669,2
daniela98296128,8526099318057668813,1
danielacomaschi,4912782646547324725,2
danielasturiale,-6464949697482999173,1
daniele18561,-5270425751662567627,1
daniele_cortese,-2714744787163366525,1
danieleberghino,8150857545039136776,3
danielefadanni,7569453936188069802,1
danielelozzi,92151503227197951,1
danielledevonne,6254902398821466880,1
danielsun_latin,-3302567119876717546,3
daniiimignogue,7355737716974785562,1
danilapesacane,6936655018333608152,1
danilo31240979,6200255213306245287,1
danilocason,6141031502644162668,1
daniloddl19,7453570718328749815,1
daniloservadei,-7639572235288256100,1
danimoni72,-8089874641205818817,1
danireport,-6466279620300996299,6
danitomlinsonn,-1657817989881203737,1
danitsme,-5051790843944127048,1
danny_italy,-1968684370617558041,1
danvesfood,-1449595003037018521,2
danyanais,-3822149818501510615,1
danyblu1982,8322935888927797154,1
dargento24,-3171113614341645101,1
dariamorgendof,-1449144145560474494,1
dariodicognome,7191695514600922046,1
dariogarelli,2311024892318549974,1
dariotan,-1663758475593991383,1
darkvsel,9184431091788928666,1
darsoniabc,7958901387952336348,1
dartjlion,-4485804422943923923,1
datamediahub,-7591991667852515330,1
datemiunoxanax,2251182531441583067,2
datwittyrobin,-8145223539445043135,1
david2999494742,-2583060293009415941,1
davide10082,-6518153462593516542,1
davide11968,-771290036373163663,2
davide3170,7951178984850642491,1
davideazn,-5225318644098832214,1
davidebassani,3942209000240253771,1
davidebattin,4648753820457721915,1
davidefm1899,8140856098508406771,1
davidefrau3,3027669258459905287,1
davidegalantino,-8248291771143508377,1
davideianniello,4715579163469129656,1
davideinno85,-6757567917207973692,1
davidemardegan,-6643688160339139770,2
davidewatanka,574595639301722772,2
davidgerously,-6916051965230656626,1
davidgreco,3082808787861956506,1
davidone74,6409291663787486411,3
daytbi,-3041802642642632671,3
dazairyp,6903535880632231916,1
dazedelii,-997892777776310663,1
dbdeiman,-577094220789572838,3
dbiste,5354159072457303544,1
dboltri,-606938859886018751,2
dbuggiano,-1759712287677225024,3
ddinopirri,-4606251773922533272,1
ddnoemi19,-5479145028189816753,1
ddochimin95,7739447768939000510,1
de_mola100,-595351289022941126,1
de_pescara,1537040279878884181,1
deadcybertokyo,-3213437272464484702,2
deaklyfell,3864861044759660419,1
dealersimmons,1360179550765742451,1
dealogando,-5040188971028239399,1
deanelaveau,-3660438265692171263,1
deanspiie,1352221003139801087,2
dearloueh,-5562190739689526469,2
dearyunaa,6553046145853703624,1
debbasmind,-3713730166132851147,1
debcastelli,4411354929644218672,1
debnamjaureguii,-7107145389555741344,1
debora_ergas,8667125255205411240,1
decanestra,-2365207107459385950,1
decayofdragons,-7629640818494390063,1
decellerini3020,-3426454085359615342,2
decra_gharib,3982680883874106593,1
deemedicii,6602719246168771586,1
deepestharry,5502189066383351374,2
deeriih,-4683019403625226171,1
defcon1979,-4367004735065336013,2
defenslessx,-4014999740396370199,2
defilippo_luca,-7872348182523738148,1
defnclvss_,2497945776848415086,1
defrogging,5146402807013606566,1
defuzzylord,-2896626321287503062,1
deiana_luca9,2882455711058678154,2
deianir17128382,7919044483433521817,1
delenaobsessjon,3538865434885592626,3
delfaph,-7830055054621157437,1
delfinafrang97,1762640876972707209,2
deliziadivina,-2861278509134058136,1
delltechitaly,6778193545113700600,1
demetozdemir262,-5615148508919449400,1
demi__meri,6832996127897879346,2
democristiano7,6400704438752766314,2
denadagjuzi8,-2800034724585859182,10
denise__410,8155413861094878997,1
dennisdentello1,7184006701564125014,1
deobzboi,5593079783267040288,1
deontologicus,-599379664770458063,1
derigiaa,5111529921397656520,1
ders0jk,6325791402213413377,1
desely1,-5650968276311628982,5
desireesbarbat1,-8038505305112333455,4
desiremna,3339698337264145697,1
deskspud,2871625696119244623,1
desmamau,6146500949226910173,1
destrialmuro,-9151024123248928524,1
deurugs,7868662086314551406,1
deverdinis,8241510625465622417,1
devid_v,5632229548213742656,2
devisucarlo84,4317181460949618,1
devrijfc,8241707914539142800,1
devrijwis,-7365356160171928020,1
devyl76,8217437295416719916,1
deweyjaci76,-8216196823867486615,1
dfnclssfineline,-3210966065563908224,1
dg__98,8511680818716330583,1
dgiorgio73,-2252066140612845809,2
dgraysonfake,5464632466351333301,2
dgsilvia,-2767650603463777821,2
dharmic_boy,-2668118314096057804,1
diaboli24819709,-983669470368432658,1
diagramelson,741817197550362650,1
diamant32544289,-7185844002901422770,1
dianaehowgs,2614840902404134183,3
dianusis,-8305921400175872002,1
diavoleeknow,-1769511726520148039,1
diavoletta4ever,-5344133576492518636,1
dicoweb,3488356836909888065,1
diddl_82,5922765509574947200,1
diego24deroo,1073726902711552114,1
diego31883,3275868859823714573,1
diego__tb__,2328218053443097109,1
diego_tvl,8173140034299782568,1
diegomatina,-7003973962176248922,1
dievve,-4603141942459008582,1
diletta44391797,-6187792696507524795,1
dilmannofficial,-5446028698809977788,1
dimaio_laltro,5104947761913994345,1
dimanu22,64311117584074510,3
dimeo_s,4622068749522592051,1
dimissioniraggi,-9069680414278046338,1
dindondamn,-6683285369241741946,2
dini_maurizio,-5753328358182580103,1
dinocouac,3832372656484416612,1
dio_checkkkk,-1659270400141681086,1
dioinagrodolce,-1762022546174440500,1
diomosler,-2323929958451929470,1
diorparkjimin,-664989939244496368,1
diortoms,3683909490103610808,1
diovmaec,-6326400976588538943,1
dipende5,-5958169586035192575,1
dirntking,2397625040998880873,1
disappunto,-1271277893666192214,1
diseas0pe,-7027170759891925054,3
disincantevole,4906872324853514775,3
distintamente_,3181971269208963299,2
disturbodumore,-1741846758076841471,1
disultane,41671766981711053,1
divanolocale,6247617470964187327,1
dividendprofit,-5146644667656058962,1
divmenticarti,4199729422720470094,1
dixnarrated4u,-7713617749426457501,1
djcrash100,-8179209436525663878,1
djinthepast,-1065856042948391666,4
dlapple86,-6121089551718867943,1
dmeccamecca,5130573780539124046,1
dmitrijkostov,6986821202698252599,7
dmonx74,-3607692044307072678,1
dobbysdamie,-7070951582277582212,2
dobwood,-949192834264895059,1
docecerasa,-8672058946520069273,1
dodoland,4929484077715660035,1
dodomestyle,5196086156065517105,1
dolce64671872,7196429321681907933,1
domenic00834624,1369919008248530523,1
domenic58981792,-2372145721463952332,1
domenicacuziol,-3847814846806077909,2
domenico820,-7458225987267994594,1
domenico_vii,6151047310656581472,1
domenicocamassa,-2211967710629948331,1
domenicocatal19,2047045140678894660,1
domenicocuppari,-8309966119912426662,1
domenicoescobar,7866789341888524117,1
domenicof19,-2702488972914132331,1
domenicoferrel1,8965182576040646324,2
domenicolo1,237997198600778510,1
dominicpnanni,-6511388041804681314,2
domizila,-2031048625091875342,1
dompyie,-194570887793312240,2
domthewizard,-2402120632440947728,1
donatel23234336,-7205254545959372116,1
donatocavallo6,-2156742217623519057,1
donbaky1,-2741257685989974429,9
donchisciotte6,-3148151211817811215,1
donghyukhei,-5604932939503940456,1
donnadimezzo,-5100588101781232390,1
donnavventura,603651140865604712,1
donnzellaa,5506050501448400064,1
dontealberto,-266135124857340399,1
dontshootmesara,-1843506243986420969,1
donttouchthej2m,-590129476180147954,1
donutshine,-3536312606775728178,2
doraemni,-2178560943645683643,1
dorelsalta,4847959035963889243,5
dorianbbr,-4023037663300541859,2
dorothy02223547,3080478451465317059,1
doublec__am,-8782022034368177471,2
douglascolosso,7120591921981772673,1
dpmarc61,6867418268462814487,1
dprocaccianti,-265683152442312464,1
dr4conis,2635626656100540784,1
dracarysinferno,-6154355502828025819,1
draco1980s,1305857642951083350,1
dragomirfelbab,4580770060096876485,1
draugluinx,3196309800546400730,1
dravonfly,4499302439506258922,4
drawwback,-8773858551217935386,2
drblackmrwhite1,-3635214649348773669,1
dream_maker_00,-744220385710820831,1
dreamchaser1789,-8039841725692625951,1
dreamsmakealive,-6212227340639891603,1
dribblingworld,-2224824535378561349,1
drmanq,993000307814985347,1
dropuv,4119315709807445,1
drtrkulja,2835129873543779723,1
drum08377048,-112020568667430480,1
drumiano,-6582662926081318542,1
dryice23,-6795154650378851602,3
dsmala,5404301764232683474,2
dsqlaki,2758733709374705307,1
dst_ping,2004630851196415688,1
dstnsgdcntc,-5012971292847937074,1
dtti_digitale,6372586118795106208,1
ducaandrea85,5741486839425054739,1
ducati78,-7677065887640331481,1
dudiski,-2782428634478577421,1
durante_g,-2918519441710590785,2
durrellsociety,-7228184567661929385,3
duxfightdemon,-759092833355967829,1
dvdsct,5815953646598277922,2
dvezzosi_it,1793217255987517734,1
dvhmosa,-2331081346556842246,1
dwaekkj,7900625551231859717,1
dwandererd,4110319165455674413,1
dxnshxrmx,7049662015760028904,1
e_le_na_27,-6365695233344276158,2
ealessandrolodi,-6709114005465931810,5
earendilelessar,-2348781571784735915,1
earubianonews,1307116274007805832,1
eatpraytrash,-1494196014700381864,1
eb3te,-7743970660822906692,2
ebellerio,-438767012458242171,2
ecatetriformis,-4057673034424432075,1
eccyao,2121079592032003969,1
echenotizieoggi,3990715746421377720,2
echetidevodire,5179805195217750835,1
echoes41502167,8593804814693221939,1
ecilaimrev,-5141873090077673601,5
ecilaotter,-5159122510987914475,1
ecobioshopping,1969024404459673206,1
ecodallecitta,8562243348754847869,1
economistha,-4897855861761381049,1
edabel0,-5978538338140230803,2
edda_1953,869780105908913776,2
eddavids7,5644892932114650178,1
eddie7916,3812550482946638554,2
edgarsisoy,-8897140570122407325,1
edizionislam,5302188561453373287,1
edo52600408,-5014810254138878242,1
edoardo87855143,-1635729634713993224,2
edoardomecca1,-4718497850993307964,2
edoparato,-4640804671548887819,2
edorossato_,-190436561252511390,2
edotestaverde,4481871078804476614,1
edser_manips,7979866547325490912,1
eduardabloom,1045905777157077,1
eduardo25519234,-4607633650475392380,1
eeeehdio,-8004023260986613179,1
eeffettodomino,3019758655039928645,2
eendofthedream,-2612946486994568366,1
eeurus_,5800944340206006304,1
efesto51,-3530376476221235871,5
egbonegbon1,-970994437414245684,1
egidio_c,1726913799810653872,1
ego_sono,-4609886701738189461,1
egos23,-1602608390005212612,1
ehiobrien,-2133549334820658772,1
ehisickboy,-516361797847904857,1
ehitate,-901710901230627339,1
ehydemetria,2405853860330666172,2
eirstinee,-8809382491439614073,1
el_diez_,200473625429649769,1
el_marrano,7804240566136566363,4
elazar_13,264374489244469880,1
elena04506712,5769198752238541897,3
elena1962mar1,-2479004886295169144,1
elena52199033,-3071112324474700341,6
elena92488468,-6139405849533750118,1
elenabelloni1,-2816848435353902787,1
elenafalan1,1629632291933682347,1
elenafrance0,5570297774099145371,1
elenatiron_,-9090401347871062584,1
elenazille_00,1912358588685636404,1
eleobviously,1745581276521021186,1
eleonor22849454,301838893000423289,1
eleonor48801263,637867567033755043,2
eleonor64881689,1588879904409181577,1
eleonora23011,-1531601469182906551,1
eleonoradigen,-6633376697745813331,1
elf0scuro,7619810971669969259,2
elfrutodelavid,5943859652531121186,1
eli_putizorra,7521459732599256303,1
eliloveslm,-6733633223711030169,1
elis65352039,-8557996381205879492,14
elisa_bonn,2121479540198825890,2
elisa_lovely_,4559077536780187007,1
elisabettasamm1,-3599501485999682473,1
elisapotter03,5661142540144683623,2
eliseinicole,-2141977763834547846,1
elivebresciatv,4706893901543497519,1
elizahsworld,6709408216549682125,1
elizswaann,-4953507779967508129,3
elliemesc,-4587228096929785978,2
elliotcms,4604290064601842853,4
ellylor,1171197004284345730,1
elpekkk,-519740097560944861,1
elsifante,-8127548942344794749,1
elsim_,1739330638347496662,1
elulaii,2518057659957283348,1
elverdu9,-5406382296736530847,1
ely_ely17,-8889939192372174289,1
ely_skyward,-3473251175214702139,1
elyrossonera,-7169359353399380937,2
ema_cosenza,-7521370657520810835,1
emabiztalk,-3703897736749229541,1
emacurro,-1637673867819904238,1
emanuel41524572,1634792226776126139,2
emanuela_alviti,7225722459661152395,6
emanuelececi,8836632567350206653,1
emanuelepisano,-5833701030279213493,1
emiliangiolo,-1125457670168118860,1
emiliano22271,-2962802129727847660,1
emilianomndezm1,-2609658662409747836,1
emilianonaiar8,-7803651006172875663,1
emiliaromagnago,5221899730984265718,1
emiliawrth,2791446883230188520,1
emiliefloge_,-5797804069296013828,1
emiliofattori,-120414712692596265,2
emiliotitanio,-58512072492549632,1
emily59198374,-3900942137153618378,2
emily_lamicatua,1111780666407611399,1
emimaddys,8164127336953997971,2
emmaapaleari,-8594541876142859315,1
emmamil18609086,5573000792545798089,1
emmashands,2004960591491818680,6
emmasimeonii,366676555894030997,1
emme_di,-6779535241677397627,1
emmeci,-2473019232740998853,2
emmegui,-6759630265371081894,1
emmesessa,5356578468762118576,1
emminatatina,5060004907761605721,1
emmyliiiii,5534286334720891606,2
emptygodd,-3390489325404846025,1
emrato,-7967727938227371283,1
emwatsonitaly,4337488725981961425,1
en__abyme,-4493663801735167788,1
endiss__,-2691295272836790633,1
endlesslynkk,3576444842990337117,1
endlessmambre,7724480565540460365,1
endymionsheart,-5686657594975959198,1
engage_magazine,-1524470973112272957,1
enhypen_dreams,4895206766071893973,1
ennecl,2261006416739353435,1
ennisdelmar14,-2336768865604484421,1
eno_ytnewt,-2221535088376343751,1
enoris,-9220555178412094956,1
enotecaalessi,-763451530897881452,1
enricaforpeace,6675253085677724819,1
enrico35882492,-2136926238547425168,1
enrico_g_97,5197998348075759922,1
enrico_mori,-5288200802556184587,1
enricobattist,-3763123058113983584,1
enricocolosimo,-7758176774413358859,2
enricoparenti2,9174042761186226850,4
enricovestri,-7747996278926909517,1
enritalian,-4875713857747286947,1
ent3rtain3r,-5253945625033131573,4
entertainerxel,4845742662487297109,5
entertaixer,6232989613720970233,2
enzaedma60,-3012990062559449292,6
enzo2308,-643081403501225865,1
enzobucchioni,337926999142964603,1
enzocnit,-7140677129347214043,1
enzolucha,4952467940425494938,3
enzosantagada,4554628809893836690,1
enzucccc,2039336955102298090,1
eolsole,9163506569820213437,1
epalermo2020,-642964334490559206,1
ephremferro,6211968862548461054,1
epi_krieger,-3390014453057341499,1
epiph4ny_,5355546589159310612,2
epiphxny7,7466017339055416055,2
eppiyi,1083453235701820767,2
er_sor_claudio,1229189173786274818,1
erasmodapisa1,3758706721064484776,3
erasmopartenope,8622756538182820516,1
eravamoindiani,-3953921069317637376,1
ereike05,-442470664370123868,1
ericabove3,7028220361080200594,1
ericraperikrap,-4615788896699804929,1
erikagallo99,3737697714109020639,1
erikaungari,4490346854501754423,1
ermy77625982,-2120802133362112906,1
ernestocarlo25,-5293924180565888134,1
ernestocivello,3295041159025873592,1
ernestorocco1,-4789633251744278447,1
ernitwd,8399604603712943600,1
erodatoms,7899975992617162218,2
eroticir,5058247515385370991,1
erre_ci__,392597247826715418,1
errezetta,-623190175606257114,3
erricoschonfel1,7110834157703051914,1
eruanna_luinil,5519397049359725249,1
esccharlie,1753604412087463721,1
escharu,9197600947111907826,1
esilarantec,-4831841147441606235,1
esilisola,-2379464898281673959,1
esistenzialinte,-4036357434995291781,1
esma54224259,-5943915317107507840,1
espanicosicilia,-2539031468327725567,1
espidifen99,-921570348230905287,1
espina94espina,-2740970913139868301,1
essegielle,8714866832285949605,1
esseisolutions,582868712498823219,1
esserealice,1960820249716015165,1
esserequi,-3913036468585598637,2
essezetaa,5248270096467011936,1
eteria_cloud,-6697712518447920298,1
eternqltae,6677941625969394253,1
etextraterres3,5193546802918994535,1
ethereakl,-3215788953669783743,1
etllmdx,6790673751643246389,1
etrehypxdsc,-1524507234222733014,1
etrezzi,-789300438461418029,1
ettoreb74,7723015110545849841,3
ettoregiuliano,-7531502524876049894,1
etuitta,-5314016561234374425,1
eugenia9097,-137821651795927511,1
eugeniadelmoro,-1469348614681030034,1
eugeniasartori,8484631046669579664,1
eugeniobosio,9100642569551043850,1
eugenioosorioj2,-9092121658891387787,1
euph0riae,-4290283549610151055,1
eurodevotion,8112455620719093633,1
eurogamer_it,-5626809926799122296,1
eurosport_it,8382485241264338704,1
eva_blackheart,3467865086805376314,5
evadebortolii,-3352563223853227370,1
evanran6,5851758950623341087,1
evanskidrauhl,331568951196542270,3
evebazinga,-1453425596002938769,1
everydey3,-7090720104403757520,1
evgheni_73,7734962767914571134,3
exileguk,-8714037253466222949,4
exitostyle,4915116450300066074,1
expartibus,-6165995255885020861,1
expellharry,-8734772936764338511,1
explora_cl,5413809053721008579,1
exsworld1,8919002795981940625,4
eyeleshhh,-4162342350868493662,1
eyeseekiwi,-2057948390180416908,1
ezasezola,-8642223305141002412,1
ezioquaglia,-3593839912750903144,1
f1997fe,4914008424821886268,1
f1r3st0rm1979,5673036216983412292,3
f4llenvangel,-1661085406606252361,1
f4lling__,5358593732420350424,2
f4llixng,6678603759332830698,3
f4t_ale,-177650150242968066,1
f_broccardi,3628697119926218614,1
f_circhetta,-3262055934369592359,1
f_grandi,-861569216762952059,1
f_passerini94,6881746568406978231,1
fa_buio,6923492347708742536,2
faaabbbio,8163298549058370649,1
fabbri333,-2436417386348264741,1
faber65c,3475589279490292843,1
fabgiagnoni,-9214851943079768664,1
fabgilardoni,-1775905866592493398,1
fabiafanpage,-6788941750843806892,1
fabiana11391910,401711771599406862,3
fabio58888118,7416514360073367727,1
fabio_fabiani79,-3945379522767150867,1
fabiocominetti,2693134496761615183,1
fabioleone_,-2240294282056601200,1
fabiotosi9,1707290205831029618,1
fabius40884986,8825782534679593559,2
fabopolis,-1256532315228358018,1
fabriggio,6431955069845636865,1
fabrizi56796263,-4682277016857432463,1
fabrizia_alb,-1822512812652350835,2
fabry46017562,-1831781679486504545,1
fabryegio,2693641991100466753,1
fabryrock1,-8514346226130910990,1
fabxlouu,-2958447584683076072,3
facciamocome,-144431832723890101,1
faccionetwork,-5449620091926395439,1
fadedinhc,5193985824950948953,1
faffa42,-2624948813333844492,1
fai_cisl,-8994290015938652484,2
failaghi,7600980905239821841,6
fairynako,-2467667161789620068,1
fakenews_24,4577655760919232750,1
fall1m3nt0,4747824265415445704,3
fall1m3nto,-5154357354098295915,3
fallingmatuidi,-5559309891354675762,1
fallingss,-2589399039007069221,4
fallingvblood,-8579960774062687259,1
fallitodasempre,5259708147389297031,1
fallout_botita,6416117421261549389,1
fallxngagain,151799778941570687,1
falsagds,-3079849511499574126,5
falsegoddess_,8280428516705407637,2
falsit3,2618538779484125170,2
falvazar,-1567791568166292660,2
famigliapollo,-789853507905629846,1
fan__af,7658788107837904150,1
fangirlnside,4578014088221216402,1
fanism_dmh,3261144725753297286,1
fantasy_magazin,6816314670243867961,1
fantuzmarika,661902299910727746,1
faraon_alessio,-2636711955856841774,1
farbonobo,9144948220505935805,1
farfallablu13,7244429153493531897,1
farfy_sulprato,2243627415811129210,1
faria_graciano,-6801985289628122861,2
farinapizzeria,6913255133462450959,1
farneseroberta,6435310006456595581,3
faro_atlantico,3360812981798722635,1
farted94,3043895672228326310,2
fascinodelmale,-1074283619011885558,1
fassonedomenic2,-2764847196648224639,2
fatememagna,6174019086950175330,4
fatemistazitta,6924721289854489755,1
fatequalcosa,-437346862322256899,4
fatto_sara,-5888398631323958966,1
fattoreoscuro,-5004460143569018991,2
faveaulionel,8797834595431295486,1
fazisilvia,8959408181524953512,1
fbaruffol99,2935832648138210872,1
fbo_oks,-4445396122882730028,1
fcglpatiminas,1795321052938790876,1
fcmilanarg,8233735365849294460,1
fd9901,5617508906996579627,1
fdestiny1523,7754518569021717373,1
fdiciannove,1870548747673748341,2
fdl1975,1230386977356971701,1
fdrc27_,634628080068454111,1
fdy026,-8218519972245921783,1
fearlesskvm,-5143850120337147299,3
fearlessmysun,-6923417569786663534,6
fearlessvl,7442160800338536060,1
fearlessxtommo_,-4813598727696992366,1
fearlessxxhaz,4347992574171933298,2
fearlouisswt,2410276869519230763,1
fede0891,-5657305409534518202,1
fede301506801,1349345840212993278,2
fedeapollons,-1483793442397891842,1
fedebartoli73,-7582645538866808535,1
fedebelluzzo,7057385797424731361,1
fedeficientee,2947424424896601172,1
fedefraschetti,-3270073131413720952,2
fedemello,-6064155344366344049,2
fedenostop,8985052267441033863,1
fedeorsini87,-8468688984489913098,1
federesty,-7840758818574923677,3
federic77107667,1268667063526248666,1
federica_dl,-7076896741370273867,1
federica_leggio,-6682956890971410059,2
federica_veltri,-604827626046655855,1
federicacoruzzi,6798972591737734332,1
federicaflajani,8131684616273942969,1
federicagb22,5084260009243241717,1
federicatronci1,-1526087130931623137,1
federicazenga18,5556421441406936009,1
federicisofa,4027668618478039124,1
federico_lepori,-2903515417334369767,1
federicociavare,6553191768369215088,2
federicocitti,7835958243895377702,2
feduplys,6328685136237493221,1
feelcrowd,-3331844656017219054,1
fef58,7654556432280920658,1
felice_modica,276019332944513449,2
feliciarinzo,2697819231032433366,1
felipekarmelo,9211264727526611224,1
felipemaryfanti,1010826754449268549,1
felixperrella,1917070982793665357,6
felpvato,-4586962249049214892,3
femboyjae,4405480650145240321,1
femdomagazine,-5105095596141856971,1
femmefleurie,-7939336213224129071,2
femmeswift,4834209158265602974,3
fenealuillecce,8230039094427059206,1
fenice_risorta,-1851504365131475947,1
fer3p_,5134623166036097652,1
ferconfe,-3753216034714061629,1
ferdiava,344051784352084938,2
ferdinandoc,-4537612428056620222,1
feritbeyx,-4591585597394611619,1
fernand82486501,4405201449262020131,1
ferrantegonzaga,-8674846520643806292,5
ferrarisergio4,-324765163468136103,3
ferraroale81,3142246897888684184,1
ferryrm,-8153755606969747921,1
festa_chiara,-6121858347182488858,1
festivallavoro,-1132810117052648075,1
fexrlesxj,-3747269259919442826,5
fezantiel,-861495743527232691,3
ffairyhong,-1072154943699394432,1
ffelline,-4670380021251563128,2
fgasbarrone,2990865252811637386,1
fi0nda,4550371685528485649,1
fiammetta1966,-2514916443373684124,1
fibislazio,-6055518613549084804,1
filcacisl,-4360536741282848789,2
filcacislpatp,-2551247408603452081,1
filcacislsicili,5412966764591276174,1
filippinipaolo1,570756797412737332,1
filippo98894953,-3261354554115010522,1
filippocecchin2,2899109871354365438,1
filippotommaso2,6153185820011538441,1
filmpost_it,7563105460579168822,1
filo2385filippo,4921301948389834184,5
filo_gagliardi,5613045067759144950,2
filocre1,613259468767133756,3
finaldxctvm,903361578625447963,1
findingunsenso,-3564759678912019689,4
fine__line_02,1693021559663917783,1
fineblud,-948663385347740263,1
finelinevstyles,8144995670006860023,2
finelinexharr,-7572828181030087678,1
fiocchibosi,-4725627771886062827,2
fiolellino,-6445099024716444406,2
fiorentinanews,7037948614289154449,1
fireefiy,7444070371005428124,1
firenzegiorgi,-4468744583914677320,1
fisco24_info,1120364750968312770,5
fl0werb0ynamu,-1821433159990539175,1
flamanc24,-7424116356770132538,15
flamboyant_nana,6686994869445729857,1
flamminiog,940761959366015372,3
flashvlight,-8449633306669100171,1
flaviaa3092,-1513399739839784666,1
flavianaboni,-1672700185237929870,1
flavioviviani,-6157366784739825496,3
flavmeister,1186136243685447696,1
flawslou,7019884375531300330,1
flemish2006,4706789280019503698,1
fleursetfourmis,-7327232971456356684,1
floatingboy,7483490947452432114,1
floremusic,-7926046737799920364,1
florianaz_,-8179248505550159616,1
flour__00,-828252172611131560,1
flowerforhaz,1006665326454710826,1
flowery42,1698621754507211055,1
flowrjwoo,-133025280610147470,1
flowyrus,-421513568730710961,3
floyakono,5477308461928111676,2
flvtchersmiles,687863873714489789,4
flwr_tete,7274638437684330487,1
flynnsarcades,-1789917190697224823,1
flytookoo,-9010749754512523183,1
flytouroom,8938624647720246356,1
fm_is,1145376530053723958,1
fmcklr,-8953260565677603431,1
fnpcislsicilia,5704355831567074683,1
foa_u,3237875493598075549,1
focaccinad,-8981398845229745629,4
foggylady,-9000860971032543124,1
foikwt,-5283956111643853363,4
folchetto1,1213447333315311092,1
fondazionene,3510358335784247346,1
fonotherm,2136506585171196575,1
fonteufficiale,-923829662334328017,1
fool_for_harold,-3640295993683903374,3
foolforlou___,-7438791594541628381,1
football_bot_it,-8085040879458389340,1
forbeslockwood,-7594516734053554565,1
foreveragain70,-2118905021991525061,2
forfunhere1966,-9170106891709966415,1
formosog,-8809437368056037067,1
fortbrnewsleaks,8105570688036194390,1
forum21890,-2743169808229661855,3
forwy4,-7536155169751309390,1
fotoserviceit,-856745380922319369,1
fottetevitutti_,-5180834607077730504,1
fpcgillombardia,1657828935815918720,1
fr3cklee,-6413456156044489290,3
fra032412,-4574554943466847237,2
fra_mrchs,7636121789658529767,1
fra_seme,6024118728443808030,3
fra_vaona,-4038472884953425999,1
fra_vfc,-8886423124019919992,1
frachimolala,-4482800080217472171,1
frackoward,-6500852276842655393,4
fracostanzo,6702674989210326439,2
fradelpunt4,-2140986354887849305,1
fraernesto,1383589700297228330,1
frafrrafry,-863399649854527820,1
fragalv00,5671931630416488970,1
fragiletulip,4853376720920283869,3
fragoiine,576927259062226676,2
frah_3,-7369929320241074788,1
frailmari,-588362276856657673,1
frainculami,2761792103966368064,4
frajustsaying,-1139348299780091456,1
fraku89,-6532583581674539952,1
fralibonati,8554714365028254728,1
framidala,5957003965562309997,1
fran_1c,-9043682543612320089,1
franardi_,1147261857512187049,1
franasato,3618113743317540955,1
franbar71,-2726075744825471806,1
francee74851912,8489592808262612679,1
frances03470966,-6475468120169738752,1
frances19165150,8927835228490771527,12
frances56188770,-7448375377933815709,1
frances78863240,8205797050809394734,1
frances_es,-8658586807383361078,3
francesca070601,-4829507049230442947,1
francesca071906,-5576491180874531109,1
francesca12084,-3236003158678888303,3
francescapanda,-8127302555625006363,1
francescascalm1,-5780644225567133375,1
francescatucci4,2555518401411803774,1
francescavinci2,2151765345101897337,2
francesco088661,7000227682607128963,1
francesco_9809,-1720920600759146309,1
francesco_rizz_,4723824557717688240,1
francesco_terry,3437155615153683300,1
francescocesch1,7805624727053735979,1
francescoghamo,9084852312712704596,1
francescolup54,-6771041702266186187,1
francescor1zz,-5455220717768818047,3
franciungaro,8625042087555726407,1
francivantos,8420809252284753542,1
franco30093155,-1075137173820766171,1
franco67238399,-1613293913505116839,1
franco_sala,7261090601128930068,4
franco_vitrotti,116050019112300656,1
francodavino81,-7513204660668622381,1
francofracassi1,4843654957884354006,1
francorainini,7637387951487928457,1
francy38867576,-7015142422185305167,2
francyika,-3450223100117609946,1
francym97,-2557676184135693372,1
francyy12920978,6268671544960167386,2
frango0o,963620145374414125,2
frank_weed420,-5088928714704615528,1
frankydanese,-5186864170962962773,1
franpomoio,-1800951730019072514,1
franzamazzotti,-24192986480802139,1
fraryglow,-8320207175718134953,1
frastarita,-3659248777385969387,1
frasterix79,7979589643417544449,1
fratmchachacha,3747698435273400832,1
fratraa,2678972060880988446,1
fraumax,3000519891140005113,1
freakincutiepie,4557195676034984982,1
frecklice,-5951892104451005158,1
fredmosby_,9111656926708458828,5
freek43186057,-6253324412311214418,1
freelyafioat,-5391425447695289933,1
freetonevertob1,5084393286425309460,1
freshplaza_it,-334144925491068826,1
freydum,2462636406110740573,1
frgriba,-8328070035021599108,4
friedrike_b,-92248262678483235,1
friuligol,-13824355179404894,2
friullibar,3415099165092319498,1
froliino,-7869533426611022722,1
fsbraccia,2154069661701281924,2
fscalmati,-1218581342883304931,2
ftuozzolo,5707338190380048245,1
fuckitjimmy,-2269572849718182875,6
fulvalag,1481934872486292284,1
fulviocortesi,4225957715056399637,1
fulviodalri,1766291535024973366,1
fulviovigilante,1636528311955605129,1
funku,2631321086811376001,1
fuoridallhype_,8776892368664289654,3
furnari80,8335136151614965044,1
fusasso,-2383905359475350620,1
fvckinmlkovich,-4138723737221881082,1
fvckuroo,3784403343958390674,1
fvllskvss,-7534272965886569019,3
fvlmine,5761639047607301919,6
fvnzioniamo_cc,8681622662344798439,1
fvstucker,5625911000079917103,1
g0dbangyedam,4884698343678165212,3
g0ld3nmoon,-8591077377790234558,2
g1usy22,-4078084043473573573,1
g4b_neotixx,-8985225640575377549,1
g4ttini,4930331365199124007,3
g97_98,2399020700406673499,2
g_a_v_76,-405475633689109392,2
g_delbianco,-5885064258062193441,1
g_dimarzo,6321813936863581215,1
g_erike,7718043852115968954,1
g_gdouble,5652012848508986239,1
gab_3_98,6346168512360755050,1
gabbianella62,-3667976461023511688,1
gabelmanu,6870505064715275939,2
gabo740404,6374329920073866035,1
gabotto_guido,-8533789554256508533,1
gabri0344,3131343742639670824,7
gabri1967,-1510185160989313205,3
gabricoppi,-5252825336561671701,1
gabriele_p_rm,-8526396743469371054,1
gabrielecarrer,-6090627299739089327,1
gabrieleleopiz1,4067930326268938572,2
gabriellabargh1,-58437587911482235,4
gabrielsniceass,1601593717158550762,1
gabrimazzon,-4787650493174606200,1
gabrimiao,-3164130525188320606,1
gabrinaskia,8557163952291735435,1
gabry0702,-4175667938844297076,2
gabry7v,1578659901175777881,1
gaccessibility,3259987049661019095,1
gaetanob10,-7541363153601184507,1
gaetanobellino,-2658554014337989486,4
gaetanobresci9,-5242756214563049800,1
gagliardamente,4845599253535159809,1
gagliardi_andr,-7315160725182826852,1
gaia40890494,-3773613157273082664,1
gaia7017,-4321178358109685120,1
gaiaccc,-2040352471262090413,1
gaiaprentiss,-270877618380363485,1
gaiasanatomy,-6397336084234569829,2
gaiasoleluna,-899405165928104654,1
gaiax_,1512263486960247662,1
gaietta200126,8731904234257640248,3
gaja040225,-2373256038770610420,1
galactikth,-4834873056428945620,3
galaxiasviridis,-9074345976485289849,1
gamespaladinsit,-4515273581234284176,1
gametopus1,4860449307311500017,1
gaming_blanket,-6604878902045914279,1
gamingtoday4,3622942878940463236,1
gandalf1948,5158829259372418453,2
gandalfclaw,6319991069139287749,1
gannvogh,2994352198199096772,2
gasparecaj,6141027430091826756,1
gasparepolizzi9,5819423331521038846,2
gasparestabile,4714741451854469113,1
gatasch,2454713983241891102,2
gatineaupatrick,-7139011941057663597,1
gattochepiange,-50038138320082458,4
gattozampone,-6739619708104414738,1
gauss_2020,1538916397299294279,2
gavinofranti,5160167539930593215,2
gazzetta_it,-176920019373494611,2
gazzettadmilano,3877402770797906281,1
gazzettino,6035428036109247095,1
gazzola_pietro,2401597094677876489,1
gboccali1,6937718639286112838,1
gbtweet,-6603625293991494450,1
gcirinei,-1159798379102648603,1
gdallaglio,4954359202003150269,1
gdpavia,7761416297181728964,1
gdsmaelle,-2113275564691936083,2
gedeo,-6327767193190217608,1
geggetrailibri,-6267011054555869356,5
geisperanza,-1477928172537952490,1
generacomplotti,7291478827856875356,2
general_mafia3,-8790234379241529363,1
genesi20_03,7281853148803690596,7
genna65,-891841088693498210,1
gennaroelisa,-16659523177149207,1
gennaromigliore,6895239584444337068,1
gennarosenatore,7474480891721057655,2
genx52,-6220834708901964454,4
geometriag,-8894252904528566079,1
geovalsassina,6962553892286607052,1
geppoestfolle,3037135609549473978,1
geraldouccheddu,-2736241572910250154,1
gerrypatruno,2180102450900567269,1
gesau_it,821285529173953914,4
getwellsoonlwt,1912990249262263020,1
geupeptico,6079360971866941596,1
gfvip20202,-9216949427915936762,1
gfvipsondaggi1,-2036122451598911904,3
gggreatescape,-4999510735857546011,1
ggioiab,2381606475614752755,2
ggirlaalmighty,-7064199405256062433,1
ggloriasparkles,-6971592444883609690,1
ggrr394,8240219691189626885,1
gguk_0708,3592141035070111391,1
ghegola,-2254178004809267242,4
gherardimauro1,-8780361411723665090,4
ghianda,7532544906995124505,1
ghido85,-2144911668065280550,1
ghigliottina,-514862587901397645,1
ghilardi_paolo,-970640168123361166,1
ghilbs19,-2125728644787722177,1
ghiselliviviana,-9179853801998493120,1
ghostin91s,-3598000652781791768,1
gi4nm4rc0ix,7677107119109547629,1
gia29200249,295149420914866705,1
giac_heron,4761302613151167942,1
giacomo94_,-4858406946332313397,1
giacomo_qwerty,-772119392249362061,1
giacomogattoni,7794125460539763451,1
giacoomoconso,-4626924471320726479,1
giada_aro,-9147108121712718284,1
giada_foto_di,-4927496470636525546,2
giadapalombieri,6171525289752547728,6
giadapiccioni,5564908553421500324,1
giadaxhaz,6891710603027952434,3
giaduxxx,7456949412544350981,1
giambalibero,7270322545292692349,5
giammaestro,-4338310886396536568,2
giampieroargen2,-2253887933212316997,1
giampietrofox,7849728023386148064,1
giampy_ass,-2101612098086952747,1
gian_forza,-5112876301957111568,4
giancar12348073,7854059337968090204,1
giancarloperazz,-7953886274777712543,2
giancasagramola,5483444467426749339,1
gianfra12198016,3256161086151542689,1
gianfrancob3,8754888116769431814,1
gianfrancomoris,8665836042930129351,2
giangiotheglide,-4210921994886278353,1
gianksy,2886997503402685816,1
giankyge,-267422326717867871,1
gianluc32612673,5942405657062208814,1
gianluc54410558,-3219165997247741624,1
gianluca_prato,2903338824315072986,2
gianlucab1970,-3814864180667485863,2
gianlucaimpa,5002858827499326088,1
gianlucaodinson,-8442669652169696022,1
gianlucaworknet,-6282779515538577972,1
gianlucaxacqua,-5903964952108691263,1
gianlutanci,4854155944366282368,1
gianluvaipiano,-267541809610559722,1
gianmar26145917,-7191218670470268448,1
gianmarco_genua,-7370310165685581296,1
giannabozzali,4319757784647485932,1
giannacereda,-8292283713965405019,1
giannaxmari,8723147776947113796,1
giannileft,6803990125846111792,2
giannipo,3032412428178008123,1
giannirosano,-6801002014816967116,1
giannirosignoli,-7937440553259913674,1
giannole31,-6356130305502532409,1
giannoulaky,-5202799602627467171,1
gianp721,-2202948494867083511,1
gianpa84877516,6805561675548076357,1
gianschiavon,-1005763739118459826,1
gianysalvagno,6269197793561556588,1
gianzic,5738438560818438100,1
giaquintagiada,-6894532573124284601,1
giassofwhiskeyy,-7348326509911496817,1
giaverimichele,-7113298845661317651,1
gibi45035873,8473786558488913428,1
gibimosca,4280395168887366743,1
gideonwarwick,-7288361099009496945,1
gidtonic,-5203651105870541928,1
giffonifilmfest,-5165276576975302048,1
gigibeltrame,5831735170752557902,1
gigiditerlizzi,-500171617182548278,1
gigieinaudi,-7046983538298434962,1
gigiwlf,7230601093708546619,1
gigliola11,4503427291730148935,1
gikmotta1008,-8904723973414895784,1
gilardinad,3484118947006347773,3
gildeddaylight,-2568738886547854379,1
gillesgressani,4564235766299658138,1
gilmwregrl,-4149876383339112498,1
gimar69marchini,4980745864922860218,1
gimmesomefood_,750242659865729963,1
gina32451015,1762456320134872279,13
ginapiccione,2720105530130271086,1
gindaofficial,8684829849574063876,2
ginenovi,3333427393947645777,1
ginevra_styles_,-8653164357585628582,1
gingerjcb,-5757088169337995438,8
ginny_skywalker,-1356360110406864384,1
gino53301512,-1726110082329379196,1
gino_tam,-748835742235423463,1
ginogino17,7533402354377517923,1
ginovene,-1529110781217768101,1
gintok1ss,-6674412729237444014,1
gio_rgiy,-5530716752782431353,1
gio_unnie,8945777494748592718,2
gioballerini99,-1831941619452916175,2
giobegood,-3833613311647877167,2
giochistarter,3674616780955750698,1
giocor2,-7000192055943027652,1
giocorct,-3090210473054074511,1
giodiamanti,2836961355528217201,1
giofrigna,-6749325409945979761,1
gioganci,-1974914617319237161,1
gioia17207950,-4061096677031766923,1
gioia72825985,-2983070040630105927,1
gioiozzia,-2674829334985718847,1
giomalafarina,9184331313851730727,3
giomo2,-8297878319432459516,8
gionnipa,8542435423867494335,2
giopigli,-3286860887016223105,2
gioppino91,6158822364263173893,1
gior57702725,-6677762578517215187,1
giordan13829166,-67113956248996446,1
giordano218,3353684528349959490,2
giordanoamici,-4096838754681400058,1
giordanofornoni,-3791737950185612422,1
giorgia40543455,8254997415215873168,1
giorgia70400872,1237589703090303413,1
giorgia_bravin,274634485988458731,1
giorgiafacose,-4017473238099660718,1
giorgialodi,8088669564697840331,1
giorgiap85,-5668385024249665293,2
giorgiaprini,-5078077844799687908,1
giorgio00421018,-3068489042085393301,1
giorgio03260603,2455779050439996722,1
giorgio_rosi,-8399175166581355153,3
giorgiobassani5,-1718569319538141440,1
giorgiofondi,-6094289798194851605,3
giorgiolaporta,-6189893738529161918,1
giorgiozamboni1,-4525747183255521854,1
giornalecilento,3599307929899878485,1
giornaleditalia,-5610380162467160837,7
giorot74,2156161025681441691,1
giovaguerrato,-3448546791781650747,1
giovamanna1982,-574327745772599087,1
giovann00341278,-2382359443850400168,1
giovann05933415,-5296967715154748494,1
giovann15240686,6066931741299833645,1
giovann30445712,4134219186837698281,1
giovann32389136,-4129094486943844092,2
giovann92669360,-6713643397808003951,1
giovannacuoco5,-1826932413900101497,1
giovanni1962rm,-6607656815612481144,3
giovanni_7,2441762876604829652,2
giovannicarbog1,1705145018136104486,1
giovannicentore,8598633348322169522,1
giovanniii,-7968777370777366433,1
giovannimotta2,8179076028493283245,1
giovannipiano64,-7310963470686600716,1
giovapassal,2317664825053182665,1
gioveron,-2043374172617215943,1
giovis333,60539657996151459,2
giovissup95,7239466767545998611,3
gioxloueh,-2924347407259960111,1
giozambii,3180151661686993491,2
girmello,6775352245746458323,1
gisastheclown,5697318161762292644,1
giu_alessi,-6009867477165158175,5
giudal1,2242085236474942762,1
giudefilippi,780448219686997828,1
giudiiiiiiiii,5978651271084668587,3
giufremaurizio,7846431570822938244,1
giuggio72684862,7237781440642573960,17
giuli4aa,8768335940450396109,1
giuli_valle,2380125314172163359,1
giulia44382708,4120419417079255105,1
giulia732000,-639391443879634337,1
giulia_montali6,-6092562786337670015,1
giuliaandme,-8330088447999798652,5
giuliaftlou,-3314575194606306622,2
giuliagerioni,1449925070400525850,2
giulian06307360,7500472477435844319,1
giuliana0320,5297102294138451808,2
giulianacavall9,-8515462448329480346,1
giulianatoli,-1403942996237536599,1
giulianatumiat1,402473572297597500,1
giulianomedicii,927768089111224260,1
giulianorobe,8054746751020023274,1
giuliapzt,1128596838299739191,1
giuliasevarin,-7452132933616775041,2
giuliaxgolden,-2859258621531898584,1
giulibuww,3104103959658582273,1
giulio08928611,-3602190007750469914,1
giulio_nosotti,-6269313456067095796,1
giuliocentemero,-137127978050357951,1
giulis_here,8538829034538318187,1
giull00,4433648632300392076,2
giuls1313,7844884032617099449,1
giuls_blurose,-3106424580423051806,1
giulsard,3650296022395663921,2
giulsdontknow,-1615025285509994578,2
giulslovesharry,3668961168202325525,1
giulss_m,8836396138107131709,2
giulstoms,8226981966660081256,2
giulyprofeta1,6390925950388180936,2
giulyromu,2208424903655168371,1
giumanluca,-5399689199900459286,1
giuromos,-8287057826145378913,1
giusambr,-3156230514077376370,1
giusepp26551025,-8556766646896517014,1
giuseppeacm81,219030722117417165,1
giuseppeavigli1,-1354412003343550420,2
giuseppecrisaf1,-3142504112860044566,1
giuseppefalci,5207585491913061414,1
giuseppegando16,-4602007238048303616,1
giuseppelupo8,-7931646780551890462,1
giuseppemorise,-5963350698826867611,1
giuseppezane,927998445110597340,1
giuseppincr86,-289001630725977945,1
giusette7,-8321950499297671320,1
giuseverzz,407441891625468227,2
giusi1975,-4379947609574860536,1
giustizierex,-3041317096236103667,1
giustw,-7220699465650150687,3
giusvapulejo,-4140263575763236311,2
giusy6156,-3873420808427615683,2
giusycecere,4325643960119948679,1
giusyscricciolo,-7313451846428055433,1
giutapjindercul,4243715082864303704,1
giuuubo,1450001567923579059,1
giuxperfectnow_,723019181375973101,1
giveharrylovee,1891789900829781438,1
givemelove_24,1155908440852386453,3
gixbordersz,-6483676150625788790,2
gjngerhead,-6427300433063500124,2
gjuljada,1244769203970807653,1
gjvemeyourheart,-9012798136258625308,1
gladiatoremassi,2260487343106448272,2
glaitalia,-1358865272206589376,2
glandesaggio,-4411195856922467988,1
glasscloudss,-1423032618012400869,3
gleek_1897,-6776543221141359260,1
globalistit,-3448366520050878942,1
gloriadressel,-3003617369296387020,1
glosweetyglo,1871414600739633810,2
glypho_mag,2229015477629823487,1
gmaitino11,8266890677511242702,1
gmarcuccio,-2047715895912728285,2
gmastroianni24,3776338771273880001,1
gmora_2,8092614259121496773,1
gn0sienne,-1766895800034162346,1
gnafaccio2,-3058555738766221178,1
gnappo1897,-6237202302083115287,2
gnpiccolo,-970983461752409502,1
godot42405938,1132557668183363518,3
gogomezpink,5579165668549478922,2
golchatv,-6658348570845328620,1
golden_1011,-7246637023068282662,1
goldendaayss,-2786583918289973478,1
goldenlouhes,-6027145334780942478,1
goldenperries,1355532551539705217,1
goldensicarus,6328494862901177806,1
goldenvlouiss,2275736123715298262,1
goldenxhsm,1672829168760737956,1
goldenxlarri,-5729395030301308386,1
goldmoonlight_,-4506251781145773425,1
goldrek75,2159434643636552099,4
gomlogy,6947607671320695771,1
gommothcecco,-6771085644650726624,1
gon_alejandrez,-1995657288115154294,1
gonnabeokeyy,-4509431424069477957,1
goodlilmingi,2440994223935186417,1
goodvyears,7440350228396817127,1
gooldenxzayn,-5332563828591640581,1
gothamel,-5851778735867752662,2
govi47,-7462821260950094220,1
gpescapesco,9076600998284212192,1
gpiziarte,-196840288554925197,1
gplegasalvini,-5505104958590616579,1
gracedama,7529745125273524304,1
graceyadi,-4635582281178769149,1
graffietto1,8600975884056408236,1
grafo_lo_gia,6401325015341493601,1
granatafr,2848963944645983061,1
grancetto,-8804293896901680725,1
grandefratello,1185216208918537215,1
grandehermano1,6327123960406507742,4
grava1995,-2023207781847977841,2
gravityyal,-6501880199653830800,1
grayfox850,-924764238196200985,1
grazia_dany,-8977519926403082964,1
grazianig,-3896017186014558396,1
graziano555,7099980113002975733,1
grazianorossi,649602459762400743,1
graziella725,8257955655984838764,2
grecofedericax,-5042566865121110536,1
greenme_it,5760955313059305656,1
greggeminy,-5385448601382102335,1
grejwaren,4694963843696154080,1
grendelftmoor,-7978516329981083296,4
gretaraggini,6870572354521688931,1
gretasmara,-8228370519397299081,2
gretollo,-6071669128573135608,3
greyisthesun,1140151126448770919,1
greyjedi90,-5360582499635831649,1
grigorkh,1601148607198884913,1
grimalog,2029895700230262567,1
grizelda00,6289121526873404993,1
grotondi,1318739263606228416,1
grottaglie,6434757521861618422,1
grumpygds,-1882398936662972401,8
gruppoesperti,6935221455301772262,1
gruppoveritas,-7337716882787523613,1
gs_is_the_queen,1079034372132610920,1
gta1981,-1082600611491386932,2
gu_rocha30,8336418527421097250,1
guantan67785302,-7103455888066064381,2
guediver,-5211028795781946833,1
guersaci,5067632516482948225,1
gufolibero,-8925650681801092192,3
guglielmo_totti,-5745040237092729863,2
guglielmoelmo,-4831672164595292483,1
guich76,907108871944494807,1
guiderapaola,-6794407283836500716,1
guido_ragazzi94,-2312049424936154823,1
guidoconforti3,5660111834238810723,1
guidocrosetto,5946623626515639928,2
guidomarchello,350877411322047106,1
guidomattioni,-9032323005888145917,1
guilamour,7562774096702634835,1
gukkstats,-4671149620325467223,1
gustavolapatonz,-2006580188542726267,1
gutspili,-8595355964537143461,1
guyoverboard,-430576178110295010,1
gvardianangel,-515454896934310476,1
gvldenhaz,7514452816414713399,1
gvldeniall,-2368922829774232878,1
gvldenloujs,2574378277074654007,3
gvldnhrry,1973656059656162758,1
gvldven,-3021100105744240284,1
gvmmyb3ar,-5939295902607406685,2
gvrrjtsxn,2160324423017483569,1
gvuccilou,-4453271193489325829,2
gxdhevad,-1463761187865816031,1
gxldenfxlls,9044594764854218445,1
gymoland,5704726353624204937,1
gyuldodo,4628789893214876137,1
h0urlytete,5404850301410802742,1
h2020locus,2645694123299956947,1
h2s0o011,7208661831770570069,1
h4bittt,3007023087459935987,3
h4nfalry,2698017962015320614,2
h4rryzjm,1386296108874406227,1
h_steni,-712732452804482816,2
haahahhahaahaha,84959879177484092,2
habit_soph,894444426230944622,1
habitrogues,6640571574667897943,1
hacca1301,-5552856701830770494,1
hackxers,-3225790482640571912,1
hadidsahyo,-4600860279793469204,1
hadseeey,1195048741446229396,1
hahrahmidey,2556173119330607484,1
half_blade,9027605690222597314,2
halfaheartxx,-3860286045358353733,1
hamzaroberto,8269356638103735147,1
hanbinized,-2624428429440871395,1
hanbinywf,72151075536994261,1
haneulinka,4792184736448690685,1
hanj_kidolgdr,-9108956880591587108,1
hanjinly,261436648412426917,1
hanjshine,-2159521699546835917,1
haoflatass,-6841867096424400763,2
happy4mimi,3084462039916586437,3
happyvluke,24186680050698413,1
harkysh_twt,419430977675111832,1
haroldluvloueh,-8212522899636563878,1
haroldsdimple__,7989378057626508585,1
harpreetpadda6,1642127611224125730,1
harreharm,-8194341727770238771,1
harryftshrooms,6310989012060546537,1
harryisgoldxn,-8964303964837003008,1
harrynastyles1d,6729005131389298463,1
harrysenough,-8436190936880641365,1
harrysliips,9148246609756780582,1
harrysmix,-7952949871403306528,2
harryvgolden,6195946536026080377,1
harryxarms,-4537306860488588835,1
hassan_riccardo,690247597152200437,2
hatefulheight,5967130577256953904,1
haushinka86,4201232857583284424,1
hawkshade_,7195579746526846398,5
hayieyslaughter,7054702630717668110,3
hayleyt_jackson,-4521589933003108880,2
hazsbxby,1596994815951604175,1
hazsxgloves,6887676928681451540,7
hazvart,-2163154404722313704,4
hazxkiwi,2696751850418099185,1
hazzatorescue,396301971857404909,1
hbs_eric,2141799620197238395,1
heavydirtyhead,234477189500220459,1
hegelretweets,-3017351457933494413,1
heizeheiize,-1295528947078058427,1
hellbrus1,1788344992762639433,3
helldemonngirl,-2805180605029115872,2
hellias0071,-3489869807035915210,1
hellodetective_,4829971075114437355,2
hellokitti1973,6673268352610262909,2
hellyguarn,6560701230754443140,1
hemmoguk,7794004905617763396,1
hereitshilary,-9166500331460160090,1
herethebe,-3598536019782559600,2
herethereisyou,1327574827323649193,2
heroesfarewell,6429595447294322808,2
heronchiid,7727174854791413417,1
heronxile,8632443920896363661,2
hessflowerss,-6012802160221659488,1
hetslugo,-1604333598131122381,1
heyp4ola,8993966477300563956,1
heyyfra,7767563737087161317,2
hiideeandseek,-4296499209307395279,1
hijadeamazonas,-231966055805280661,1
hikaru_mirai3,-1072181688364982165,1
hinatroia,1668518374798446142,2
hindbstyles,8169038567970964425,1
hipatia36538162,-1572467525894358386,1
hippiemvsic,-3999466244687160131,2
hiro_maggica,1788806617393994953,1
hirondelle_efp,4335871233019232317,2
hirtbello,-4245133494458927322,2
hisame38,5541213717146486412,1
hisankuroi,7750706629683633762,2
hissmile13,-2582202041491257409,1
hit_e_k,-3406773344157792482,1
hitsalicex,2406983850164598448,1
hjstbz,8670142873792770722,1
hmhj_jpg,-7811983055446173951,1
hoanikariv,-4719831955026125242,4
hobichuuya,-6821876134467816435,1
hobicljpse,452160258463265785,2
hobiintheclouds,3410998343081435812,1
hobinseok,8428616535166621476,1
hobisvanblue,2517894379048625211,2
hoelyrenes,-98727255475960135,1
hogliannicheho,6713603304137553521,1
hogvaarts,2820884353931369959,1
hoiyhyunjin,5095723472138093569,1
hol1c,8194162222857733737,1
holdmewhilestay,8120945189858441831,1
holdonblueyes,-6564683860116553042,1
holisticmurder,-4475667543791076550,1
hollandscurls_,6226298133150061955,4
holofaerie,-5356679328070176394,2
holydirtywater,-6715557984554026663,1
homersimo,8731744059236939908,1
honeyvenomxxx,-3668223612929746538,1
honeyviolencae,-2831080053950044587,1
honeyxvmoon,-1334950773143669972,1
hongdzur,379657294783898925,1
hongfvr,4036983441508422556,1
horanmydrug27_,-2882304389519744543,1
horecanewsit,-4994032229162329727,1
horusarcadia,-3926821968015164800,1
hotaru_tomoe78,-5594667639178365207,1
hotnaughtygay,4814612586270545225,1
hounavitatriste,1257064019733005689,1
hovldmeliam,2853361317235493058,1
hovseofm,-2185435758803300727,5
hqvale_,-6069369478556871225,1
hritalia,-2465556586179393673,1
hrryyzmmizi,-8058937868025537579,1
hs_sunflower_,-6263682197697213341,1
hsgretu,9089429564521236684,1
hsgvccl,4099333550471296828,4
hsit_ingv,6269031383272635263,1
hssweetcreature,102938106534159075,1
hsvansz,7782872864111264933,3
hsxsunn,8610285873651282835,1
http_gayalaand,33335127277113261,2
hubagora,-202922992030395479,3
huffpostitalia,-326869554744786375,1
huggingben,-8083012094626677818,1
hugme_gg_mb,-9036232969576902539,2
hugmeaguilera,1091013833373693039,1
hugmefede94,-7078567647446266660,1
hugmelouisss_,2720691848033870243,1
hugmenowjimin,2500331850981729294,2
hugmenowzayn,7816293241801911502,1
hugmetr0ye,9065332532015514710,1
hugmexidols,-7419154614041851634,1
hugoooo461,1882672194385771909,1
hugpaix,-7796083595045649793,1
hugsmedobrev,-8387899053498973636,3
hunniesfairy,-4267621813201884179,2
hunxfluffy,1040394930910918977,1
hurricarmen,6891356180092247261,2
hvallechiara,-4363473217340928843,1
hwagaemarkt,-6765961322216416411,3
hyperpixie_,-3523439526255697053,1
hypnoteaser,-8378091623547642871,1
hypvos,-5561404899582399079,1
hyunijaem,-5310119268863016048,1
hyunjinslovelyy,-5636773399464130141,1
hyunphorja,-2594473767297414390,1
hznll28,-8660131361755462534,4
i0veiyness,-145563952253670780,1
i__love__italy,-3727929037814826523,1
i_am_am2301,1752303597561409088,1
i_mfrah,-1428606564040311095,1
iacomary97,7442271484284226107,1
iaiaannis,5459823904807791005,1
iamacefrancisco,5167693555981206441,1
iamasperger83,6557580007788882183,1
iamcaamiii,3350036272807175187,1
iamdissonance_,6735307295267437207,10
iamdragostino,-1595967308392414413,1
iamsogolden_,-7944698863082465191,1
ianmimma,-2932000918455804758,1
iannetts70,75956374412148145,2
iannoneteodora,8011792337481221901,1
iaritwitt,1364416298617537538,1
ibsiany,-1015052911290553416,1
ic4russf4lls,-8791102828322824581,1
icaruxangel,5081335631960125775,4
icarvsgolden,-1573352760014846487,3
icave_dave,-6482884645590679388,1
icedry75,-8551347823983937457,2
icenosleeps,1513384874260476539,1
icepierra,-6081641921928850931,1
iceprinsung,-8080416135040210943,1
ichoosezayn12,4252761895653834008,2
icksx,-4156590385649922595,1
iconameteo,-6047264779977891197,1
icusmai,-613988819121075818,1
icvarusfav,354257414323120902,1
icvruslvuis,4176086407191527561,1
icyllarke,3407967358021942013,1
idiarlyx,826391058229047548,1
idkaliss,5833978252190829694,1
idkchescriveree,7685893247338842037,3
idl3,-4506881324734722093,1
idontknowamore_,4177252538030608483,1
idontxmind,-5174840343911919347,1
idreamed_ofyou,-5186162198578780507,1
idroventil1,8261450896578841865,12
idzlnfqr_,-5392715044858046840,1
ierogamos,-6989964670899797310,3
ificouldflyh,4763164314445056910,1
ifiicouldfly_,-5266081735062466249,1
iforrealharry,3087684556163506506,1
ighiosso,-1230543263803362150,1
ignaziofidone,3053780205066637416,1
ignitalia,349560543360289326,1
igor42990032,2603172306998846900,1
igotagirlxcrush,-7894568049752527451,1
igurashvi,-2066944560306046201,1
iicfxmmith,-7871460010334698524,3
iisaaaaaaaaaaa0,767565390832475933,1
iiss_roma,6846607638801491885,2
iividkid,-7423127295851431647,1
ikernehogws,-2257956580590496056,3
il_conte78,-7757668039892887295,5
il_mara64,-2361098713357862825,1
il_reissimo_,-6282085787039424287,1
ila___90,2560963823803941772,1
ilachenonsapevo,853073247467809205,1
ilaria7477,1588853655975130795,2
ilbezz,-4521588066826540913,1
ilblogdijacopol,-1082904316911007188,1
ilbreano,-7858501125659831978,1
ilcastiga,6262121815541513808,3
ilcavdeltrash,-2578611377178577990,1
ilcenso,5008813581206453340,1
ilciambello,-8662602163758721099,1
ilcontealmaviva,-2231428503376826361,1
ilcontezio,-4449123691499748597,1
ilcriptonauta,-505392138875605648,1
ildepaa,-839080403136681914,1
ildiariodijess,1556030375859060907,1
ildico1,5269511386922036244,2
ildumba,-1908842198866189621,2
ilenia71148501,-5558696247194457224,2
ileniaabb,-5323536158003126393,1
ilfoglio_it,4418975627452883749,3
ilfusebs,7775022147548650707,1
ilgolfo24_it,-274770384807682514,1
iliveforitt,3891393428209643489,2
illicitgilmore,8739722110161902523,1
illusieon,-926702318361152099,1
illvmis1,1892032897558479101,1
ilmessaggeroit,6236479469012397031,2
ilnapolionline,-1693120638297421914,1
ilnononano1,3759232257410660865,1
ilnotiziario2,8361211569576323394,1
ilnuovotorrazzo,-346265133870992237,1
ilpelucheditanc,-2043935446025582537,1
ilpost,6008896187174376281,1
ilromanistaweb,-7999488541911442391,1
ilsalvagenteit,37735263469433344,1
ilsicilia,-9190207089233928660,2
iltradate,3483375360773387903,1
iltwinch,874112385340514386,1
ilu_iciao,1439803680800227667,3
ilveneto7,-629542951726856591,1
im_j_ckya,1986632758572177786,1
im_moonanna,-7760960414320687275,1
im_sfigato,3623515159860587369,1
imagina50818602,2852483968406992836,1
imagoemmebi,-4363605669776987602,1
imalwayshungryi,3205257983270522139,1
imarkez,7854958383437907892,9
imasonofabitchx,-4956051170460678158,2
imgioria,-6402402874309945045,1
imgtomlinson,7823467256686087690,1
imintergalactic,4863176865427942379,1
imisstaetaeh,-2120749936359727975,2
imlba2,4241724239888625551,1
imlost73,-6117835511236110043,1
imlouisfav,-4070486682346461786,2
imnarci,9180812386425899341,1
imnotjef1,8491115596557815210,1
imoresi,-7842628937085114530,11
improntenmondo,2726560688092764730,1
imshybutsocute,3009916703551957144,1
imsouul,-1198963927803755829,1
imstrongforsuga,1385507379964118586,1
imthebestfan44,588746099579025794,1
in_niallsarms,8474425631701302112,1
incensurato_,9077197533637968962,1
inconsapevole2,4233844139566645349,1
incostante_enza,6832452070896123638,3
indiecas,-3136306788731786661,2
indiedipendente,2405575654720971716,1
indierockrecord,-5970775900406128566,1
indigofera20,-8536415952112147585,2
indiscr15098443,-6801603836349033978,1
indisguise_a2,-4134484617528770385,1
industriavi,-5918636182633279493,1
ineedlousmiling,-579447009871878000,3
inesamtt,-5523827225263563461,1
influenzami,-5321519138208677541,1
info_longo,-7653230802912471345,4
infoclm,1799112187626640185,1
infoerbe,3826070741572763552,1
infofiscale,-6159186703649580609,1
infogiomilano,9208240086944184289,1
infoiteconomia,-8110427410093703611,1
infoitesteri,-6634866587407852355,1
infoitinterno,-9195021389155715873,13
infoitsport,7907797758018106494,2
inforgiovani,3666299562428561183,1
informamolise,760429091022198638,1
informetica_one,-2284843900769077441,1
infynews,8963613823354321171,1
inj45,6418942614177328094,1
injooheonsarms,-8298397363109479163,1
inkedmoodsj,4979046637818405859,1
inkimssarms,-2944204925678603148,1
inlovewithlou_u,-6646891771639038813,1
inlovewithru,-5732529167919157581,1
inmestatvirtus,1194156751215457747,1
inmonsterland,1271914854753420625,3
inmyddreams,6322268412324749013,1
inneedofacoffee,2012763256659135439,1
innerchim,-6663843242168744273,1
innovationpost_,7794765949616455387,2
innxrkook,-1091287850730702154,1
inpaspatronato,8522334519141248303,1
inprincesspark,-2323581086350600846,3
insatinity,-7339728359742097615,2
inseriousnick,1689744305755376202,1
insolitame,1623854593142897500,1
insurzine,-7141458484182974257,1
inter1929580356,-5781305405994177857,1
inter_rompi,-4045368157858100310,1
interinmyheart1,-7765167697792608970,13
interistadoc_,1148386739213716019,1
intesaibm,6234035033092445197,1
inthe_clauds,1276731814482849799,1
inthearmsofl,8646997469020954836,2
intosungwon,-5596342197708035565,1
inutiela,2912035599722634690,1
inutilecanzone,-6368596007782526789,1
inutileit,-370588590797467910,1
invinov61746588,8182867520023806799,1
invisibil3,23709970158397137,2
ioioraffaele,3716392513636104502,1
ioosonogiorgia,6878091393563282611,1
iopensocose,-8937804913977408674,3
ioquellamagika,-1037517559335808603,1
iordnibbler,4585270018813210855,1
iostocontarabas,-6331368314602448886,1
iovemyidols,5672811639257047987,2
ipaziacheyenne,-2621874422556696537,1
irebangla,-258769175448823423,2
iremma7,137980065273182887,4
irene30286595,-1419586636583309506,2
irene_sanesi,6399732244647210127,1
ireneaffini6,2124209246770841163,1
irephia,51780865277995836,1
irinadeigado,-1955397709294334599,1
irishissuex,8429674441712690832,3
irlemure,2816252485293307420,1
irllydontknowhy,-4541080586803405366,1
ironl0ki,1456356267896254799,3
is4bellecms,5222856996313627896,1
is4ur41,2112465646274284016,3
isabell57293618,8725852445906544259,1
isabell86356282,7099196071573325530,1
isabellabosche4,-3433712919924840237,1
isaxgolden,-926955775284916550,1
isemustaphe,-7415909395885973499,1
isgrull,-7500683489072080149,1
ishimthemoon,1649569866702782730,1
isitcalendario,-8825906173029001160,1
ismaelcms,5476976229476063699,1
ispra_press,4174902381357700351,1
issyrjb,-7272931538563082734,1
istex46,-4616274672245834494,1
isveronicaa,-4000209732614970137,2
italianewssport,-5338017283805074193,2
italiano705,-3007157628863761607,1
italiaviva,-3442641427601798840,4
italophilia,-8438573415067700513,1
italyinkenya,8508171326631768367,1
italyoutofeu,2549849208446264812,1
itenovas,7571582697615581230,1
ithwasmars,-6280778891029429424,1
its__chia,-7628929679846957608,2
itsabtthesun,-8263105331879392614,1
itsbeashere,5433499500603686250,1
itsbiperalta,-3732474493976861744,1
itsdreena,-2782026789887824127,1
itsdrlaura,-8585326072531245840,1
itsfuckingbear,-1042179504687303381,2
itsgottabehar,-2705351061484936728,1
itsjenx2,3600029470651016825,2
itskj5,-1174364635927480080,1
itslarrybabex,-5507600907100371265,3
itsludss,-210876950470055262,1
itsmartinamele,-5790093094048982362,2
itsmealessia_,-4463896832719470447,1
itsmeangelaz,21232560422229344,1
itsmegioia,1063993476041111725,3
itsmepollon_,-2532292453286397557,2
itsmik6,5582226244436681629,2
itsmwengo,7395839001519166698,4
itstylesheree,906526851840407372,2
itsvzayn,-4480734783789274929,2
itswillsolacefk,-624434458087083222,1
itswstorms,-2170049041224928257,1
itterfer46,-8549646643580395573,1
itti_stef,-9219244331553868864,2
itzanquellofigo,4701678428778869900,4
itzum00ny,2942343171066926973,1
iulini123iulin2,895245569341134702,2
iungoiinea,-4945429578599188490,3
ivanafavaro1,2442227800681769837,1
ivancimmino,-7889892995291081477,1
ivanm781,-7970485135579636183,1
ivano90833697,-6919903529811354811,1
ivcarusnoemix,-2793075775047591292,1
iwantomeethem_,-206888823025625835,1
izzoedo,-274013743571692153,1
j0hnnybl4ke85,5770549482545417018,2
j0hnnysayss,-3092163263978396168,1
j4emoon,-7355838120691747691,1
jaakeily,-9216267363618559490,1
jacketizi,1372525767187064704,1
jackmesrine95,1245262101863880190,1
jackospot_jacko,-4185456429431116346,1
jacob_fake_,1824572949420215012,1
jacobbae___,-8327457667866221411,1
jacopopizzi,2536693190936428961,1
jadelightweight,7556339754612603613,2
jadelittlewings,9164647497138345047,1
jadesmess,-4618560597050934937,1
jaemineternally,-6200467277172775488,1
jajaiyi,1471495223858242181,1
james20573268,-84831136923335624,1
jamesverofinto,-5619428814780670035,1
jameswt_mht,3825367436649805503,1
jampier65494896,6355700746621738620,1
jamtop1105,-5002772909736134344,1
janebusiness7,4741591921593881607,1
janjangvu,536158861021299829,3
jastemmocolnap,-2214562520663275854,2
jaxenpoy,1369151907198566242,1
jaylordb_,-366645651585779654,1
jaysembrace,-2156929949799421343,1
jeannestefan,-3186987084503716928,1
jeanpauldl1998,-1320405834800829584,1
jeavril93,9145652859913896013,1
jedi041168,-6388766487865168781,1
jemechoisis,-5730328628803364771,1
jemenfousoui,3632601981930657125,1
jenaplissken4,3969072383767490399,2
jenmishdowney,3625179712330748233,1
jennierealfake,7044100535649222139,3
jense4se,4701387018090244173,2
jensencms_,-6996491444753877064,3
jerry_3_,241289622259711031,2
jertno,-7741349037413264346,1
jess9582691307,3575415021889706566,1
jesuiscialis,-5490877814956090134,3
jesus09236331,6939500121697205796,1
jesusis75629386,-5209214363459344371,2
jesysmysunshine,-7897628455761953542,2
jhade15651857,-3398654778081031929,2
jhs77777777,8108463101386365064,2
jhu_nea__,-7873422009243249486,1
jillsanders1991,-509100126723246388,1
jimiiight,1177524947968529042,1
jimindtsuga,-850558974879263285,2
jiminssparkles,-7867651004691055969,2
jimixjackie,6195074208062736726,2
jimiysus,-4208105070664670475,1
jimll4nd,-6788950981642190194,2
jinnasta,7605758635612010879,1
jinse4se,-666457148544439036,1
jiory,26582865654548586,1
jixyky,3357570050887488675,1
jjflash1970,4377591502894016792,2
jjjulieth_,-7863347239764097026,1
jjk0tt0n,4346080253209567260,1
jjuiiacansada,1765876066925751534,1
jk_jiminnn,-2654104909060182817,1
jkpatras,7728147445510572666,1
jkscenl,2105399579766825600,2
jkw0l_7,-4448877352086081357,1
jkxgolden_,-233601032099877510,1
jl__na,6290411748192816145,1
jlnwubipjidh6nt,9093461570596353698,1
jnslondon,-8173706036178748546,1
jodycrew89,6758759974402563480,1
johnnxr,-8806623775592239665,1
johnnypepp3,5495093460986228678,1
johnsonale93,-6073345507241727781,1
jokewithit,-535620105181036263,1
jongsuk28,7981795632459680630,1
jooncutehelp,-1175367672161851721,1
joonieasj,-7053922887542763917,2
jorgu48,-2219002400828669715,1
josefaguilar12,7766807511881402472,1
josep35695812,-4036086370605510209,1
joshemauro,3887525133992435586,2
josipholiver,-5025150993780773443,1
joy91220722,6773370820120459895,2
joyelejoy,7994685165401476663,2
jpeppp,-4448861462933024624,1
jpulido___,-5296354593557049459,1
jstlangevin,8570081474400119444,1
juanofficialtwt,-1325761563836905300,1
juiiaebasta,5630772278404398896,1
juliamonteirofr,-1448641352251139850,1
julstmlnsn,7195301805760835942,2
jumpolsneck,4659549976596586079,1
junaidsamodien_,6365312020755028118,1
junglejulia88,7091562175098228707,6
junipersv,8256844687714808199,3
junkerjr,-5522833783071110775,1
jupitarti,2389138828431251078,1
jussbizzle,2120838142578739390,1
just_kophie,3630716984427756457,1
justa_manhn,-9179844912690715096,3
justaluciferfan,-5431075704684219704,1
justindegas,-8555365014439310695,1
justlucreziam,1600752920957368589,1
juvecrazia,-4609394749674800072,1
juventina____,-3149449001806788941,7
juventinodna,-3742273658705217877,3
juventu62837470,-8629764989265202103,1
juventustagram,7843151348119167526,1
juvevinciperme,8059162469441455416,1
juvmania,5709398366273595439,1
jvkyll,9080532768862407271,1
jvpltaer,-7840396317766768718,1
jvstlikemagic,-5515705440166430013,1
jwuxian_,854640053964416963,1
k00romee,-2119761981306231105,1
k0m0rh0bi,7993584583142149733,1
k2ape,622254917461720063,1
k3toprofene,-3079393176921857527,5
k4su0luv,-6230997576713465804,1
k8ugy0ku,8212793957442734579,1
kaaristhezob,5236346654168830048,1
kabbzzykabare,9097624128148246570,1
kadruiz,8114707004088561877,1
kaeleb420,8293485570482402241,1
kaelyniversen,7091322451779872360,2
kagemymy,-3276332585968699145,1
kageyamaoreo,-4230949767930729346,3
kaheivibes,-8856950481065421860,1
kai_riechmann,7421735261240129359,2
kaiser_gu,5258227096327861136,1
kalavgang,411276767626574280,7
kamarmanyani,8416235659032733395,1
kamuiash,5420724667779067451,1
kankouran_,7024529717254993534,1
kapparar1,5791028794718890481,2
karimkarabu,3619682202940469381,1
karlkamus,168678844166878319,1
karm3nb,-3438153659773252193,2
kaselips,-1868164368966127304,1
kasparovskarpov,-7829706304287723838,1
kassaikarim,-6993042310494277570,2
katefont73,3264407471683194919,1
katia77523271,3589692320303864265,1
katiabaciabbrac,632620215533794680,1
katyperryxbts_,3958525840135422392,1
kaywords,-7976491135184663392,2
kekkods17,-7191553997258332995,1
kenibabybaby,2764624084569232807,1
kenseiuwu,2189757803871850923,1
kermvinojfc,-1712920420288055565,1
kesause,4700596720871171983,2
kettelodicoaffa,-2323180033059928789,1
ketto97n2,6610791308422021303,5
keviiiinr6,1084242476849730745,1
kewsyyy,-3369717109187561142,1
key37547072,2064557490932628572,1
khannooniensin6,-7932557303832276801,2
khristianlue,1170852870070264582,1
kianstavros,3205709490253583893,1
kiaraaobx_,8863908396449403952,1
kiararrua_,4273277905952172193,1
kiki_emme,-1018674666873516002,2
kilimangiarorai,-760023121154449532,1
killer160892,2917558587402235092,1
kimfoxroby,-1148664159455930401,1
kimjonggkai_,-620908092376633073,1
kimmanuela,3587852300940066009,1
kin_milanista,7913469635531345414,1
kindslowpoke,-6631316574497033427,1
kinneywife,4266379180144743587,2
kira_seokjinnie,-5394750572829309419,1
kirin_osu,4726725592413783574,1
kisimaio,3267740501099848004,2
kitemuot,-4319998125969524527,1
kitisoares,-1184817528705688236,1
kitsunetsukij,5491173228173956725,1
kiuppusdewumpus,-4303842301918250900,1
kiwixlo,9010197751776763506,4
kj30d,-3414600357361780582,1
klaeivanov,4681188619313517155,2
klwilliard,5802937250688183017,1
knavajx,9007178688630200366,1
kobrrina,207122961994633672,1
kogane_keith28,6697944922228026922,1
kojackadas,-7545186023858841942,2
kompagnateresa,5874158562351130217,1
kook_28,6507980549065371230,1
kookandle,2136161315068890221,2
kookparadise_,4964650018366805702,2
kooktaejavi7301,-7517412612017607070,1
koonthemoon,4361627157777060000,1
koperachtigirl,5937459432780037998,1
kreukryan,7994704062141836683,1
kristalsider,-3605646044176376857,1
kscicciu,-5030167143682466083,9
ksenija76o,-1386307918957014421,1
ksunoo_f,5684988610479320065,1
kuckyuzu,2995169359240192275,1
kuliscioff,-2585780474459559458,1
kuneijder,4890579003431445749,1
kunick7,2333024309356845123,1
kurkuma64995411,-8294477125763308555,1
kutaro88,8337590450773198419,1
kvdrauhlena,2480204433211601531,2
kvnekij,-7684751915093316986,4
kxpretzel,7011850997843694590,1
kyroscms,-5056359724133960994,4
kyunggons,251298467449835838,1
kyunginess,2629160066814379377,1
kyuubizxx,-4696788254944336363,1
l_patrizia,-5675058395342301292,1
la7tv,1802011934092044585,1
la__mat,-6307142987360603335,1
la__taupe,-4113401473140609634,3
la_ejt,-5314497411576062312,1
la_iaia_,-7750371210866561631,1
la_li_ce,-6523244695204263324,1
la_manina__,-446617248981342330,1
la_manu83,5401364286079274502,2
la_ri71,4217039720373922746,2
la_staxy,-1054864558561969736,1
la_tv_italiana,-7194071132671977947,3
la_vanda,-2752967219374827932,1
laalecocci,4061489860040079129,1
labbaronessa,-2162392991613176201,2
labellapassante,-6911558550514518347,3
labetty__,6123457427432081541,1
labicirossa,5261603871921945630,1
labruixarosa,2096896235290160177,1
lachewinchester,110473627263490345,1
lachimolalaxxpj,2881627558915871151,2
laciuraraffaele,-1544262199997323764,2
laconsiglieria,-8232793792935340868,2
lacoppa,6724766637516267772,1
lacorvere,9007037163768654285,1
lacquabagna,-5955469137190001201,1
ladetectivchloe,4008193261925818071,3
ladycapuleti,1750126730998410951,4
ladydarcy_,-4417106669708817505,1
ladyfalenaivana,8152060588917875810,3
ladylazarina,-8873606909351227345,1
ladyoscarz,4497363491297678227,1
ladytrashh,-3069350136010809126,1
lafernimi,1853116792978356085,2
lafionda2020,-5939412854945116960,1
lagattara__,2595641570742544359,2
lagemy95,-2036911704977305349,1
laghisaura,7592337320110901795,1
lagretahs,4004954884892221716,1
laia_co,3227578238287850949,1
laibaafridii,6166389230126277582,2
laicsempre,-4967208020065209856,3
laidovecchio,3134706203136865145,1
lakecomoinfo,2344168254455361924,1
lala_mizu,8093954288346954815,1
lalalanxdlover,-4931512683184755055,1
lallivincenzo,-4889181276251936703,1
lally238,-6261325099048710708,1
lamarferretti,-3273229743579188637,1
lameduck1960,-3787093003890534849,1
lamentinogirl,-2062386526911668126,1
lamescolanza,-4045750798959039524,1
lametabasta,-2734517601169395493,3
lamiaoradaria,6215474736795346607,2
lamicodicandy,-6982195421061538967,1
lamimmi137,3631533440527594403,1
lamonacasabino,-5541742224000256310,1
lamonicamaggi,4689654353530371451,1
lamorsfigato,3893575143116570085,1
lampedusatoday,-2891820452704933075,1
lanimanonconta,-8239374718054752642,1
lanoiachescrive,8961727724031153930,2
lanotiziaquoti,7791076820361644839,1
lapatty_dan,3694554490565012586,1
lapravdania,5725797494900026953,1
lara_callegaro,-2941320606345713886,2
lararo772,-1864724321800890456,1
lareginarosy,-3687307371824150118,1
laridsf,-2326026542562215924,1
larobierre,8950315301652309914,1
larompib,-1703220367796568415,1
larryisthewayc,-6263321641571214911,1
lasolitastronza,2943239921174666654,1
lasoracamilla_,-3221378572707536429,1
laste_66,-711486439274782977,1
lastep440,8805809365636132679,1
lastoray9,-3668422188225412906,2
latabellina,-2033363947570765089,1
latatablu,-1594482819579457732,1
latiger1,-1722590839755265292,4
latina_oggi,2638197249432965270,1
latinacorriere,-7288466094371060026,1
lattedmandorla,-4395557199822762559,1
latwittipe,7995418861507269904,1
laupalmers,-8837678074233320508,1
laura100864,-9175927201886417394,1
laura373999869,7942599286430281321,4
laura79090674,952984377294941704,1
laura_daisy2003,3989075294699357717,1
laura_fl0ris,-5033308433769690872,1
lauradaisym,6676187436741165234,1
lauraexposito__,-2349549293221284163,1
lauragiulia71,1215688525122252118,1
laurahoudet,-4022072716671451541,1
lauranaka,-6397584431845668275,1
lauravalsecchi,-3140479047237176845,1
laurloveslouis,-7163894338187344031,1
lautaresque,447052706551815491,1
lautomobile_aci,-3614248071939114758,1
laveralorysmile,6595139745739010954,1
laveritaweb,-7790495841111699365,1
laviscontina,-809699700039730336,1
lavocedellisola,-7143525853089866122,1
lavocemanduria,-7924354581407921981,1
lavorofisco,-7097510202718011779,1
lawyerg08097353,-7714420775683310353,1
lazio24h,2024963285076008680,1
laziocrazia,-4162288057730842828,1
lazvlang,4121026018498205789,1
lazy_ahi,2461340169451381220,1
lazzarimirko,-9177234902382667773,3
lboschetti,5923311150851129270,2
lcafeinter,-7224697888620277851,1
lcbonomi,-3042019191872513285,1
ldibartolomei,-4241648192437511206,1
le_busky,1830534740696776433,1
le_paginedi,2239558870393933145,2
leebmichnicht,8738749660907021625,1
leeismybatman,-7189216322276309824,2
leeminhyuwuk,-2559228010198119043,2
leeviiosa,2670469584810495791,3
lefossette_di_h,5986148865311100178,1
legasalvini,19695254070277484,2
leggioggi_it,-424459905109845709,1
leivuolelaluna,-6098374680487917829,1
lelelandi33,3118226087840384520,1
lelemarga1,5779399829546733792,3
leletygatinha,-1802685980192823009,1
lelexsunflower,2732771306431803163,2
lellone28__,-1586467295029914920,3
lelouchwasright,8647752733451386312,1
lemanilegate,-1742988139776832657,1
lemmi26079777,3157382736027041777,3
lemoonpie,-6743938579391838415,1
lennonspoetry,2900576972052974089,2
lenoirouragan,5171172861578793639,1
leoaneli,5804607626835616471,1
leomartino12,2347207702401182395,1
leonard48598239,8502370036214220437,1
leonardocaciopp,-390587539132726213,1
leonardom1900,-58379886413459842,1
leonessaorg,-8902291128761163054,1
leopoldorubens,7225759484955587246,2
leottooo,-3396361574264473396,2
leoz77823801,2021674299225108431,1
les_ticia,8672386293974580665,1
leseidimattinah,7265777235528097645,1
letargo6,-757266193827601093,2
letaxxhaz1,7183811711965631773,1
letmeadorehim,-5209934624094669348,1
letmebeasweater,-8162707427702770465,1
letmebethesaame,-5587595267765099572,1
lettmag,5632635306958410013,1
levehome,-5209916390997218895,3
levinassiano,-4143501460822434633,1
levis_of,1609858823671091005,1
levis_wife_,-1899375799618794263,4
lexaismine,1877630060247572451,2
lexiexoxoo,-7113591071321759116,1
lfitrasporti,-6591310103946206636,1
lfootball_,-2007356906176223940,1
liamjsvoice,-3365058714240372114,1
liancty,-5370226511382014322,2
liberofreedom,799418466333019587,1
liberoultimo,1288820911630744834,1
licia_m_93,3911837896258050719,4
lidia__mia,2460961780198101767,1
lifeg0esy00nie,-6582844622516944040,1
lifegate,6686651512638250903,1
lifelikeblog1,-6254209634278496823,2
lifeof_pier,476340928362245749,1
lifeoffederyca,-3197695588294527773,4
liggiorgio,-3654914433623399828,1
light1ngfires,-5319056649752289128,1
lightbloods,-3266584188500309617,2
lightfallenx,-4580886245359328043,3
lightinyy,-6058369698034980712,1
lightsxupx,-7802289390407912165,1
lilacagliari,4345181913942547112,1
liliana53994708,-1890598983114490665,1
lilianagiovenco,-7065030646233704487,1
liliescore,606014238730303585,1
liliimachado,2312196442967392587,1
lilith39175259,-3460265981795171807,1
lilithins,-79990974153958761,2
lilitwelve,1348039308983429631,1
lillberryy,-4343965595883332189,3
lillydessi,4982154826043519475,6
lillymaio,-1920350057563625771,1
lilsadmaria,-1173570566631825239,1
lilyrose_37,2587826065213118766,1
limexkiwi,-542891742967585966,1
linacirillo73,3228131939298787714,1
lincazzato2,8854635764639300268,1
lindapolloni,2232384947519340861,1
lindiceonline,-8091147810330701785,1
lindsdaily,-294895365612610255,1
lindsvrnold,-2019023580982203114,14
lineallostruzzo,-404776710755683389,3
linetta53,-9126668661789571352,2
linglima,-1552279288227470948,1
linkatv,-5494658941697148802,2
linkcampus,-7637095227280513467,1
linkiesta,-2545086166585376711,1
linoscute,2413418598401455869,1
linus2007,2891565041587766533,1
linuz90,-2875811258949257381,1
lipersk2,8796788921046449154,1
lippolise,5843604314405948796,1
lipsxthings,194018778093953620,1
lisaescgdr,5379014622522322141,3
lisbeth09885192,3231317876930050649,2
litsailor,2986040446554334119,1
littlecrovv,-2558721432784840269,1
littleemptybook,-8978042923593015260,1
littleewolfy,8220102028091692689,2
littlelullaby2,-2476378841972921392,1
littlemel92,-2138301861123009070,1
littlemixftlodo,-6098454538618175741,1
littlemvoony,-4698948897353901993,2
littleorange0,4569092143155495050,1
litzuhhh,5234743548195205652,2
livenationit,831920207298521804,1
livetennisit,1812947013955973958,1
livingdaylights,8827088293755513114,1
liviozeta67,-5684769207774562969,1
lizapiselli,-8478421222999316801,1
lkinoshi,-6457206485781190191,1
llaurasalaa,1757255289916750179,1
llconsulte,-3904501470769923319,1
llemoine_mr,8137994265786460426,1
llottero,8574936823659322646,1
lmeciani,-3659306512436880531,1
lmyforelsket_,-835977902026164065,1
lo_statista,-3852908471750642805,1
lobster_98,-2590039260917737850,1
lodouniversers,-4317114340915809407,1
lofimiss,-4772031277155528045,3
logisthan,906274773376279962,1
logudoro,5489702062180510166,1
loiraffaele,-607570328268131466,2
lokiandroll,2010839598673922361,2
lokiseyes,1463717124797368593,1
lollalongobu,1776864001961694617,1
lolorerenzo,6676059143058366156,2
lolyyy2001,-7126110212435556986,1
lombardilomby67,5529980394109610275,1
londonwithus,7939263167286291114,1
londvoniall,-388165864363781654,1
lonelyheartxx_,-8094173033087228562,1
long4min,-2403834911365714125,1
longo_paolo,2694463465945399087,1
lookatjasmin_,-2662553578526702205,1
loosaaaaaah,8176932145094309215,1
lor3nzomagro,8619412853589531740,1
loranny4,2960356079440482558,1
lordbag,-7226488334384395316,1
lordbrady,1700478498080897383,1
lordfrappo,-8019742066837097887,1
lore__ch,-8091277432947479246,1
lore_f74,1506063703291367637,1
loredanaberty,-5876315574995994818,2
lorellastelle,4757256890548623576,3
lorenzo00556952,8597908422853317039,1
lorenzogian46,2083869942253342614,1
lorenzogps,2381612575403003362,2
lorenzomelee,85467273262962536,1
lorenzoteodonio,-7720701547717305404,1
lorenzozerbi,8761500603700907933,1
lorerock,2538475208303374583,1
lori05060955,3364569447682392701,1
loriscavallett1,1409381277860359678,3
lory0074,-4649301000924193703,1
lory_maggot,-9008990361528893749,1
losaichecipenso,-148487349310624640,1
loscolaro,-8153384676506010475,3
loscrivodame1,-7077919873142246796,1
loseyhogws,-7259411430031247022,1
loshinigamiryuk,2936208014447088863,1
losinyourfears,-7528169801712957283,1
losparacazzate,7396955859376824386,1
lostalloneital2,5744405335261692075,1
lostinsardegna,2369198744876917513,1
lostjnpieces,-2611013984775195991,3
lostonjungkook,7503111570724868723,1
lostonyouh,4239292349243664800,2
lottatracar,4342241067731946105,1
loubrndl,8532370966197782428,1
lougoldensun,15388166213074131,1
louhugvme,1936763435188922705,2
louiisluve,2939637295307362460,1
louiissoftie,-713920300127366138,2
louis__tommy91,-2855059243423833170,1
louise_kcb,8248517134988398322,1
louisftomli,-9089591814339377887,1
louisnlud91,-3152526392943901673,1
louisscuddle,-5405601079247797470,3
louissvnflawer,3434067219195859281,1
louist91israre,465691732854175175,11
louist_9124,-8013966147164206550,2
louisxarms,-2536621996360215752,2
loujshuvg,9040494969732676466,1
loulittlestarr,-7462594016270824280,1
louloumycoucou,4819275674436081518,2
loulouseituuu,9009674493997132068,1
loulovexbf,-7149474896095661864,1
louscat,2217485899620989212,1
lousdaffodils,5286230211855086648,3
lousfreckle,-2386821483157078805,1
lousxisbrave,3791274934110791895,1
loutswalls,6804447671547266284,1
louvsoftly,958226123710461032,1
louxflsgld,-5514545739159572317,3
louxhart,7556116041079547710,2
louxishere,-4871960316848475307,3
love42094522,3077009821772846913,2
loveforcaptnswn,-7653853671970981008,1
lovelylesvt,-2337044671638912556,1
loverofdrive,-6889771998526601164,4
loveroticmovie,8491138900993545289,1
lovesoppaya,-7522000542138440382,1
lovesshemo,-5177381302693294296,1
loveyou30oo,1079385823699871905,1
lovinatsu,5719228350987804301,1
lovingkookies,4294815386010021578,1
lovinglouwt,-718671583819389062,1
lovingprelemi,-3927522295841073927,1
lovuoinculo,4762219139242081994,3
lozaynodiliam,8114576905719626909,2
lpg464,3035542446459257130,1
lpincia,-1597303735289192505,3
lspazio1,-7188152714410753312,1
lsssa_,5124736968303534920,2
lthsvwalls,7441162874027431421,2
lttltrtl1,8346372639981866400,1
lu_fairchild,143469401994282830,1
lu_fer1975,-1884451901415301192,1
luanabiscotti,1232347374795144133,2
luanal_80,7357926129042887304,1
luca180,37699101995716951,1
luca_luciani72,6852518730416922244,1
lucaantonioli82,-5005388044206345565,1
lucab962,-5351254997771170588,1
lucabalestrier3,1077210692403281890,1
lucacharmedfan,2663406503591734253,1
lucacolombo1966,-7283468312152936797,1
lucaderwanderer,6222664048174908946,1
lucadg75,265008285010654351,1
lucagrossi66,8418101762693347672,1
lucaguala,6923175751907773068,1
lucaminafro,4467987641627384621,1
lucanasir_33,877799838110029017,1
lucaoskt,2736595471337625713,1
lucaprt,-3009580340599111450,1
lucas_mostyn,-2437730346058014131,1
lucasprezioso,4044057109808811723,1
lucasucci,7993826912373024475,1
lucatalotta,-5163193107250671222,1
lucavda,-140151748046675323,1
lucazabapozzi,-5476046514052732336,1
lucazacchi1963,-4820565779256381330,1
lucedisperanza,-6088707628828051766,1
luceneisogni,7911924188314033529,1
luceverdemilano,-7282264839495813271,2
luceverderadio,6094986969259674553,1
luceverderoma,7536594533825525198,1
luchibert,4733783147528039822,1
lucia39134555,-1986447519159109930,1
lucia46919627,-7533748096793276313,1
luciac0125,781291155072583829,1
luciaccese__,7662691994931508329,2
lucialavita1,2672887961603891328,2
luciamirra2,3642569329924697571,8
luciana75087178,5241819074539318062,3
lucianaedemar,-2118570423365591089,2
luciano07170402,6091892335606682564,6
lucianol66,3640888781485725063,2
lucianospinosi,-7441890396993467173,2
lucianpignataro,8077394036963246236,1
luciasanzz,-5293080130846297615,1
luciascarpelli,-7271650787288925581,1
luciazerolucia,-1525234050373796900,1
lucibelze,2578270783100897480,1
lucidaentropia,-7679799569714977646,4
lucifero1967,4905240819415659440,1
lucil1luciana,-1694844220283022096,1
luciomazz99,5218124574672158491,1
luciomm1,-5913128403597657642,1
luciopellacani,7523273723572139190,1
luckybsmith_rf,-4866216591170231950,1
lucxsvale,-5712202248121709159,1
lucy_esposito,-6364599557610895851,8
lucywillkillyou,8407431991148747654,3
ludmyla2803,-7904147029155906555,1
ludovicaaparini,-8200973600732023562,2
ludovicav19,2346151415175652309,1
luigi_di_mejo,6212444460592283102,2
luigi_luigi2,3029122271447416028,1
luigia85873157,5219569106373723938,1
luigiasero,959969019302718768,1
luigiisabella2,4804211419891603723,1
luigimaddaluna,4246058738994915997,1
luiginasi,-7083074330709739900,1
luiginocicero,-9196471076213612361,1
luigisalvi2,5178851316664867738,1
luigizangari,3009714178726524442,2
luigui33744824,-5561085669364931294,1
luisaiannelli,3277531035075677671,1
luismar11201304,-1795699964148335260,1
luisper25731733,-862038206486602880,1
lujan_vallaro,8207856849125574657,1
lukas08318189,1188783263909660452,2
luke63556848,-4831583339279692737,1
lukeduke1268,1429895026337269786,1
lukexcherry,8103436678941237237,5
lukfer3,7469764190808412145,1
lul62111985,6607738849230957737,1
luly1949,1479438726360586371,1
luma_moramay,-3027946389029534548,1
lumilenajimenez,2225872869316221151,1
luna_nene_,-4260147803261807769,1
lunasto16467368,2247222736293874433,1
lunatic72298883,-8078360290799775936,1
lunatiluciano,8414071905119362520,1
lunerpw,-4306042411690698503,1
lunvtic04,-3142218520881558352,7
lupee_esquivel,-1763059376656622527,1
lupodibrughiera,-3794893022029814149,2
luridibabbani,-7071372049908807653,1
luso_latino,1752710560965053162,1
lussignolimauro,8846910155639700551,1
luvbakugox,-2125130673404577019,2
luvxash,-677989716785271322,1
luwucass,-1989728057557047545,2
luxblairr,-5075411047893294169,3
luxveritatisa,-8924802662095379780,1
luzpagoda,-7977720828225192141,1
lvpinsb,648100877431518504,2
lwtawalls,-4116002827145060557,1
lwthesweeties,8906580678847447039,1
lyanability,1125706608818544731,1
lyraevv,6585603498815358625,1
lyrasar,2034487570659986410,2
m00nchildily,-7073390488875270360,1
m08213628,2961877485474321232,1
m0scowine,4861840894865158192,3
m16dicembre1899,-854573096046450326,2
m1851p,-1725648213138704543,1
m1km3n,-8569409402358754938,3
m1lkandt3a,-3273491636865442086,2
m3phist,-807747346317762553,3
m4rika1,-101084235620227386,1
m4rtedi,7242388845351159777,1
m4rtymcfl4y,-8763100584818237653,2
m5s_no_grazie,-4967842791848106638,1
m67tom,7320041273734584837,1
m_25_xd,-1116894711828893418,1
m_emozioni,4084131620448047957,1
m_frassi,-9193449725659170481,1
m_pitta,-9029935075688274101,1
m_r_amendola,-283661429880624179,1
maanuelbg99,7665400450380373594,1
maatiside,-8780883431498410954,7
machefredfa2,-2649194610076552871,1
machessuccede,-84617180325219639,1
macimac53939445,-1351569249806132442,1
macneil265,991182410169458639,1
macosanesssai_,1023537225934795122,2
macplasmagazine,6681813351048711118,2
macri9095,6728433968667262162,1
madamea02,-842423722421711645,1
madameblanc1,-5936785471551991663,3
madbob,-3405698391848886514,1
madd_maddalena,5972382238581451625,1
maddalenainfan2,-7183720297851406414,5
madelyncms,-2644631680627444380,1
madlu9,2714967751213370761,1
madridd2i,8193564736200855658,2
madrilenha,3470139678412483727,1
madurakaranda2,-7690250068873960425,1
maduzitz,-8433157409600733764,1
maelicehogws,-6453603910455678073,1
maelmale,6851763883930888297,5
maestrale691,7221421701405677808,1
mafumi50,-4768843611472061106,1
mag1693_,-7579417938126905254,1
magatz,428054110685275361,1
maggy_rm_,-7240910310673139530,1
magikissima,-8904269269018526385,1
maiandrioli2,-2874401846078918574,1
maiconbergoglio,-7758725506127693919,1
mainagyoia,9215908144588208801,2
mainick,-4229432904333581415,1
majersrakim,2730911272016430323,1
make55765177,-5946598086333937086,1
makuinw,-1744899940986106620,1
mal_weg,1018721521078195224,1
malachitae2,5324526384379503863,2
maladoleszente,4145016128051889015,1
malakaii_,-2913793269709629049,2
malalamuta,-876159864297631571,1
malandrinooo,6989093323141435638,1
malcolmfranzoso,801501870554851142,1
maleficorojo,-5472028869644017383,1
malenamirabella,1929345688540647133,1
malfoycms,9070147163579350644,1
malikariola,-6877998632979710286,1
malinchaotic,2381411592942227896,1
maliplavivrag,4944883185725149301,1
malleusilysm,409408394937368198,1
malpeliluca,-1039195029198419769,2
malpensandot1,6871232153987049366,1
malvy89611841,-8116415283817521835,1
mambobologna,1159320345222640120,1
mamelettrico,-7861462603594278720,2
mammasonoadubai,7331168059127104057,2
mammtapecorin,4276796097935381042,2
mamolkcsmamol,-325085489864501088,1
manchesenso,7581272722589041122,2
mancicu,-348764056959280585,1
mancinismo23,6222399516438159172,1
mancopeniente,-2429749691810071084,2
manfrediguttad2,-9201462291372747525,2
manfredipotenti,-5318928422903978768,1
mannarano,-5676540155646873815,1
mannyhermes,5688490249277387713,1
manu79_98,-8883043002036472704,1
manu83449580,7603540115098658506,1
manu88__,-2831022630086901839,1
manu_poni,9197877442355096087,1
manudemaria90,2322408990587151316,1
manuel12448263,6896771876893620125,1
manurebolso,6420809888240858318,1
manuserrano09,-3206136043189119595,1
maofotomao,7831010867721931622,1
mapachemetiche,-7984576117500145322,1
mapiantalaa,7836889337906935577,1
maplewhite1912,6451239177890530444,5
marc852835993,-2243777031397023733,6
marc_marchesi,362446772005274334,1
marcell78351788,-4640232464966678200,1
marcellocaredd1,-5974110481303991333,1
marcevann,6031370980697783113,1
marciollo1,-8463658794529204021,1
marco0269,5661693983602458249,1
marco27110,-1198667561886334212,1
marco89617124,-2415434574601459736,1
marco_bened,-8811174575431199630,1
marco_bragazzi,-4143646694361189568,1
marco_car67,335263614432173357,1
marco_marcangio,2383651823539648123,2
marco_r98,-6770278845082521258,1
marco_rogerio_,58409798179053134,1
marco_valdo74,8351062360590277404,2
marcobuqs,1908003034377477395,1
marcodieg,-6930032872051071004,1
marcodimaio,6416507231084784714,1
marcof_cirillo,-3789729183908239272,1
marcogalderes,-6770359781337335336,1
marcogaletto,-2521742399889438178,1
marcoiacomelli,-6356966333369561791,1
marcoleenos,-8072471503574310119,1
marcoleone1,7361458496143922608,1
marcolguinh1,6666681006973128826,1
marcolinotwit,3904611138654079897,1
marcoma40197496,2416387271158776705,1
marcoparente00,-6940142642802730537,1
marcopiccari1,1424633500805630179,1
marcosabonis,3433892945403366132,1
marcoscanavacca,6310846777139073714,2
marcotekas,783891595697788468,1
marcototh4,350885134777635982,1
marcoverduz,6088391146052027612,1
mareemontiassie,-5085293463230147922,1
margapp7,-8683714165126277453,1
margher96424251,-3672247802416600574,1
mari78607979,-3881821542654240541,1
mari99593973,6432941102174492684,2
maria15112786,3529787990506554484,1
maria__chila,5357609712309099102,1
maria__jba,5076013730420066044,1
maria_laura_200,5967543704968648913,1
mariaaversano1,-8046230765304435442,2
mariacardnas,7328751307600135383,1
mariado08033315,-3126464521519871430,1
mariagargano2,3504172783672849199,2
mariagiuliasett,4310533119185997280,1
mariagloriapar,-6915261798263988766,1
marialauracava6,-5976023998777763036,1
marialu91149151,-3476326687206144392,3
marialves53,-4363972794599177462,3
mariamarinellj,-7990321189157230633,1
mariambuia,-1165712617610235058,2
mariana65449551,6626389169917765706,1
marianellaurbi,-1076049663681102275,1
mariangelabona6,556996394886002378,1
marianna_eg,-6488531879002529101,2
mariannacafier1,2483986864928649638,1
marianomascoli1,7144950961230598172,1
mariapascale00,-900841250761597451,2
mariapohlmann3,-1636548028041604473,1
mariarita_2015,6892133547322463836,1
mariazi_nha,3997296108844070694,1
maribrontolo061,-4463814644167865936,5
marichooseslove,1386671117099711758,1
maricomp75,-101726342242485072,3
mariella_m,-1099681936257604882,1
mariellamiobea,4220551589600120437,2
marifreitas2106,3202850109315534350,1
marijk97,5470363472130688572,1
marikaj28,-771395988495712522,5
marikam_v,-1331226658046543532,1
marikasantaross,6488050079656945477,1
marilen97832318,6654237223316524145,3
marilovesgr33n,-5017363592623082322,1
marimario1,1821698256063067123,4
marina13stella,-2277845802017548487,1
marina93714637,-6863697167645904654,1
marinabrunelli1,253341102530985356,1
marinap85933767,4686838138412795180,2
marinellaplati,8907036775519145428,7
marino794,3527168793260049635,1
marinoporzio,-250279976905039248,1
mario82566505,-2282386469482362841,2
mario_genuensis,-5797516870255604165,1
mariodjskal,1681622813284233278,2
mariodl816,5257567009723799008,2
mariosironi,-2566017784130401955,1
mariramaglia,3001317847654988453,1
marisabasile16,-8222062268391337507,1
marisolombrino,6285242758764672614,1
mariucciapoli,5705899238865820601,1
mariuzzoandrea,3649835045517725634,2
marjamxe,-800738160602809360,3
marjnxa,-8883125806039756836,1
marjquita,5130499335777994850,1
mark21904948,-5947218886424384609,1
mark_da94,840593814151597890,1
marko_morandi,-7851762193147492637,1
marlowe99388026,4502375101132671492,1
marottalawfirm,862555621859518710,1
marpag99,-4362221665682186392,1
marperlo1,3786189101281385352,2
marranna57,-7755700645728921984,1
mart16na,326504908400338473,1
martaaa81538228,1693908751387889769,1
martalococo,6169565373495590311,2
martarampon,-1872360133316756366,2
martaxfearless,8959984684272298631,1
martaxxofficial,-2048828086156789923,10
martibored,-8373725458729967493,3
martidigravina,6297367156194890196,1
martimartu01,6778229759083714951,4
martina__b_,9166082052016289388,1
martina_lo_re,704663887035033961,1
martina_procopi,-7357135957580875238,2
martinadicurzi0,-3398711829753336575,1
martinaf___,-2892752706515974246,1
martinamanzoni5,1436362582018767018,1
martinapotter04,-7464365178987620277,6
martinasperduti,-5102739959089972515,1
martinatrilly,-1482512123290579390,2
martinoloiacono,7209114177858193036,1
martiodiatutti,-1990308717009274703,1
martirosaa,6762550024997077484,1
martisshe,-4921500400994817812,1
martixhabit,1142099106975921212,1
marttaarm,-1781659728219674593,1
martyconlay,3528322836403998343,1
martymarty_b84,-1812846900767416490,1
marvellico,3455863919142576473,1
marvelusloki,7035104163647098729,2
marvlimla,-7087399725382917759,1
mary7213549179,-7658700057850867506,4
mary__lou_,5163552129641771857,1
mary_adi1111,-211105091248472521,1
maryannelampasi,-454898978729337175,1
maryclausi__,-6943311966908028104,1
marymacd_mr,1319690776371076241,1
maryrugfaz,-8134589675627316450,1
marysia_cc,-4497286042272191001,1
marysorriso79,-1517456654243818159,2
marytwt_,-8873710386533253580,1
maryvioletta,-6090911146651059185,1
marzagalia,-3624999660531504504,1
marzia_se,-8358296932833782534,1
marziana67,2823175777618188138,1
marzio_magni,-5532471024025892804,1
marzxloueh,2464258768785427653,1
masashikohmura,740245355731699345,2
masayume_redsun,-6321313494770836927,1
massimi49535428,7292719911786321454,1
massimi77767584,-5870597165371927338,1
massimilianoalt,4257404543482557091,1
massimo0789,-1840317374886311287,1
massimo13101751,4890381092891290907,1
massimo59622428,-624966765726340748,1
massimo_boscia,-4955268447519975128,1
massimociccoto1,2670228287613613637,1
massimomancino2,7273835758410211359,1
masso74,-5934184054847939993,2
masssimilianoo,-5822311651057053284,2
massy978,-5506043657444860881,1
massy_rossi,-5696728474517495163,1
massybachi,-8538101989818322332,1
mastiicazzi,-4682437106455330075,1
mastromaurorosi,-1591183889642523942,1
mategaia,4661853453061469081,1
matenapoli1,-7016311383683685068,2
mateusin11_ofc,-4673812197662210463,1
matheus_avila17,-4781114876861465308,1
mathfreireb_tw,-1239900790610535288,1
matiazamara,-4125660456168865970,1
maticalmi,8002273615771338117,1
matiikomskaikru,-8789393092870834839,1
matildeagnetti1,3824002368430328634,1
matildesjt,2160392646252409809,1
matly46,-520009642518542604,1
mattasgravata,1475394908324052165,5
mattcri94,-5164949026617620810,1
matteip,-177548746710435801,1
matteo84p,-2289813810502718934,1
matteo_cori,3567145525086611789,1
matteo_milan91,-1048210714365790224,2
matteodessilani,5001060002684140218,2
matteofioree,-116954445376677554,1
matteomigoni,-3838285603680156796,1
matteos11945980,1136321589621417248,1
matteozenatti,-3085241406156174169,1
matthewdamnsure,-8826877917988284993,1
matthewleeks,7858270148566371332,1
mattia_fadda,3495202839390330573,1
mattiac,3761793716844299828,1
mattiadiletti,-6831312624261117131,1
mattiafarfallin,-1936438334408487547,1
mattiaierardi80,-40170326312051628,1
mattinastefano,-3918597579657241465,2
mattinodinapoli,982890674506069018,1
matttbbb,1604052006465648601,1
mau13_mau,-8332169090502445924,3
mau1973to,-1388020285926090636,1
mauithegirl,4800641121781825801,1
maura_locantore,-9084412375161581965,1
maurarossi9,5070109704997807185,1
maurim6,5511047316381586459,1
maurizi39032408,1159270404983332793,1
maurizi81958096,-3529798618510090034,1
mauriziocresce6,8555948070138709511,2
mauriziofabi99,1482918734711323026,4
maurizioneri79,-5664074073182360601,1
mauriziosantin,4999786472632951812,3
maurizioseri1,1046718780875767630,1
mauro18535231,7013596714762589215,1
mauro37373348,339626837121413613,2
mauro53932232,-2056145382775869426,1
mauro59646392,-4623509302228399424,1
mauro_ortolano,-6994818317061072576,1
mauro_serafin,-6217859744818603535,1
maurodbm70,6469992663254167992,1
maurodenti,-6160880110402474419,1
maurov1968,4625956373268405164,1
maurxzy79,4307870516772210503,1
mavrick_alex,-2598408633164385609,1
mawfy_,-997587735425088930,1
max52220709,1100566386345049846,1
max56gio,8339615389674455690,2
max_babusci,-8554738990223993423,2
max_piacere,-4826050544452252412,1
maxadragna76,8617996855448265701,1
maxardo3,8956702088945951377,1
maxdefelicepz,8581318334381255812,1
maxdigio1967,-1458624863705439989,1
maxe2075,-6049131856402081160,1
maxferrari,-2523584883166271207,2
maximovise,4954889490972619270,1
maxkite66,7130024582440643884,1
maxnegri73,-907770604606921015,1
maxribaudo,3768135192355820169,1
maxymil1,-1504482025614202944,1
maybe_elisa,-8511436425933044431,2
maybe_elli,-5104735668441021200,1
mayberula,247180293894307532,1
mazzettee,-7817778006130709933,1
mbkasa,-1616614329433683278,1
mbyk019285,-3045896700562827995,1
mcapparetti,-2446301773520748662,2
mcaratozzolo58,4751684654523895376,1
mcarniglia20,4132618644677418790,1
mcdallicardillo,-4734921692962456162,2
mcolucci71,8091233362420820992,1
mcomemax,-8604080331242349400,1
mcrrythenight,8678089215141780904,1
mcuobsel,-3104724981100539119,2
mdpdante,6602533832565924207,1
med3mm,7720361299382948715,1
medarkore,-1240265038700314337,1
medextv,1002562745985605109,1
mediasettgcom24,-4768032413432099003,1
medicinacineses,586687737862335814,1
medicojunghiano,-8070869484735756603,13
mediobancaoltre,-8112294088629718676,1
medvs4,-6251449331321203332,4
meetmeintheblue,-5444014510253892064,2
megabattito,461161173936591270,1
megliocucina,4565965134218711098,3
megvmist,-4949468712463209696,1
mel0nella,2351628997717491477,2
mel4nidel,-4219686605993202059,1
melalachemist,-2988107599485923203,2
melissaversita1,-2797857151306885357,1
melitonline,-4028229827232549506,1
melixharry,-3921050770359401528,1
melljno,-3896731805205941212,1
melo_drammatico,1547228840781531934,1
melodrammatica,-2989646097173007396,1
melos801,-429368525217578134,1
meltinpoz,-968035049162769574,1
memb90,-2775711211147457957,1
memo35992448,-7949402588726186062,1
menefrego___,8822866851875565119,5
mennuccivince,-2907267129463903957,3
menorajola,6579241493292399738,1
mentalba25,-2834760325846763126,1
meowngi_com,2722757802462363330,1
mepinkair,5339942927889723731,1
mercante8274,4013644205346412485,1
mercuriribelle,6746049931307094616,1
merloluca,7374385071331523379,1
mersettis,-5730191399916402163,1
merynga1981,6018165171718714763,1
mestreroby,294489301764920700,1
metallirari,5441729692125436222,2
meteomuggia,-401421029009146804,1
metruvatstrunz,4563933956912009569,1
mezzogiusto,-291342384905701654,1
mgalbanesi,-6943607283927743539,1
mgcvaientine,6040501093069578363,1
mgsinistra,2814825556399675569,1
mhm1807,-7794102885713174205,1
miamichela3,5615096109996487673,1
miau_haus,-7447186966165930007,1
mib_62,4024566715997051398,1
mic4810,7348844930056259046,1
mic_fusco,-9091834129367628240,2
micaelatacconi,506386396564467595,2
micawhispers,-8172200898483621925,1
micdoingthings,2094188711540496888,1
michaelddr6,5251449970192362924,1
michele020776,-331758168581023564,2
michele02736915,-9054964296108199385,1
michele02828265,-2762614578096325120,1
michele34215662,-7781979306302685367,1
michele86454851,-7936667853706641706,1
micheleannibale,-3474292597098241016,1
micheleguetta,-8045726732171459125,1
michelenutrica1,-6576616441945214292,1
michi00michela,-1639664159344969429,1
michi12126,5269009632252103335,3
michi97255152,-137485926672103314,1
michilenia,-1693031963543845106,2
michinthesk,4312031050198097941,1
michvael,3313613578267817647,1
micioiino,-4904901281287035504,1
micittastato,302545550430288393,1
mick_ele,8132131438503591329,1
mickycree,5126494586195733716,2
mida_fn,-7719497531428359472,1
midca20,-176455737916591207,1
midnightkn,4316203806487667840,1
midolisauvage,-186961160689126653,1
mielinaa,5681378622274453735,1
mignoloeprof,2093454032782023955,1
miguel_mc1975,3795783111740384581,1
migxflhst,2142471414544536653,1
mikecucinotta,-3903505907321667396,1
mikezapmg,-2181394179320009312,2
mikkino,-1121853373978739594,1
mikless94,-6543909868792159092,1
mikroskopiram1,2481285366816905996,1
miks926,-4350768267619667536,1
mikxele,-280128779527163008,1
mikymi75,8134860175135641057,1
miladymargot,8244688011220718929,1
milanista81,8555643355565379032,1
milanofinanza,6882919846906637084,2
milanworldforum,3325724058285801863,1
mileebogado,-4331185561868762042,1
milena50832740,-4459356656966775829,1
mileypromoter,5538349150522085897,1
miliercms,-2550988880863332677,1
milkwithbiscuit,3666345073269771978,1
milkyverse_,-309321837684167656,1
milton_keynes1,-4967185500331498961,1
miltonblog,-148282778971413279,1
mimi_blackk,-124870763217732324,1
mimi_shwimpiza,6610746346129972073,1
mimj_,2330072853800135226,3
mimmocchirender,4718682602453862396,1
mimmodifazio,1270296271076937631,4
mimmolobianco2,3866706026932468160,2
mimmomaiello,6594540456187096178,4
mimumax,2339843386370106411,2
mindfulnesszen2,7592209983728243605,6
minferni,4406285369797120249,2
minixro,7479109677437918480,1
mintwoc,-4078980859801742437,1
miozorzi,-5678287299548743587,1
miperdoinzayn,3319328899479528429,2
mipiemonte,5735410473140226765,1
mipigliamale,-8305521652232299260,1
mirai_rakko,3371018571421355602,1
mirandafelli,-679830606792290500,2
mirarisoleo,-5161043884871618852,1
mirco22lug,5379657429395919698,1
mirellaghighi,1974833031985412374,2
miriameresiarco,-8227744238419398013,1
miriamm70647964,4134473257373502470,1
miriconosci,-7999637086865234903,1
miriechelon,4287049487615239208,1
mirkokrea78,-4436718644391374394,1
mirkovalentini2,-6169971664811481524,1
misaivichipuo,-6148123004520363147,2
miserablelemon,-1978680365626561287,4
mishanderstood,2052142667595487267,1
mishillaa,-3073258502432505471,1
misnrotta,-8648838061234658832,1
miss_salander,-1869831389822980989,3
missingdenisemp,-6481520590957201886,1
missinthemess,-9207588744898273663,1
misslouxwalls,46050298954338868,1
misspassinella1,527908550526307658,1
misstxlstoj_,-3088993191534842604,1
mistatesulca,-8355098497439095228,2
mister_mister_w,-3262689958107841662,1
mitchcugio,-6954143249017472599,1
miti_vigliero,7639065596105746027,2
mitsubasflan,5622094998889773461,1
miuccioprado,7351625836200245607,2
miuiblog,-5527482546787318973,1
miumiuuu_,3186519840596983570,1
miyaiverson,4115964131795840708,1
mjjdilandog,-4076050354446559187,1
mjlkbreadd,-5400458531852508136,1
mkh55210358,-2251335310825404356,1
mkmrainbow,-6903590577985291150,1
mlshlou,8037117111904100597,3
mluzeym,4509039287543862568,1
mm14xo,-9029880867784745875,1
mmarcelinee_,2201930534577027927,1
mmarianahaick,4232621318160144009,1
mmax_g,2885831336982269197,1
mmbxxi,5962695209608921828,1
mmeelliissaa22,-6570309966244056500,1
mmiracsl,9205104759978419862,1
mmorphine_,-3279501252744867203,1
mnemocs,4290950534118825355,3
mo_zanotti,-4017530536991061088,1
mocatsuki,-4871969704719062167,1
moccola62,-439239558036249520,1
mochibastardo,-3670509687526167585,2
mochivity,1735848717851331559,1
modaintrend,1587411538724814357,1
mojisvi,7079567337316785499,2
mojopin16,3684099120598475854,1
moliza_bee,793554974381829218,1
momocha31290656,8677928678538192374,1
momperiglia,4276278476884521608,2
monaldidavid,9123329525003707188,2
mondo_niente,-7328130614953664528,1
mondodifantasia,-2440021637174876612,1
mondoricette,7480081203317813889,1
moneymaker98000,-7413337066587148022,3
moneypuntoit,-7609058649727867231,2
monica86510130,-8350803766869333499,1
monicaalefede,-777669838947090373,2
monopolitony,-7663317839645407480,1
monsteryay_,-4836992942220783973,1
mont_silvy,-5628272450061295310,1
montevarchi,6694606848543049753,1
monty_supremacy,5747241759554390386,3
mony0770,6283634452415217237,1
moodyblewds,-8083264475321578203,1
moomoo75411094,5581890992451364912,1
moon13_me,-1670348985754183269,1
moonbvvy,8301743385844873917,1
moonflovers,7958285845594088874,8
moonkeyx3,-2012986789781884415,1
moonlightharr,6626688646274840922,2
moonlightholmes,4702939248929349996,2
moonllghvt,1887565878822465129,1
moonotear,4790192614182872007,1
moonvimin,-5907934296419609908,2
moovchild,6386913289592476810,2
moovntaers,4358575846457009807,2
moraaesn,-2503701271350883475,1
morcegane,-6536101644826534874,1
morena_faenza,6331384045204734205,2
morenobos,1371789671468489734,1
morgana_290,1559640350952256405,1
morgiloveu,-1878085647898952880,1
morklele,6026459696570013265,1
morningstarit,6425706210697762394,1
mororosso,7713531549003929754,1
mose_capuano,-37705814686459928,1
mou__mat,-7008948181831514891,1
mourchidbilal,-4161109431675425628,1
movarturo5terre,-402747398246353476,1
movfedeuropeo,-8950891331886839957,2
movnysblack,4734486903109129710,2
mpenikas,-945383731412946156,4
mpituz,-2339156081856294481,1
mr9_88,478570578872529673,2
mr_biron,5893381306176198503,1
mr_pencil_,-5196883839598148919,1
mr_pincopallino,-6169756233030206372,1
mrb_it,-7016456480421520459,1
mrcrto,-2074311946448200386,3
mrdarklord_,6249634367956074964,1
mritorno,-2234643192214219131,1
mrjaco83,-7134079120940720080,1
mromagnoli73,3406044755584200757,1
mrpolicemansoft,-5472144789206323472,1
mrs_plastic_bag,7741057688312564706,1
mrsemme,-7999864086855794131,18
mrsesoinosa09,-8910529624229154632,2
mrsingr,-1781337925639867470,1
mrsnostalgiia,3825783781825025267,3
mrsoop_,4428512383471564870,2
mrspadfoot_,-1961450245824797360,1
mrtncrlblll,-733490711345844640,1
msb15536652,-1244007931366187704,3
msdsalute,-8743595800953128109,1
msembianti,7893953160290749678,1
mshallh_thebook,-2192606647382497876,1
mssrmoonyy,6006692246759072635,1
mtdesconto,-8513384477913105284,1
multifandomxway,1785845665444421784,10
munlaitvfx,-7778009590020762999,3
muorichetipassa,-7042526432197428937,1
murogranata,944184491294490195,1
murshroomss,-6843385099356329396,1
mushuquellovero,3673102896747603601,2
musicmugger,8092081789949501056,1
muviciannel,-9002216944556892569,2
mvictorializ,3253753256901000375,1
mvndlerxgilmore,4600611658121659411,1
mvpiso,9144059272771518766,1
mvvnligvt,3116434676669896450,3
mweilx,-2054544075542017069,1
mwriass,2896570432771535411,1
mx_minhyukk,6324230073389283706,1
mxnljghtjen,4052376273825619766,5
mxonchjid,-1523482507884966990,1
mycleverdtctive,4756316238678493343,1
mydearstana,-6320648828684573575,1
myfatherwillhea,4894136220352588445,1
myfrienddario78,-6394319275221551090,1
mygprinvcess,-2502059223718645621,1
myikigaiisharry,2255483867248789466,1
mynameisdomo,-6855476905166652243,1
myqueasysmile,5673466010920998036,1
myr_cata,-47818463334239562,2
myrzha33,-4517055398798825123,1
mysteri69572819,-1654621857236095125,1
myunwittyself,-4676148424307974529,3
mywayaspi,6465666154018338204,1
n3m0scrapbook,6648295015791358783,2
na6ino,-1454058857058855205,1
nadia78974596,-3382220234008179981,1
nadia_hopppe1,4715562931675983436,1
nadiaamatucci,6395880470226768546,1
nadiadelolmo13,-1275732599968805302,1
nadiatina27,-4344348649155188953,1
nafw7,2600600110204753421,1
nail18coerenza,1806082348577208046,3
najwamiamor,-5496470399875677022,1
najwasfan,3982165827176078267,2
nakamurakuya,3917044890430475167,1
nalazahir,688955009361428725,1
namaxingna,5601255907322179885,1
namelessle_,3378658266141149248,1
namelessmjh,6588113767009873730,1
namenotinusehey,6271377618326464875,1
namubotluvr,-1095049650876172668,1
nan92093917,-2292782806870115072,1
nandakkkjjk,6983514863339966620,1
nanndsx,6474794080060904085,1
nany7712,-4412588571182111250,1
napolimagazine,-4643417243453736685,1
napolista,5324305039092215281,1
naranmike,4592222479598687472,2
narrabondo,2845165460592045931,1
narutrix_23,3294327014586002756,1
nasten_ka__,-6554755039624140617,1
nataheldahl,-1698655086673485659,3
natalialacunza3,2794169272151248128,7
nataly_xis,-1950321960430037281,3
nathankbbr,1210703698415412662,1
nathzeljaeva,-1413570429973009590,2
natolibero68,4017554045329574706,4
naturalnt,-5968271803944651209,2
naty_invernizzi,-6232994520020405600,1
nauticatarello,7355581799227003614,1
navigando2,6968290830672966387,1
navmmmn,-1590439921916860057,1
navydefencebird,7061779796012757435,1
nazser16,-2494377813299655918,1
nbaitalia,-6327789088003476124,1
ncicuta,-1945206561394422888,1
nd_nerazzurra98,-4991245425331481070,1
ndl00,8313160168651312463,3
neap_psycho,-3810141135083415265,1
nearnightfall,1157486217084315642,1
nebrodinotizie,-7526579839697393660,1
necerit,1647668477205268795,1
necorlookingfor,4963902587914673529,1
needs_gaia,-1369647854961381372,1
needskywalker,-6884697630034601585,1
needybreath,5293559733938278878,1
neenabhau,2868273484762915885,1
negroamigomau,-3377171138462133649,1
negromanten1,-2606851582794155810,1
neiliei,7800004569683008679,1
nekoaunty,-6148728305750624406,1
nelsottobosco,-2552839055894508081,1
nemeparker,-3824463956593013964,1
nemesisleclaire,8241339505588351212,1
nemnob,3115497515621237827,1
nemomnis,-3198901167652794334,1
neowayyne,6644578803185848398,1
nepteas,-3638284162189653569,1
nerdpokemon,-184602822275820074,1
nerdpool_it,-3590560630698976749,1
nerone_nerone,-6444182881546727252,1
nervousmarika,-9143303758347347099,1
nessines_12,3494138346386110202,1
nessunoilpesce,4027063104410107667,1
nestafn,3529017749429406949,1
nethipedien2000,854055261924581076,5
netlor777,-4654665800190154309,1
neuro_mans,9094454846494553415,1
nev_it,5847487948442914670,1
nevculture,-7915944986896154645,1
neveoniente,-4211488232264554659,1
nevermoreita,-3615938951795947917,1
newilluminatus,2162448649506402672,1
newsfrank3,-4275664492582802832,10
newsproclub,528583914304025496,1
ngw,1860653020586802724,1
niall_obrienn,-3336732270950669260,1
niallerxsun,1989523749812982391,1
niallpiizza_,-6257821435631951778,1
niallsperoni,-2972420005854535687,1
nicc0log_,2792998485888402482,1
nicco2d,-4474060796027463431,1
nicholas_carbs,-5869345876005957754,1
nicholcosmic,4525451600283627994,1
nickginetti,-795922871115671661,1
nickials,2367215097103916380,1
nickirmaraj,-5221108373380550718,27
nicla_panciera,-1737920511938829783,1
nicoabu,39912280124600588,1
nicocolangelo,-3323929279814544336,1
nicodiangelopjo,-6832150496627799608,2
nicol70287692,9022213381963549222,1
nicolabellu,2532772082490740096,2
nicolacard,-5818878335860990288,2
nicolacomito,-2454757319649410291,1
nicolametrano,2751899494462830709,1
nicolaoliv20,5478873090759879229,1
nicolarusso81,7097478260325741261,1
nicolasodano,-5282178650937722620,2
nicolaspeghetto,6882328634534496881,1
nicolasssnicola,4051841450691439693,2
nicole_gasco,6639499506318835350,1
nicolerega1,1917660708510271203,1
nicolet21533224,-8607992298510338259,1
nicolettasagges,2750994569136905871,2
nicolezanetti98,-4866836351901236240,1
nicolinoberti,-2252877517342897643,1
nicolmah,-2084165073237531020,1
nicolo_frate,-6987084619907108060,2
nicotadashi,8573733080560821500,1
nicotursi,-4362218475245928695,1
nicotuscany1,-4840434283638963111,3
nicozulli,-7162284810033098031,1
nightlostdreams,-1548746887172038840,1
nightvchangess,-7494832422290411401,2
nika2314077939,-4410586884381531034,1
nikkiofcydonia,3138201592080847494,1
nimriteamoo,4355351846589645968,2
nina70747367,-7657800824019187586,1
ninamimi85,-5109103290613937400,1
ninasangel_,-6509042075771615820,1
ninazilli,5025986334980512686,1
ninetiesbish,8252983782319503704,1
ninnyaiuto,-5184635208682559733,2
ninosaltato,-2599389380508063423,3
ninotool,202367382034601172,1
nintendoitalia,2836514013475130540,1
njanmri,-8157069009532576356,5
njekokkuqe,-2275000873262098715,1
njghtlock,4013557785127024035,1
nlinazione,8552461423308135291,1
nmettella,-8391710750769551533,2
nmizdmr,-4654562581101267673,1
nmp68,5017547975720853151,1
nmrpm_0,-3133409631371181978,1
nmrpmf,-5314533532776986391,3
nnarziss,3134444985364692520,1
nnmeelina,-863522267652955489,1
nnuriasantos,4960209205205297591,1
noah_noway,3131431640027090887,2
noanziche,8055189400303608451,1
nobodybutyou92,-3827115632328296101,1
nocvtis,4963891764322900099,1
noemi29223769,4851891190836458383,3
noemi62552518,6245300540111285332,3
noiconsalvini,3950337804103130497,1
noiseyone93,-3897314991511121393,1
nom3utent3,-7388115702181467002,1
nomadidigitali,-5387736179108680854,1
nomefilosofico,4451603537865563645,2
nomeotro,-8208576964499011752,1
nomfup,-3932424362238575583,1
non_sei_me,3731780404639832302,1
nonevoluto,-7108845003055156910,2
nonexistentlad,-7658588228755514520,1
nonha_stata,-3327957720215689457,1
nonlogia,4718105328443682015,1
nonmeloricordoo,6831294073025879609,2
nonnadinano,-4849487058781109334,1
nonsembra,4382642933581126228,2
nonsolmao,3352234980102949898,2
nonsolopierina,-7372835602617910684,1
nonsprofondimai,-5549410301299836986,1
nontrovoilnome_,-5673415239239336854,1
nonxcaso,6291624929092020154,1
norac36736260,-2189133481896506965,1
normancantini,8496894157786943471,1
norwin44,-4025052383718367181,1
noseteyuke,1459410846063434942,1
nostosskrypto,2496412126506622302,1
notberniegang,6291939278853445266,1
nothingoftrue,9202996739022450862,1
notinmy36249858,7935627313880276455,1
notrealsebaros,-6065389034560327704,1
notsihvm,-7885863946235802419,6
novastarlightb1,189516295327374977,1
novemmars,680099888576207649,1
nowithlou,-7613431780883209438,1
noyucaskai,-4989444413669868002,1
nozisbagliato,-1994767269578485963,2
nrwknd,6681811520110606499,1
nsantarelli,7296566797265500960,1
nu333,5782108618727150064,1
nuccia20,-713483641747720765,3
nullaesiste,5589008263791830568,1
numa_im,-1200250758707350712,1
numlo9,6295937673541022426,1
nuovashout,-4657515983487421382,1
nursetimes,684444400137359394,1
nuuuuuttttt1,47970244708172119,1
nuvolettagyu,127325015007806137,2
nyla_1234,3529814732521699289,1
nympheapeltier,1497689709184098557,1
o_strunz,-7310229059781512255,1
oanauwbeu,371157622701797749,1
oarcu_lodit,6537131473353165108,2
obaruffini,-1034701914220955226,1
obiwanzswift,-4593794685800655436,1
oblivzte,5489899017376267452,1
obsessedwithem,3544222145046868071,1
obsoletush,4265171275549690939,1
occhiferiti,-7114631885836507017,3
occhio_notizie,-8760592194262325124,1
occuparsid,-444013378054533870,1
oceanerazzurro,-827701874290473940,1
oceanvvale,-5159902462055408750,2
ocoreenapule,-3319257321835172430,1
octotelematics,7936243130537352621,1
odiarciinsieme,2691348011049964482,2
odietamog,230471907059010291,1
odiotutti__,1308133124232300579,3
odradafake,5636756911549315795,1
ofelicit,-1811621368482672398,1
officinadimark,-2719815153566015263,1
offygds,1654606835214413774,1
ognitantomemo,7214103706031098288,1
ohcalamityx,-5964852631655780167,1
ohmfluke_italia,5175941621049196050,1
oivaletidicevo,6402221586389394003,2
old_marlet,-6410895643492357551,1
oldscents,-587907465636770503,1
olga453901841,2503341448875803888,1
oli_oleaster,-513764131579534273,1
olimpiaminews,-7182285164014507455,1
olivahseyes,-6175813003474257160,2
oliverhogws,2089647903916257806,5
oliviaxsquad,-5784035040483813120,2
ollarehogws,-1844896497893279965,5
olmo72,9206447487112215918,1
omantini,1083508383300509299,3
ondavorace,7702224130641604738,2
oned2912,-6217891295716834468,1
onedrive_,1649024215209979614,2
oneinitalia,-5846677091120407097,5
onepercentafro,-3340432536227656763,1
onlydemy,-1494297616713436958,1
onlyfoxlsfall,-6210127597574285677,1
onlyrreputation,-9141319571244612530,1
onlyth3br4ve,-3533672921099477896,1
oocgfvip5,7764999888337861376,2
ophelia_cms,-389321124155343037,1
opheliabbr,-3810874702288378993,1
opscarolinaaa,-4632872838118673715,1
opsimhigh,-7919033283472616988,1
orangeteamlug,-2183127115838916597,1
orchestrarai,5373232668027577003,1
ordieatyourside,-6433026793795229447,1
oreffice,-7182604195116861783,1
orientaliste11,-814460858642662126,2
oriettasrecipes,-4460244299383326603,2
oriolipaolo,6505150865586110638,2
orjharxes,1772831114794422104,1
ortegasebastion,-5542749255373068739,1
orvgana,5412320042679361967,1
osamustea,7052988189102151508,1
oscarcessari,-696965143442617196,1
osporconatore,6545210519899528440,1
osservamy,7367870596276954422,1
ostaemin,3345517754714849721,1
ostvest,-6114941083421151598,1
ot7sbitch__,3743989815283689461,1
otb_supremacy,-7739051753994934769,1
otbhar,7266254599285419914,1
ottaaipesto,6250497947944818732,1
ottami73,4409598032657759642,1
ottimistarn,4017773508992091385,1
otto_lanza,6731609245521229151,1
ottobreinfo,-8776174564789543574,3
ottopagine,-2419165952368496636,4
ovxymorique,3143339431448067513,1
owlthelight,5491663931180432643,1
oxyjunkyu,4122913043679215274,1
p_m_1960,1252196746137679934,1
pa_tere,1281612141001218022,1
paaatochon,1997686258119127017,2
paastelgirl,-3867886025953708344,2
pablo__liberal,-964640330948954333,1
pablool21185514,731473920649537671,1
pacchettorizla,-1470718734929225687,1
paceeeeee,-637154978609950882,2
paceinguerra,2486475993683258867,1
pacemakermann,-6364600101214918266,1
padanianb,259432607721826932,1
padano_libero,6830156411804160785,1
pagabadoglio,-8485529034162657689,1
pagni_da,-666750671057026019,2
pagnutti_marco,411694402427659818,1
paguro_bernardo,-2233165693566921813,1
paingguk,-8459088667528784368,1
paintingcolours,4614719387039260227,1
paja_zhuljeta,7088185688627304465,1
paladanyela83,-5750982787071868462,2
palladinev,-6383748274869640220,1
pallicaponera,7225885694583481999,1
pallomxhbw,-5329467165870579643,1
palzan,-1625575730347522036,1
pampling_italia,-6441993840408742523,1
pandarancio,6366976813912567896,2
pandators,-4177405964713888468,4
panelelasalame,-7358130251181584281,3
pansnake69,-1482341725818080275,2
pao_rivas52,4305482752659743741,1
paol_2911,-342716082580863131,1
paola_glmnn,-221423096484027154,1
paoladebiasi10,6157299455395484867,2
paoladecassan,-3419465573154328553,1
paolamalacrida,-394498494869769704,3
paoletta2869,-6247636050278170019,3
paoletta_f,-1845617216807578850,1
paolo2571,-4529769238289768428,1
paolo29634447,-3488890427825706969,1
paolo30158591,-1079490584430314992,1
paolo56235173,-5340365569600022458,1
paolo65497103,-4089495269534001700,4
paolo81174696,6985203481412463751,1
paolo_pineschi,3865466712394257458,1
paolobruniera,1581579745521081956,1
paolobulcassimo,1414163457505749398,1
paolocaselli9,3416204130155124968,1
paolodesanctis2,6561684961457342391,1
paoloigna1,-6251467581690559826,6
paololatino,-5439355450880286655,1
paolorusso221,7057135709129613849,2
paolosartori4,7714298917392319888,1
paopulci,-6694424628607089440,1
papebike,-3098732037699807369,1
papervthin,-2271927298475114573,2
pappaterramimmo,999834633724252823,1
parabellum____,-6575668969057682852,1
paradisevniall,7271062947205232705,1
paranzafritta,-3009296676866848540,1
parfaitaehy,9166084997856766255,1
pariboni55,-2941466870356794035,1
parisius2,3107468612383422728,1
parkeggio,2494801339782115796,2
parliamoditom,-8308752536714970032,7
parliamoditz,-1052007821991756798,1
parliamodizorzi,-6974092865703308878,1
parrilla_smile,1908373313217287010,5
partvhes,4166756942226211532,1
pasqual24915976,6394812539861637757,1
pasqualecapass1,-1707917876438766981,1
pasqualecero,897183981374933952,1
passionmakeup_,-1735569801519371498,1
pasta_d_lover,-8930182911648654768,1
pastaemolliche,274419293455857378,1
pasto_388,7546449088482368745,1
patalanocandida,-5350055493758448378,1
pataptando,1987427829231357111,1
patatelapetite,-5343381290213121840,1
patatoongi,6366578591751519950,1
pathfinder9393,-1693176186634585400,1
patriarchyslyer,-8147157579883662155,2
patriccia66,2390539168765027872,2
patrizi38016949,-4653610904331584176,1
patrizi84187726,3018358327198874335,2
patrizia634,8079287417989237494,1
patrizia_monica,2622924606170739001,4
patriziabottell,-1653475562181299439,2
patriziaeraldi1,-7541505906293806911,1
patriziafrezzat,2877189818718014210,3
patriziarametta,-2305466307498163841,3
pattrouge,-4991204453371005727,1
patty19240789,8739559858931712096,2
patty66509580,5420912040662739315,2
patty_scermino,6492287608447284018,1
patuc12,-6215867737011625778,1
paulbrummell,1725405010352797423,1
paulefambejr,-1720333089499596095,1
paullaprii,-4704927127188831920,1
pausacaffeblog,2734825555622973926,2
pavvtri,2902878692318417729,1
paynoilpanino,4971519808622799387,1
pazio93,233968492286362797,1
pazudaemon,7406297052906231889,1
pazzoperrep,1322417445738159925,1
pbiffoni,-6134027873881429465,1
pbriziobello,10210031865912077,1
pcyaradise,-6619168799088177988,1
pdark77,-6060503540561736835,1
pdc_academy,-6796651529024565441,1
pdmilano,-2572054430842661932,1
pdpiemonte,-4230369007518943379,1
peachynamseok,-9203831958309863037,1
pedealfa,-7402277296438299134,1
pedroelrey,6726508291795947881,1
pedroquicorno,4534121070897768232,1
peetraaaaa,-2911037294924189694,1
pegsurass,8251339649866848410,1
pejoneresearch,-3353094933802450809,1
pellescura,-5720178439844802877,1
pensiero_lat,-8610056321100277855,1
pensierosicuro,-267645943433672371,1
pensierounanime,-2180438400393451179,1
pepgiglio,-3300056643680550774,1
peppelof,-3742760106098309235,1
peppesan_,-2508955406961916989,1
peppesava,1780649481393608887,1
per_tanto,-1551888961063070390,2
perdelapenna,2491060175675043654,1
perditarso,6819210107750121186,1
perditionny,6800506484294486784,1
perfectblueh,-6593088134872710024,1
perfvctnow,-5542954943707144559,2
perplerrimo,-7166482949309657053,1
persefonly,-7913623496738645011,1
pertuom,6738708280161888368,1
perugiaviva,-15541329733320155,1
pesc_a,-8347259954275809109,1
pescioiino,-3894562375101363702,1
petew4p,-3008380555406185919,1
petityangs,-7786192330509750320,1
petiziol,-9096780429560464043,1
petmagazineit,3637333065698090188,1
petraa_sofiax,-6455520082611938083,1
petramotta19,-7562495545632775,1
petrazzuolo,8526280797956377218,1
petregiamp,6112119326660705042,1
petsblogit,-5254204710094742371,1
pettinascimmie,-5455562086547010062,1
petyoo_it,324609785244957247,1
peularis,769468369362748268,1
peykk_,-289310112179662953,1
pezzgiorgio,-2585675587591560265,1
pformazione,6821218332939729863,2
pfpurpleguy,3835534480245769741,4
ph1160,642198351023673573,1
ph_pluton,807764120430580499,4
phastidio,-5095767855645040056,1
pheebsbuffay__,-8323333362330867620,1
phil_di_fer,7607024612005245192,2
phoenixfenice0,8745982502123730604,1
photonmessage,-5934826974680797452,1
pi_lalla,-2344689673030042198,1
piadatomlinson,-7446040625224801230,1
pianetabasketit,-6132552952878313830,1
pianob612,-4335997197514883316,1
piattisimona,-4087841463258817278,1
picchichristian,-3335458100471128643,1
piccoli_claudio,-8729899204303442804,1
picogiovanni,-5311094326750499002,2
picopaperopoli,-7474432870168034780,1
pictvreframes,-3916733951229569469,4
pidgeonmaddox,-3266119640220082844,1
pidigi,525497403509293528,1
piecesofwhat_,748596013487068229,1
pierarobasto,-5380741099099807214,1
pieratoninelli,5311023749163250559,2
pierbiagio1,-6443056973568187112,2
pierca69,4060133254208388054,1
piercabat70,3564985038805806430,3
piercapponi2,-3841889346174696050,1
pierciccio59,229855499888036110,1
pierluc07871919,5268871019483755344,1
pierlui26316890,-5310864328812290119,1
pierluigivinai,-6136402965849205747,1
piero42395724,2618635138773761848,6
piero_strada,-9050155650360547116,1
pieromattacchio,5275718830312515906,2
pierosavaresi,-3220006866813990179,1
pierpi13,-1026523214093532179,1
pierre63300936,6173259913110220405,1
pierrehaski,3353356074866867518,1
piersciarra5,9138011164877720563,1
pietro_riccio,-1659857505106466197,1
pietrodeidda5,4950192996255217891,1
pietromancini52,-5546761601787862079,1
pietropecchioni,-6302527079217165868,1
pietroperconte,-3736502957181870878,1
pimenteljessica,-4964960622387695736,1
pin_klo,4629137812227269140,1
pin_mb2,2437535579701404934,1
pinapalu,755861722883459968,1
pinco_pallinaxx,-4227070721075010853,1
pinellipier,42143299319784164,1
pinestwitt,185594646813091818,1
pink4am,2279681963114869136,1
pinkmlmi,8362318697262409,3
pinoalfredos,7249694609755667036,1
pinogrimaldi2,-5392936702411297787,1
pinomeazza,8965808579301392361,1
pinotor64,-7151317951351310136,1
pins_fellow,-4241359185659742818,1
piottalessandro,1820495536919548991,1
pipa_dua,3000765342308296444,1
pipervtae,6117633530353232882,1
pippomm1,-6396700151357272012,1
pipposcifo1,2414236997423914886,4
pisainvideo,-4470291980663989950,1
piscomaledetto,7810700366680535807,1
pistacchio89,5595242123613809047,3
pistrelu,-943145026004702448,1
pit_the_dog,4539590666647899523,2
piumotta_ale,6658219416861224570,1
pixel_di,-8585549040026992143,3
pizia21,121132267981517564,2
pizzadifango,-7964209896924697775,3
pizzapizzabrina,-141649336255417804,1
pjmbumblebee,-3983010517723688191,1
pjmsexc95,7780287897963465943,1
pkspecial,6749509026958073660,4
planinski_lav,7088107039438014468,1
platform934_hp,-8694476994616195253,1
playmeortrademe,-5833528022821416647,1
pliskinfails,-1407231731672142047,1
plnkjen,-6344550150838907619,1
plrubicone,-4392261479697181605,1
plumeroses,-3666910057670699310,2
pm72364179,-2838920623447826698,1
pmo_w,-5323970324096574933,2
poetastro3,-3297805800361167857,1
poggio_maurizio,-1369920393160957097,1
poggiveru,-2477427056336278997,5
poiintbreak_,-7298276537016261100,1
poison_kiss_qn,2797968692929551719,1
pokemoncentral,8527302571374351741,1
pokemonderba,3290677760180896492,4
polepositioncz,-5250025079321805228,1
polihsolutions,3050952296578711001,1
polimenobottai,-824525123351180475,1
politicanewsnow,-4099903903012568669,1
polpettae_,3160268019411584694,1
pomarolina,4978077734400484446,1
pontellif,-8750991087274550191,1
pontellimichele,6932060272196651850,1
popolozeta,5993099437047798857,3
poponessi,-367369657439741890,2
poppulista,-6519076982412943925,1
porcello1969,-6428576212712515198,1
postbattito,495848338096347722,1
postespedizioni,4843885427837526973,1
potiguar9,837783531800622835,1
pouthan,3346744354668250162,1
poveroun,-1678129039104972565,1
powertoalpacas,-1714060337505699234,1
ppagani,-4834092067154002649,1
ppagliarella,9147296244042332388,1
ppiac,-6303970936486794501,1
pppiaaaa,-5381006302655936330,1
prc_como,9014028964698363696,4
prc_olgiatese,-6173616425563671069,4
prcpadova,-5788472422432106397,2
preci14971514,3685577688417074769,1
precioustomline,-2407586250705060501,4
predicatore2,-17127124227734581,3
pretty_bwoiii,5543789212517641349,2
prettyflack0g,-1005062476681063973,1
prettywho_,3547371579779227155,2
prianteluciana,-1097414893085050077,1
primaonline,-5148516631766755192,1
primaopoitorna,336423975181819874,1
primonumero,4739769982659885382,1
principinosunoo,1028714132463860884,1
pripriislove,3318736755441236792,1
prismaticsilvia,483336515377507569,2
prmsjxmin,8960900408739374714,2
pro2besports,-1951313394482290163,1
produciamosoldi,-8554881314561557990,2
prof_smurph,625491948678996946,1
profidiandrea,-678334021825926347,1
progetto_a,-5105993769902870951,1
prossimic,5724727398777093295,1
protestantesimo,-3753020613207629613,1
proudof_marco,7113619180393720643,6
proudofjfc,8774012964936288934,1
proudoflouisx1,-3385273591633567155,1
provensimon,-5435431913701499351,1
pruontomariater,8006514920384167160,1
prxettysavage,3810870035426591269,1
psb_original,7749125481761039853,1
pschioppa,-705898412936516091,2
psi0_,50921902235701964,1
psibologna,7401103133118926776,1
psich3delica,-4737904912189643636,3
psycholunatic_,-633972083751911661,1
psychotichar,6558606052466049204,2
psycoelliss,-8288512217796608287,1
ptrscdt,1075688882773575402,1
ptrsunflower,6824444787533495342,1
ptwps,4555533312603379918,1
publiacqua,-2733486282754180320,2
puffolapigmea,667856498459823542,1
puffysancheeks,-939012520315089631,1
pull_075,-3279724345054919687,1
pulvirentitoti,687548814716227077,1
pumpkinspacetea,-6819943332077475384,1
puntomagazine,7520499338782269001,1
pupiatv,-1704827457399419708,1
purpleepotatoo,-1564237896935912947,1
pushparaaaj,3591527203742775876,1
putogoizexx,7408918100366220739,1
px_giih,-7307416548093274007,1
pxndofn,8007547590192935188,1
qcanavese,-308858638274390061,1
qfmaxcunctator,5708941150101454578,1
qgiuridico,-7924944382718964910,1
qn_giorno,436002607416016286,1
quackson1997_,-8829702654758874587,1
quantestorierai,6182184221600146284,1
quasarvillage,-1231401982406219931,1
queascopitos,-4738990281592825605,1
queen_victo0ria,-1523431219298749794,1
queenofsorrow75,-3283644139439061670,2
queenuncrowned5,-6790935719489871541,1
queerrilla,-7589360373958833835,1
quelloconlacana,-8142940829477532422,2
questdecisione,2479824590423974192,1
quetzlacoatl,-3522005129493065163,1
qui_finanza,2236562347051808174,1
quicampiflegrei,-847885084260073937,1
quietbatpeopie,-7288835615974289969,1
quimediaset_it,3405240380603727744,1
quinonsischerza,2861481701971892841,1
quinziugo,7651485008839272829,1
quot_molise,-1782804248366071126,1
quotidianodirg,-5011727010054116362,1
quotidianpost,-526200017608593583,1
r0b100,-8848122978896024755,2
r0svlie,-1480383954165648064,2
r3mvmber,-7278563461979421774,2
rachellvs_,5350845990023755940,1
rada00563645,6612495145855709349,5
radio105,-7193633961130049856,1
radio1rai,-461762302061976724,1
radio4job,-5267493749469311291,1
radio_speaker,-8916343233551261308,1
radiocrt,2954638311438505147,1
radiofvg,3362286555893316976,1
radiogemini1,-7782352625270356541,1
radioitalia,1812738272053998494,1
radiorock106e6,-3764788128722550237,1
radiorock4,-3112176255852851869,1
radiosiciliarse,-3962414297591914681,2
radiosilvana,3610923240757368745,3
radiosportiva,-1717603843059894074,1
radoxx19,3795238982357914239,1
rafaelinhocray,-5627435026492623693,1
rafagrodoro,7503818068013957109,9
rafalovegi,-2101907766806603289,4
raffaele_tucci,-4596207017725564935,2
raffaeledegni1,964251430652940909,1
raffaelemonaco7,-7706121175362023853,1
raffybianchi,1536140456166822917,1
rafs410,-8410222387311074150,1
raggio94969943,-4128818696565617535,1
ragnaccig,7111917710534889955,1
ragnar_legend,-7989768238644726566,1
ragusanews,-7192969777719852986,1
rahamarn,7102994438665052971,1
raicinque,1818677577587197227,1
raidue,6977005654147000159,1
rainberrypleasv,-632913872728907562,8
rainbow2020_2,-7823350644299508142,2
rainbvrry,-3698229812043793408,1
rainingonmyshoe,5189577944435717066,2
rainnoise,2714969641241933385,1
rainvfalls,-834846626177730510,1
rainxberryv,-5192008932295967263,1
raiperilsociale,4885822811228431336,1
raiscuola,1362065943860028137,1
ramalloluks,238060023643779070,1
ramatrash8,5513099369698477553,1
rambo26968059,7352252116510355558,1
ran_da_gio,-7477669930865740155,1
randontizi,4056161969863649463,1
randyrichardsph,913751990396608822,1
ranfagnig,-898739274770009963,1
raquelofatal,4379445309546444211,1
raretprecieux,-4283514427073804628,1
raspmarn,6501941505364084211,1
rasscha1,-2814321551480521116,1
raul63000095,8992694747882979284,1
rav3nclown,2685262245571936140,1
ravanin58,-6898756591567686044,8
ravioliuestern,-7133639926255105038,1
ray_me_stesso,-5340111859898769877,1
raynowo,-5843949872027642311,1
rbauscia,-2676991284293145902,1
rbronzini,-8877116960867284271,1
rcatuso,4154371605773096938,1
rds_official,4579704783116962455,1
readyplayer1___,5875948981363065777,1
real_billya,-8392904998980935805,2
realclapaso,-5662814957383802835,1
realcosimino,8980661037178603487,2
realemmah2o_,-4085455623332308176,3
realepaolo,2288651697698306103,1
realgianko17,5376476534636062786,1
realharpia,2760532960432468189,1
realismocosmico,-2872563423326322173,3
realrealmaia,2629877691232406544,1
rearwi3w,8686482059214611867,1
reasonhaz,-3929416341606493472,1
rebbiuss,467197816438344303,2
rebecca87336481,-4088968884841425466,1
rebeccalodd,-8827391365352224223,2
reberebby215,841359147389261918,9
rebuhonaor,-5081355426766317734,2
recklesshadow,-8445764104183574462,1
recoblue,1549681148394318529,1
red_arrow19,-4896085055211712082,2
red_pill_80,4013345417022899013,1
redacla,-5832343557462511646,1
redazionerumors,6061537685361121019,1
redblack100x100,-2451881499216673676,2
redblack681,-5782665075769041749,2
redcatontheroof,4320701386579786729,1
redhairgyu,6038296621054349790,1
redminjoon,4464418123513744004,2
redpastel3,2775817359087695748,4
redsssatan,2470205756610438706,1
redstar000,-2863447384352347918,1
reeraki_,427235672832057125,1
reginadeicessi,6984356322905671028,1
reginaditear,-3000956640873346010,3
reginaofdreamss,6812534612234379969,1
regu_luz,8663060877345115739,1
reletaeh,-5382691787491686132,1
rem_madeofpaper,8366673313274135144,1
remo_checola,1540431670331096876,2
remokr00,201779271175945584,1
remop47,2865021744200292686,1
remvmber,-8741492038986908064,4
renatodl74,8427109987292952875,4
rendezj4de,1322343723173266493,1
rensie75,7249569427046354989,2
renzo38021800,-5910863307401860891,1
rep_bari,6946361838531759883,1
rep_palermo,1585905334802915157,1
rep_roma,7745459578407181437,1
replaydream,3588221695095248007,1
repofangeltay,-6547608474996818713,1
repubblica,-2761965635110283623,3
repwalis,-6243580897254519625,1
restifar1,108940976625499289,1
rete22ottobre,997059349473840636,1
reteabruzzocom,2128163187019655030,1
reteimprese,147037769661483960,1
retkoboldo,-3103696883465084892,1
retrogamesearch,-8919081295592220470,1
revdesert_,-4357616351305328025,1
revelatorisback,7582070938252598709,1
revenartoff,-2723706105528847242,1
reviglio70,8320298613400290070,1
reyeshades,-3402186286750636663,1
rfs_it,-1078781039070967126,1
rg_nitu,978701588524331175,1
rgpma,7047753251783016721,4
rhiannonmearas,-7617838974285987662,2
ribitb,5996446479997161842,1
ribobloviii,-4138970309382160763,1
ric746,-2109420227979438316,1
ric_c4rdo,-9114767777794566767,1
ricardorubio44,3076496569377809222,1
riccard61793030,5580970848772442644,2
riccard77650870,-3186718981900869064,3
riccardo_71,3783456439276913534,2
riccardodeias,-7479724261416728731,1
riccardolaudad1,-8963107825327088463,1
riccardopalombo,8346107493098815269,1
riccardovaloti,-67613009520818147,1
ricci_o_,5837739530712378961,1
riccialticci,-2273779727793531840,2
rich4hobo,-8394187349198470783,1
richgiacometti,-4728437410794051967,1
rickykanga,8821280494713565232,2
rickyrock197,2232609901819700906,1
ricmaggiolo,-5342335802057586675,1
ricochest,536257071201448019,1
ricspada,7688185499563735677,1
riddick772,-2342685342658499844,1
ridicolagds,-7431207528272380029,1
rightschain,-9084751967661813764,1
rikisub69,-1544556383638562137,1
rilassky,7271717346903742042,1
rimininews24,3637974479272174902,2
rinastale,4521740199114612536,1
rinnegatto,6547815399193984207,1
rinosimeoni,-2389949596583083118,2
riparte_italia,4049625981146497611,2
risorgint,-2331789469739622963,1
ritadilullo1,2891899655330101590,1
ritafxrr,-7621569301888006689,1
rivarobe,-7930822896042739285,1
rkamadonna,2288325398492681189,3
rkdognews,3546896742357605671,1
rkivehar,6174451449453128725,1
rlyeuza,733566756381589026,1
robbvabb,-4162240653625894336,1
robby74it,-7433280123717398788,3
robdalterio,7264443766743183976,1
robertavestri,-6428830284415973506,2
roberto79490298,1466739203416329942,2
robertoferramol,5603643071149878162,2
robertomurgia07,8251316002743397679,1
robertorenga,6400545771328131124,3
robertorossidj,-7076784800980244509,1
robi9915,8384188954129255817,4
robisinlovewlou,-5429068269939446277,1
robitalexit,1084193332724631725,1
robreg1,-1208357524713131885,2
robriva_soa,500114257735924455,1
robs74150232,-6520792647207151392,1
robs_16,830831201006557206,1
robycipr,-2261718074601671615,1
robydaen,2381644384455369080,1
robydigi,-974069559841447902,1
robyfio88,8015150847122985245,1
robygates95,-5975916672518550560,2
robymes,3092517093109091111,2
robyroby27,-992138433285759112,1
robystrazzi,7440589966719815027,1
roccisanof,3895727894877877452,1
roccoravildi1,6938901392278047873,1
roccotodero,-3121883993006613412,1
rockstarshabit,6070890149664886011,4
rodrigob_orgia,3962102882580973279,1
rog_2,-5209566223836051685,2
rollingstoneita,-2394573319925087340,1
roma,-5054796874073396174,1
romanino48,4285980252521318865,3
romanoauroraa,-8446651753272129320,1
romanocaporossi,6986355181222349901,1
romantikbolat,5319173053652807359,1
romatoday,-418322951595868139,1
romeroburgo1,-760907857881020152,1
ron4ldorocha,-2594376835028567659,1
ronnieesoul,496284578264031187,1
rooraqueen,-3148739288576047436,1
roosters_99,8701873597303349974,1
roronacci,2423157955103340863,1
rosalbapau4,3338591140339148525,2
rosalbatofano,1482393689231645229,2
rosalindamood_,630881961524839546,1
rosapensierosa,-533085340079215340,1
rosapetrazzuolo,3725325649330935048,1
rosariarenna,2489168302743479739,2
rosario04719767,-4477973693789801467,1
rosee_217,5213742621197382282,1
roselle_bucles,1631475647760914267,1
rosesroundhes,5953824628380635976,1
rosestobecky,1127133133933969607,1
rosgua15,-5551851203299495718,1
rosi7850,9155846832022861209,1
rosipolimeni,-7616981702934096702,1
rosita14806327,-8186390148206326049,2
rositaamoruso,-8087202592270840554,1
rosmelopalmas,-294924842284134707,1
ross27767,-2219524286556694679,1
rossell58191231,3064088398061716566,1
rossellaaccoto,3752548305780724418,1
rossellapotocco,-5528935297868664545,1
rossellarome,514674589193527847,1
rossettifabiofi,-8603098015450104418,1
rossi20_rossi,6888077884852564177,2
rossi_anton78,688338279450305838,1
rosskitty77,-8843517741487106594,2
rossmiccio,-1186242818035734438,1
rossonera18m,-8891571180177973012,1
rossonero__1899,3465569505224176832,1
rossounfiore,-2468814861366813155,1
rossy1978bg,-4517823482191525764,1
rossycross1964,-5287645639348204341,1
rosy72mex,6826533328008645481,1
rosyraiola,-4261377251021478030,1
rotre54,166302426444323887,1
rott_weilerin,6643738060960585510,1
rottenfag,3196677861301538383,1
rovincipi,1700190548133834599,1
roxiscrosi,-8185463812239361570,1
roxyisnthappy,2116063911995273008,1
roxyrosaliar,-6756348971310623035,2
rqmetta,-901145675049809132,1
rraquarius,-5630020372163219883,1
rrositaofficial,6011748597492105790,1
rrweltschmerz,9193003739091688115,1
rstlymln_,-1762671125601626312,1
rt_feet,4417608134229768048,1
rturcato83,2517619921504031203,1
rubino7004,-6399588760749096667,2
rubinos099,-3627744605559507433,1
rubio_chef,5654773781367169025,2
ruby_rubina3,6023245823558056837,1
rubylipaesc_,2361289670629667063,1
ruemondo,7014214347658976931,1
ruggierofilann4,1305102433140922879,1
ruisseau,2216796630110518587,4
runlillian12,-7078518653442111664,1
rvmgreen,2951152614718914192,1
rvmoona,-2605733980174646445,6
ryaadtchouu,5081313665962323178,1
rydelcms,-2686155660213447972,1
s130mood,3098557380846151451,1
s4ranicole,1960975059477568927,2
s8k4ss4,-8501093781537720869,1
s_tarantino,7917387902436070159,2
sa30bts1,-8656971564427742972,3
saaraa_a_,-8697335401490301310,1
sabbath_fed,-3435271919299115756,4
sabrina16278490,2318816231488900456,4
sabrina38369184,-128519816625541642,4
sabrina98939865,-7782790775559912257,1
sabrina__rossi,-7401407144764407002,1
sabrunette2,-2876280175030988909,1
sabrygio2,481697079013515345,1
sabrynegramaro,-4230290603410802758,2
sabryxxhbw,-2340574996561369467,5
sacchancarriedo,-4900595159415444128,1
sacchicamilla,8342081767176549367,1
sadasdb,-6552937894259897870,1
sadgirlbbyy,2167148360813812584,4
sadidefariniv,4286484991284107296,1
sadimalnasr,-5943009436567737693,1
safarigamesita,7951466540688737726,1
sagnaefagioli,8106543134747369231,1
sahijjun,1332344692434193904,1
sai_di_saudade8,-1740407331926619263,1
saiax,7886877883198897718,2
saidinuvole,4737779351945220161,1
saidisaudadee_,-2989382727517995969,1
sakin_ksa5,-7625325466694014965,1
sakurachan84,-3217360174574733880,2
salaslafigona,-578248830187573743,3
saldapress,-1464412590121156066,1
salernotoday,-4712995107125778923,1
salhaze666,-1502571898336661545,1
salieri_andrea,5706644293418380881,4
salisu5salisu,5555475352227709107,1
sally94496589,275481463654538611,1
sallydrapper,2438553486900206514,1
salmonaa_,6014648514707653091,1
salsadisoia90,-2233823074482735371,2
salsano,4985127889592496815,1
saltnbvrn,2093067355115250970,1
salutamiflavia,2770964544711665430,1
salvamarga88,-8161501562733294306,1
salvatorebrizzi,-2139896564306396794,2
salvatoreri,-785814167755166164,1
salvatoresacca3,-3786182005876281701,1
salvatoresolop1,-6737390785176355697,1
salvocarofratel,-5354097874117089689,1
sam_miao88,-7463083090015336155,1
samcropulp,-9011630419313449691,2
saminoob51,-5393392100561013148,1
samira1577,8760219612014541178,2
sampericoncetta,-7567496612637077155,1
samualebutti,4894358065704932120,2
samuele26572,6387528883677910552,3
samyytadic,-2266374892027106608,1
sandgrains_anja,2535738835631593614,28
sandogat74,-5150359453520973531,1
sandram0027,7374614871657309597,2
sandramaurosm,-9222899995296071866,1
sandrobah,4443888555928303922,4
sandrobrizzola4,2431462292709439882,17
sandronotaro,-1647584418880760242,1
saniecatboy,8497258190445548041,1
sanpioxpolis,-2881372997897087814,1
sansa_lm,7067761151611599520,1
santandre997,7952422847265833202,1
santegidionews,7756717663971589106,1
santinomysm,3236813728473156001,1
santuz15,-1975612611789151708,2
sapevidipunk,-5125736156597894379,2
sapiente_mente,-4445785937618787337,2
sara02481507,746082033486839016,2
sara04400782,4508699732862552966,3
sara2211___,1852726103471489079,2
sara80elmi,-2554257741742173193,1
sara_alix,5764778270904365979,1
sara_grimaldi,9189317586983136167,1
saraadesio,4978128436054442437,3
sarabenvenuto1,-8856878927311066817,1
sarabol1,-8564324595702979765,1
saracristaldi,8651987415677098068,1
sarahgherbitz,-871591273140878199,3
saralpfamily,7927190547110238313,4
saramacchi4,-8197642170433825952,2
saranirbanana,-3513396271616228531,1
saraxloueh,-8473628948998465017,1
sardanews,1660845056142095252,1
sardegnag,6462206144956633574,1
sardino1111,2450482304379514002,1
sareguila,3639543485220923036,1
saricka_1,8909128875203203446,1
sariistylinsxn,2103120687794675892,1
sary724209761,2216157239328090656,1
saryotto,371290178996232478,1
saryyblondie,-3138124292441323399,1
sasacipher,-8396307035362541489,1
sasagerry72,8294440585730967745,1
sasatores,4001378527045307878,2
sassari68,-2205952426323954496,1
satanizedbruno,8841574530727254008,1
satellix1966,8769505384011635116,1
satysfactivn,5891969218746402818,2
saudadesoui,5070340534553474528,1
savageguyhere,4018998258583903578,1
saverio37056874,-1333628908591037793,1
savexuss,23135946071035466,1
saweetieicyx,8266542323544130936,1
sayanmizuno,-3914838614512117052,5
sburrotre,7102001406386819728,3
scalamucche,-2673647836415656305,1
scarletthaysmi,59605994494040528,1
scarwhite9,296149775086650772,1
scazzottate,-7422669392454215579,1
scemochileggeah,-8734060017074353390,2
scenariogrigio,4467197293156685847,2
scenda78,-8879106460458478181,1
scendonolacrime,-8604719463661865053,1
scheilabellito,3122979033344784217,1
sciabicasabrina,-1131432331353102482,2
sciarsi,5464906251729335151,3
scientificgenre,7848528746855226146,1
sciltian,-5900705471291573451,5
scintilie,-8236222591654897263,2
scomparite,-3878604345632635753,2
sconticofferte,8977415805112297257,1
scontomaggio,-4907297745135719491,1
scorpiaq,4190862573143153168,1
scrconsulenza,-7455166101181393432,1
screenweek,-8390894205886684386,1
screnni,2186782366889970020,1
scrubsfuck,-2705143339141692335,3
scryy,4267126766165495416,1
scsweetcreature,3244612462498780287,1
scuilibrato4key,5347199675836981525,2
scvglia,-5135002653696656823,1
sdino59,-1303212897242069710,2
sea_star_red,-4375308867177749740,1
seamus_the_dog,-572691684508254115,2
seaweedhenry,-4077661610503083456,1
sebachan_baka,1691349863982176882,1
sebagilzean,6757689026660244296,1
sebaquila,3410027717135923802,1
secondala,3664275726434267737,1
sectortweets,6525008267768611256,1
see_umi_kai,-8531530063985574107,1
sehnibabi,-2427621933336789758,2
seicomeb3rgamo,-2911454923110261684,1
seiosonoio,-8801200118896235311,1
sejcapsq,7674987093906846835,1
selcraze,2222903360370211253,1
selene37267677,4845433849013251417,1
selfieamatoria1,1408538368057386798,1
selinrauhl,-8748771880719807970,1
sellydemzus,-552206250263784630,3
selmwoncrvt,1230991875181424729,1
sem_ur,-2389361949369577834,2
semeraro_g,-4232203286129935526,1
semplicementegl,6807969110406199834,5
sempreciro,-3341660581086112134,1
sempresimo2177,-1564209791719606753,1
senatostampa,-6246018581865559627,1
senodelpoi,8084288613471227362,1
sent1ment12,-1414063396659987294,1
sentrocapital,-6783882513862777847,1
senzaharold,-7737262041572986762,1
serafinehogws,-9006096014490297964,1
serafyna73,-4740475989768142215,4
seralexander42,-5229790478347260161,1
seratonipity,-1056746285379500958,2
seredalo,-6740507171779438823,2
serenapic_,-6525272283237163303,1
serenarealf,-521255177567739789,3
serenaysser,9070608346120357942,3
sergio_scorza,9215269703485062037,1
sergiorsin,1544090143478060991,1
serguad,2335188721565687841,1
serialgamerita,107619055888759360,1
seriamentee,-8370699675368326232,1
serietvfollower,-8422156209351243574,1
serkanrobot,2287108792690348786,1
serronimarco,1828217756889309014,1
serse40078081,-6021467557157327898,1
sersky8,-6616231414200388617,4
servian_franco,-4482173132459006746,1
servus_glebae,-2810156256686216045,1
sestonovanta,4404891985336622235,1
sestopoterecom,4873804211433864219,1
seuraaunelmiasi,-3894387469865992501,1
sferaingegneria,-8606365302624645355,1
sgaibedro,-766957238479884206,2
sgold_89,-2095808626444380061,1
sgownsmysoul,634859169429404903,1
sgrazx,488072398941875568,1
shadowh31899295,6261304045154800459,3
shakeitoff_xx,1681605163439102798,5
shamelessruins,4242336943283338433,1
shaolinsexccs,-5002916567519355014,1
shaxharreeh,-4066360363973061545,1
sheeranobs_,-5686432654906797258,1
sheeranvoiice,1630799601768881211,1
shehadblueskin,7685073062741244195,2
shelbyscaps,6608934245601035042,1
shelbyscompany,-1642693242039852401,1
shelleypires,-6226811580663161631,1
shenoa_justinee,7046937632652105818,1
sherazadswift,8165499609410017613,2
shesmyqueenelsa,-6827170809327350575,4
shevaman2018,8240139281512904670,1
shinelikeakey,8278648542158568973,1
shinhogws,-5737086850132989457,2
shitpostmeg,7920240714334206318,1
shohenzollern,-4293395630460901747,1
shovto2001,1412017590589032891,1
shslpumpkin,-3424980609149576923,3
shtblvd,727259657426679693,1
shvrllow,4433265988153953231,1
shwnsneedy,-4023562787118464368,1
siamo_la_roma,-6028186161350730146,1
siarw16,7216852059214080474,1
sibillarossi,-700638615844214775,2
sicet2,-4893424927774774045,1
sicilianodoc7,-7257106222766392816,4
sickkaneki,5812878282065300743,2
sienanews,8988431432731133793,1
sifreddo,-5587757606776086166,2
signora_mi,-5927795941925878446,1
signorasinasce,-9024047458652607894,2
silvana22948848,-5562292575439394532,3
silvana31677383,4011417643442350931,3
silvana35366131,-6074754718949100441,2
silvestro52,4716192297583704217,1
silvhorizon,1562809756651913753,1
silvia_amt,-5135445367110083359,1
silvialucisano,2928852223256062457,1
silvianicolucci,-2822978811749276546,2
silviasulmare,-4904856425674790495,1
silvie_loi,36028158907329356,1
silvietepes,-5686729933132805570,1
silvietta_1986,8133555715338946151,1
silviobat3,-8158651350262388293,1
silviocorbarii,-3619622218946093907,1
simmilan22,-8925377501995880404,1
simo07827689,-8348789720828949744,3
simo2,-2872939886197591206,3
simobullterrier,2169028363477841392,1
simocalfi,-2253672213347871534,3
simochez,-1846659966907747296,1
simona_ti,375791046835218604,2
simonaumberta,806907072068432301,1
simone99402388,-5020805155559207775,3
simoneavsim,-5597881374151183207,1
simonebassi,8352145246501451799,1
simonebrisi,-1315353154998340201,1
simonelombardi9,6308709599360526076,1
simonetat83,3055396404955235466,1
simop2104,356583282295024878,1
simopagliarini_,5683038906697597309,2
simoxdil,7141047475317542648,2
simvauriant,-5241822796931427026,1
simy_carrot,-8033886363813189460,1
sinbetcha,-2184652500647817765,2
sinclai91549135,-853132605307215994,1
sinergie_net,-6891233710637456153,1
singer_frapp,-2097788422125308113,1
singularfangirl,-4156986850456490410,4
siperg1,12962549996636790,1
sir_1980,2990148509998108727,1
sirbarbux,-5870933624261446719,1
sirio60784903,2960716209204877234,2
sissi10514008,6966171635979943577,1
sisterbis,-2075727109709645240,1
sivi00s,-160222990861685705,1
siwel44it,4159263076400496972,3
sk8erkenma,8791731942838376952,1
skifogds,2132973485163528089,4
skinnygio,5724298717932899019,1
skjscrapers,-5343551504165701145,1
skorpyonqueen,5897416989595450400,1
skskriniar,-1465722256779913500,2
skuolanet,-8419205931201213415,1
skx55cyqk5b8tjk,-5820259821678502034,2
skyitalia,-9198803167274561415,1
skytg24,-5527577427468543789,1
skz1ni,171620649167262561,1
slali70,-7738792416881701844,1
slimnessseeker,-444169753221860549,1
slkim,-4096193772793120732,1
slleepingbeautj,-1010810361071080906,1
slowhismedicine,-1724250744414948164,2
smf_dc,8453431272117021523,1
smg_1908,-2384925012677357020,2
smileforkoo,-8988383567816246983,1
smilingforjimin,7206136129426601262,1
smilypapiking,-2165376314566378306,9
smolmavi,8102673802595345479,1
smordirita,9133544772838748139,1
smotheredinlove,751780804253276250,2
snakeswedding,7577474501247569966,1
sneakygazz,-7654305919448699058,1
snlvulia,2789198427588385362,1
snoopshelby,5775078803088549098,1
snowflowerss,4273865877135206542,1
snowpointexe,2803044090968098182,2
snpambiente,-7564140931507837601,3
so_its_mee,7553481331569851796,1
sobapingo,8906749079440193705,1
soberzia,5427850966866840444,1
social_slam,-7385207447015426873,1
socialhubgenova,1182576173773069772,1
socialmentediv1,5698832199145640427,1
socialnetbest,2489615724260240765,1
sofarfromharry,-1919970630158533591,1
soffherondale,-6044606788541233468,2
sofianicrs,8370743255446233476,2
softailmc,-7078554560687103012,2
softirosy,3351168670706166940,1
softoppini,-1453886364450367579,4
sofxniall,5725018632948520843,2
sognator66,-9051580429362492577,1
sognixxappesi,7906914974712667012,1
sole24ore,6927166848141486226,1
solehahbalqis1,-8506899073187032793,1
soletmebewrong,1234047323129275498,1
solitecose,720044871177443938,1
sologiuma,3329506721072104073,1
solon_4979,7700481394550412641,2
solosumisura,-5554302015876041269,2
somuthaber,6892220298421156312,1
sonekr6s,9092006144493378966,1
sonfattacosi,7732863463767339827,2
soniasamoggia,5401015643377271935,1
sonimartybelt,-8792388764995939247,1
sono_selvatica,-6940997139724410330,2
sonoarrabiato,6046955059458653069,1
sonoclaudio,8411583037315134586,1
sonocomesonoo_,-3480634015640574743,1
sonoconfusaamo,-4840835836972068327,2
sonoiodai,-2355763847799673327,1
sonomusicgroup,8593933699962812812,2
sonoparanoicaa,3846733117705480958,1
sonoperfidaoggi,2191793765318459531,3
sopeofthetimes,1180444923275501902,1
sophietdiaries,-2632122909773958640,1
soprofassai,-207022833986316304,1
soproudofrk,1874549058927031766,2
sorellabaderla,6292337452150269148,2
sorpresonae,-5571869381795218287,1
sorrent_0,-8782743184983771623,1
sosbiglietti,-8650670708730098692,1
sotomajjor,2914204037134725330,1
sotterratemi,6013674829869689955,1
sottomilletreni,-554572739954516724,2
sottonadeibitti,-5126327273077967826,1
sottonissima,7189354023339377226,1
sottovoce_,1253632388160408981,1
soundtrackindia,-839512000961033290,1
sovranista375,-2306045237110851980,1
soyaffamata,-2923849237203895923,1
soyanna72,6197468735198700868,1
spaceplumee_,573927740862475426,1
spacesxclouds_,-1581769931717077362,4
spank75,-8899248210884936901,1
spannacomo,8604140221918054787,1
sparklesungie7,6916358942576396374,1
sparlantegrillo,1120999963520674666,1
spartaco67_,-4698699008198600806,1
sparviero_92,2950597789776355047,1
sparxita,3708520003880688642,1
spaziamente,-9206176685480332482,1
spe1977,8860484548616019608,4
speakup_italy,2431309330407113284,1
spearcbb97,-2569573163502172520,1
specialgizhe,-1454954760156390106,1
spencergiada,5161265977516460116,2
spiendoreterno,8127588702723120355,2
spietatamente,3585738870741837546,1
spinybroom,8368128021460564240,1
spioppi,4322640290282352871,1
sport_mediaset,-8320519256833849809,1
sportface2016,-337257900369854210,1
sportli26181512,1418366042906068413,3
sportwelve,-4177471908512271092,1
spotandweb,4350657005136313420,1
spree_prof,-6285042718308246905,1
spritzino,-3991096617128896046,2
squaiino,-7823057517847292410,4
srovesciato,561333754388957147,1
srtojavii10,8111030113560255914,1
ssalvatoshi,2753122679541933350,1
sscalcionapoli1,4455464447721555059,1
sscalessia,-3321905705566453157,1
ssegnala,1371920858296136903,1
sserenissima_,8000960159794526144,1
ssjuventus,-4984030160938555811,1
ssl_ele,2396784119855273949,1
sslazio1900ss,350260321396825729,1
ssoniaa_ch,2593163772645655725,1
ssourvlou,5228419680445047404,2
sssquedo,1360041617105771544,1
sssstressedout,-6886354366810698883,2
sstrongguk,-1678044181616462418,1
ssuitupted,-4786791457721181692,1
st4ey,3396128087335607956,1
staeiiina,3600215303778989574,1
staisere,7251137412993716122,2
starcherryrain,-5225123561844319655,2
starlitz2,7056967264726404900,1
starmarilia,247744278721598899,1
starrymiroh,-2045759232494175378,1
starryvibes,-3843792223279601645,1
startcomnews,305878580669697352,1
startmagnews,4765320987055222533,1
stateofdisgrace,4241471159074184082,2
stateofmindwj,-6660531872847193179,1
statusanonim,3847925500101149316,1
stax7580,5746982170118941094,1
staybombes,-2968952938287374872,1
ste_ciak,6409397600967241800,1
steakypeaky,7830243903926038977,1
stebaraz,5148673566339672828,1
stebellentani,4031509080649495307,1
steevydope,-2410780818172792944,1
stef_fried,-8330270893342668828,1
stefabauer,-5652288754703203418,1
stefaniabuoni,5292724429871934236,1
stefaniagori8,1558090930727761381,1
stefaniaparis15,-657032354766379979,2
stefano19,-293659169999236369,2
stefano54655309,5584101294965240837,2
stefano7911,4787678658316918184,1
stefano80174458,-8438748831016936886,1
stefanobernabei,-1817560152901245357,1
stefanocapecci,7485060134538938688,1
stefanodexterha,8973562138794503452,2
stefanoeltorito,-2338266467877125634,1
stefanomimmo84,4766129440559186147,1
stefanomlg,3100104173113855087,1
stefodallai,-8983686914541060019,1
stefrivetti,6655998923199784868,1
steftyler,7162160784522021119,1
stefyasfalta,-456623027965168114,1
stefyguendafan,-4468376716928467742,1
stefymas2,6087627191031535239,2
stefyorlandogf,-5562647520102681658,1
stelic84,811275532939837425,1
stella55744926,-2054007485011392842,4
stellaguardia,5182087001699858922,1
stellam66827868,2199313239528979802,2
stellaselenec,7455026041958133473,1
stelle_lune,4385977316015329600,1
stellin62152708,-7080139472107503478,2
stelviogori,597735872682995666,1
steno75sr,595314750925600706,1
sterin86602468,-3198332896427207032,1
stescarcia,5683506693273975956,1
stesolodisabato,1802779014891162096,2
stillskata,-7127272491031783001,1
stillvgold,-5563999245610181322,1
stillvsyri,7437752467271930041,4
stillxgiuls,-8000175925466551006,1
stilxsmccall,1042393539885018211,1
stivaledigitale,4117540971688748884,1
stixxwithu,291211880986363048,3
stllgrg,-4966361890511306794,1
stoinincognito,-2874218767434219946,3
stomacoinfuga,3970521326466301161,1
stoneocean20,-2691732713577419103,1
stop_thepigeon,-3496235293327745995,1
stopcensura2020,-1959816118008605775,1
stortito,2865282160272275314,1
straborghese,-4672945323343629835,1
strangergiulss,-1468823379419031753,2
strangewalkers,6588911949131325472,1
stranotizie,4316075277129184101,1
strategic_bets,8049912626972623519,1
strayato,-260010953785396454,1
straygat67g,-5791050519127153967,1
striingimifede,2944424170651576702,1
stringimi_haz,8963082691477048486,1
stringimiiate,8557785377057613082,1
strunztruppen,6043409364752619119,1
studimoto,4548598681891221637,1
stvygwid,-1090120945782725501,1
stxrsjimin,-4690164055272045450,1
stylesheart_,6592000454895425608,1
stylesxbae,-4556268357784146878,4
subus85,6006568793053234447,3
succhino_,4660771074782785627,1
suckmycappella,-1131987130393837944,1
sucrenoirrr,-2662291210490256290,1
sugalucas93,-4191542634004080755,2
sugamelotutto,8721640733740593203,1
sugarcravings_,3943734180131348115,1
suliman1984ss,-1673857719104411283,2
sulituan78,4306635824219325946,1
sulsitodisimone,3755097312531814584,8
sumargui,8864350960488880241,1
summer_aimh,-39322766922334363,2
summerofciuccio,3824762219298310273,2
summervstars_,4758839043811589291,1
sumrabutt1,-8669100748408047306,1
sun00sg1rl,-3878128009710988307,1
sunflcwer6vol,-3375011471064834552,1
sunflloverss,-7003448223473055762,1
sunflower_two,242629406322100656,1
sunnhaechi,-8559988747534608730,1
sunny77,-2895047473164586234,1
sunnydays2015,-8067904551891907332,1
sunnyoongiii,-4903877410297809136,1
suns0pe,7687540210121006960,1
sunvlouis,8459625421877772228,2
supercap70,-6388694847158308537,2
superetero,-5941220004792625970,1
supermalaxx,8950327648658427835,2
supermariobrooo,5056230568753260746,1
supporthelbiz,-7813503242531009711,1
susi_pie,-2808877708935381385,1
susolesaluna,4277883023698070334,1
susydigennaro,-2252015268891037482,1
susyso3,-1193634538580319425,1
suvnflowers,-3724496776225311117,1
suzukimaruti,-5980644421929940207,1
sv7ine,6456160097416913161,1
svdfrv,-6586120658973594943,1
svetlanalexiko1,-1448254704579558032,2
svevaffanculo,-6671874432405877449,1
svftiemorley,2918276526080222612,1
svftokyo,-4665258575201125171,2
svnfiowervl6,522574905165159655,2
svnflowerhar,-1218501725745490503,1
svnflowerlou,5703978763601129639,2
svnmingi,-6460286746647665440,2
svnqueen,2213179749282333607,1
svnrisekook,4167608042657056353,1
svnrisewoo,8099562372494914685,2
sw3ther,-1122875490035077084,1
swamilee,-8915754184691369474,1
swazilandgirls,5973997285201618686,1
swe3t_creature,-7050008955495499143,2
sweatixouu,6217309454082874778,1
sweetartae,3845441085472165783,1
sweetloujs,8070614708692328388,1
sweetoconnell,-958367605893633714,1
sweetomlnsn,-8535503482645572728,3
sweettaeta,2231673988798458218,1
sweetxyurio,1894439438284386035,1
swiftjimn,6181490703813824618,1
swiizftn,-3553840781394370746,1
swissgames,2238103956469920509,1
sxnfl0w3rr,1726734194562538871,1
sxovenir,5398439182088494276,1
sxxtiago,2399337538026269758,1
sylwiawys,-9204823238253325908,1
symfonier,7534157645184234599,2
syriano61,3649241646430579117,1
szilviade_,490379731087500792,9
t0nza,3772055554101221492,1
t_trv09,-826855565876984829,1
taaechipirina,9204641303888985338,2
taapijnderculo,-1115937405185653593,5
tabisca74,-1854908467544164778,1
taecutiex,-7773616996871420281,2
taeginl,-6523994901597951819,2
taehvngomez,-3030122533186382528,1
taeices,5570181229241812153,1
taelepat_h_y,8472997360700455147,1
taemeupp,7359619630762753436,2
taestadimerdaa,-3839839229486976450,3
taettkv,-6944729363928459126,1
tailsuran,-4727462217768491758,1
tajaliga,7155304237074188413,1
takedeath79,6961722388020772917,1
takemymediicine,-2341054194627051396,2
talismanogiada,4396852463424950768,1
talk_by_gbsapri,2331536885991260220,1
tamakiyen,9018427543418170000,1
tamaralovesart,-1614764678059821498,4
tanajeva,-3561612847830096495,1
tanamadeinarg,-4931248721994383967,1
taniadeangelis2,1059911532221713923,18
taniarizzo1,-3253611680962226662,2
tanik72,-5591189844198416755,2
tanino98690526,-8454385319301816485,1
taninolugara,5209699800355766606,1
tanishalexandra,-8244543409216974259,1
taniuzzacalabra,-6313911604234010603,3
tannico72,4796097150759203584,1
tanoproductor,1722061317160829851,1
tantolocambio,-9129872340899953762,1
tapascio,-8352139163805686321,1
tarabbo,8715556133656644751,1
tare0027,-1075718176349977971,1
tare0028,-947788377785901419,1
tare0038,4906697678655052312,1
tare0043,769808632320592964,1
tare0059,5757636544531634095,1
tare0060,-1532594585750798734,1
tare0061,4375098311549441212,1
tare0062,4333529086111441432,1
tarquo73,6431446174692852370,1
tartassato,-5525570402186557076,2
tarullegulle,-2908074549592987024,1
tatachips86,7057247761003919695,1
tatonissimo,626331672366722953,1
tavolacciandrea,-1638491152159337123,1
taxicabria,7660308385402050811,2
tboikat,-1758486161889268337,1
tccnyhatesnyc,5384411576911250273,1
tcompton_lion,-7197140738497262425,1
teablg,1161044221223654130,1
tearglow,-6508383777132168136,1
tearinmyhevrt,-1478684474998139506,1
tearsbluevelvet,481896820173009316,1
tecnecofilters,-6530974519634162798,1
teddybeartaev,-3396886067864279981,2
tedo_tony,-1721369506160988302,1
tedxpadova,3338137819281834550,1
teenabortionn,6062825047890717675,2
tefra18,2589127848159704217,1
teleischia,2399868463240518310,2
telep4tae,4313313825522398930,1
teleradiopace,632965105948112182,1
tellynaa,-4783416896865698759,1
tempoweb,-7158179174677538821,1
teo_acm,-4815078659116720970,1
teocola86,-6637704318663487478,1
teodorogiaculli,-8490720973789990603,1
teodoromiano,493172892473668554,1
teoxandra,3734127051526797923,7
teredjvieira,8811646374612695309,1
teresa12401552,3444790938457180528,6
teresa90175867,6262869063016871459,1
ternilife,-6001524203808027963,1
terrafuocorete,-2334209597291584918,1
terreimpervie,-1198736148924898482,2
terrier1968bull,1657435541859348351,1
terry_mian,-8343941904512457033,2
terryblestorm,-7327719432582918044,1
terzoliadele,-6374679850176284620,2
teschio_22,-6391418343051158864,2
teso4zampe,7970665466446018683,2
testament73,4944323560330564343,3
testnapproved,5820461360454748369,1
tetecaffes,4493882172906838941,5
tetegogie,-6662015102907924657,1
tetelepathy7,-5808571601077584558,1
tfuriagaulesa,4795016036495090090,1
tg2rai,-3915485332803633690,1
tgrrai,-642125761751813931,2
th3_bull,-3360598729260869987,1
thainalves__,1685358397446561027,1
thainna25,-6187309068990638478,1
thaixkronbauer,8487252620022822815,1
tharaziel,7870241191755707399,1
tharryswk,6505526175924892405,1
thatsabbb_,-5543498639446045597,1
thatsbonny,-2511696197795219589,1
thatserika,-8701823106175208247,1
thatskybot,3463439633551295208,1
thatsnomoonn,-8124280982073752883,2
thatsthefckntea,-2545220431305431184,1
theblackcon_,4520230664358978104,1
theclaudsartori,7815836312561869476,1
theddaway,6435376860815393316,1
thedeadbody2,3280897895440321436,1
thegatheringit,-1763401732224240998,1
thegraphicbitch,-2539062422454599090,1
thehotcorn_,3672463150785933539,1
thekingquinto,-3429208572554124508,1
thelallix,7820629121660222407,1
themundodeandy,92716577393702532,1
thenewage77,5292045288868491593,1
thenoveleira,1045872506099436845,1
theodorenott17,-3871963156593796626,1
theograna,-3467330502243876662,1
thequeenretweet,9024620332637908225,1
therealjuh,-5902836034267655470,1
therealreessa,-98632890473457648,1
theripp69062828,1879376021864698535,1
thescvientist,1487813440677753891,2
theskeptical_,9149367629706974772,2
theskull_21,-2502779772681508462,1
thestallion18,-6549182049191019970,2
thetutle,2546569350193122532,1
theukraineyana,-1353572588890398228,2
thevolleynews,511182896847112478,1
theycallmegreta,7323392613507714181,1
thiccmelanzana,-8172719304269076116,5
thingofdarkness,-5893363868029866310,1
thisfxckingppl,4403439216346156195,1
thisisacasino,8045840829149863342,1
thiskiwiisme,7134520930161242536,1
thizalabantwana,-8399368576799074156,1
thomas12640733,-3213886802013232680,1
thomasdr14,3956230107167189129,1
thoseeoceaneyes,-4612677220167356173,1
threadreaderapp,-1252924061341003067,1
thugheadjonesy,-5501694327444044306,3
thursday109,4816287895071146368,1
thwunknovn,3280246759000233978,2
tiagocoelho22,-8260505842634036864,1
tiamo_drew,5771077792943342260,1
tianjoong,-3857083862644427315,2
tiaxcrybaby,408355376317799176,1
ticoti70,-405541315161384946,1
tidiailsangue,-3538998723256301059,2
tikanana5,-2712597782746788675,5
tikazinho,2442444825152671108,1
tim4usara,-8428144390340890081,1
timetunnel62,1553182132848387378,1
timothykinene3,-3072144598521033404,1
tini_y_yoyi,-5844652189411842395,1
tinkerb11911547,-2181909314434087720,1
tintalupo,4700255773910180463,1
tinthegrim,2668045081117244118,1
tinyreche,-4900930956895047832,2
tinywintaerbear,6811928116822684870,1
tiredpoteto,-7514432841664270954,1
titti14760140,1294291159677781083,2
titty_napoli,2542327462738284251,3
tizia_stanca,-2697253497842826231,1
tizianarivale,-270195280943717606,1
tizianarossi2,-8711002773975373003,3
tizianopesce,8866720446779939397,1
tkratico,611534506462752996,1
tlarina1837,8755026991226579389,4
tlproclub,8733078535234705852,1
tmthan,-7153321067015008473,1
tmthys,-4959304089056697692,2
tmw_radio,7345602614675358367,1
tnannicini,-8819669162995102238,1
tobia45186285,7960716615348350728,6
tobikenoh1,-6841689919398866026,2
tobioperkin,-7168397362446909723,1
today_it,7883123284826647497,1
todescocristina,-1251301596244791649,1
todoweenies,-909918541017510195,4
tokyonoise,2307357586122373038,1
tomadastefano,6887041866965051304,1
tomas1374,-6705619653094810105,1
tomasa_zanda,-2343561188273203796,1
tomasbxl,-7775234630204138832,2
tomlinsonheart_,-4429435538311432747,3
tomlinsonxangel,-1239592140447518617,2
tomljnsxn,6492477583086205338,2
tommasoma9,-1873664054397567366,1
tommasosauro,-1175067584807436525,1
tommizeta_,8010389076215459540,2
tommy_stefy,3525815367655695888,1
tommyacanaglia,-3454664117071867109,1
tommyxfra,8766509621783005884,3
toms22811130,2544732702130204065,1
tomxmoon,-2369193398545970301,1
tonettonet11,4139538549319334354,1
tongueofthegods,-7955504912421785580,1
toniapeluso,-1654014170813242454,2
tonikk_,2407456742881439892,1
toninocasca,8024922771654593115,1
toninocommis,-871290140576616638,1
tony_skid,-8985629162825501275,1
tonygamblerii,6214967074788678646,1
tonyoli8,2068778792071085148,3
tonyscalari,-9072265806962690274,1
tooyoungxlou,-7139691645511857732,1
toravon_,-7663377635926781479,3
tordi_luciano,4749320339366055261,1
tore91,8369106429822992148,1
toromaxv,-7855938566547650763,1
tortaintalong,5086069790733773173,1
toscana24_,-8186172843511253966,1
tosini_marco,6845016065863457247,1
totalisaac_,4432971602740582502,1
totallyaniston,-5022225773311359652,2
tothestraypoets,79480325244607257,1
toti_romeo,7663136379754955465,3
totoecalcio,8968741293248272318,1
tovmlinsonaf,5294384745838486809,1
tpwk132,9082105084698783740,1
tpwk__28_,-1772531002453480204,1
tpwk_ty_,-7938954290025392698,1
tpwkxxfra,5444795392830535490,1
tr_jenolee,-594858044119204257,1
tracciadite_,-783569398297697732,1
tracciarmata,3067562225560531845,1
trafficoa,-979166197570128577,1
tramontanolaura,-329785455760281063,1
transloversreal,-3309305386852081579,1
transviad,-8274718513085939688,1
trash59610130,6044854127317973545,2
trashinmyveins,-7368767586345537392,4
trashserpeverde,-3975480871483890101,3
trashtentri,-4420994338654598334,1
trassshlover,-2054424645317421819,1
trav_trans,3587201689795018290,1
trenchap,-8980892251598680279,2
trend_sett,-3835577842688523936,1
triathblade,8851102896119134981,1
tribuna_treviso,8025323852006540421,1
tricia_patrizia,6226642564335589226,1
tricksterloki__,-3754630079996267008,1
trinacria7171,5498315595661339428,1
trincherov,-4507929266438385537,2
tripalosky99,1961159814722503126,1
triviafirstlove,-5354190272782715915,1
trmtv,4305368731322437636,3
trovatelli4000,-2802314595872189823,1
truciolo_roll,-5797085992484771983,3
truegattara,319270579216285770,1
trueneldot,3523425806436648574,1
trustdiangelo,9075152108219341174,1
trustjssues,4649899615580690601,2
tsaveoursea,-3586636962283235930,1
tshepii,5117696990279455748,1
tshepimatshika,5684639657807864797,1
tstaranto,1595896661937104657,1
tsvkino,-8629840472396298474,2
ttaesbaeh,-4097443086620117807,1
ttoday_it,2128697132294830231,1
tuma_youzyo,-4280586651959800666,1
tunneldisco,2105885470809089700,1
tuorlo_doveroso,3041293425453453985,4
turchetti_fabio,-5948100449545645534,1
turestaa,809721835753153980,1
turgido,3643202328329362204,1
turkishperenne,8915919485522427369,1
tusciaweb,549854104692929368,1
tuttiemily,-1725533369149381866,1
tuttigustimeno1,-5976989782796831783,2
tuttiquelliche,2229283561444459501,1
tuttoambiente,-6035264527126605383,1
tuttoandroid,-4849644278239669630,1
tuttocampo,5234818774804302146,1
tuttojuve_com,6497572154039138852,1
tuttosanitaweb,-5142918264140170509,1
tuunicaitalia,-6313571392271319842,1
tviweb,3664500837711073705,2
twarriecruncher,3376688701963357862,1
tweetgino,-3508214116887583793,3
twitchtvgaming,-749227956078014769,1
twitta_sib,-8489082269243149135,1
twittaia1,7140212159639191001,1
twizteen,3889808618052419645,1
twoofus00,127189531865684233,2
tytoalb82433730,-2703000928447238178,6
tz_account,5767937065803699682,1
tzsomtrgsdmrcsr,-172405346689016610,1
uccideteme,-8966166766346325530,1
uchihadommo,-7533627382276075309,2
udogumpel,7516438266497085136,2
ueboi,739026320635402547,1
uelapastela,-655202579482003626,1
ueygor,910389520822322232,1
uff42996046,-372065758099211456,2
uffailnicka,-6945641818173546580,1
ufxma,8414316757961595186,1
uggnp6mxlo8zedo,7558194170407852275,3
ughraugh,1551613101357858180,1
ui02077772,7769793936469770953,1
uknowthevibes7,-7812730511960759792,1
ukriteesu,-349376494824114699,2
ulaladanielshar,6306661171110082679,3
ultimateteamit,-181997457670904767,1
umbertipo,244308054055754870,1
umbertofava65,-1448219249064486861,1
umbria24,-7704638031985515109,1
umbriaon,-1390664101137637161,1
una_gioia_mai,-2973237605703820490,1
unaesthetic666,-8514191228501229336,1
unaltraio,-7899114912958595821,1
unascassapalle,3648807515911826785,2
unavoltabionda,-5654428146934688014,1
unbesopalaenana,-1462296907580161340,1
undertaker_1,-8056607322471693018,1
unestremo,-363275378018650956,1
uneverchangeme1,-1980609929665056828,1
unhcritalia,-7573368440786999067,1
unicaeolab,-242710273905627368,1
unico1930,-3101302117995400721,1
uniesportsit,-7060642014612777176,1
unieuronews,6462598168628714532,1
unimc,6924434382540704794,1
uninettuno,7382942655299863181,1
uninnocente,-7519870400269851626,1
unisabina,-4929438920184237123,1
unisiena,-1498917138516573902,1
unluigi,1970885737844177763,1
unnamedplayer15,-6649579995381867473,1
unplvg,5722374113297750945,2
unvsafe,1041509828695125002,1
uomo_duff,4568673066053298423,2
upankkk_,-5424906685428598822,1
upinare,203418988034703781,2
urgirlvienne,2936967333467939441,1
urlightmyvoice,3060781752043243498,1
urologi_italia,7278102541531821592,1
usconsmilan,3109963785734559278,1
userd4n,-8413071313619509593,1
usi_university,-7226643807306384157,1
usqueadinfera,-8716907801629213853,1
utah7227,-2771505648576995379,1
utherpe1,-1289651097453501597,3
uwuedaaa,5807778892148168065,1
uwuibti,-7023406144813223770,1
uwuxzone,5167575241891505339,1
v04646020,5045450746101425136,2
v94valerio,-2025758303024077119,1
v_maglia,-5205011911623727446,1
vaalentinanegri,2554997112842843486,1
vaffanguk,-5161228996581021798,2
valdesechiesa,-2794181934276634899,3
vale23665367,8497735236836955347,1
vale8123110823,6589242552556745385,1
vale___mag,-5847416480334371955,1
vale_am_fm,-7773322409011033312,2
vale_cittadin,404760369504221756,4
valee_101,-4855309062343430485,1
valejaguarrr,1511914159595401616,1
valeleasy,-6233998405526196402,1
valenti81130258,-530368901870945113,1
valentinablunty,-3595100990563129099,1
valentinazzalii,5786627957450410375,1
valeria14929557,5145640213656699585,1
valeriasirigu,-7695627298131028052,1
valeriezakharov,-7559710115735074579,2
valeryssima1,6640668159414368639,1
valiinred,-1897576311177261442,2
vallegiorgio41,8779532778469629597,4
vallerione1,-7320628509724664138,1
valli_vale,-416078827886277219,1
vally68522192,886350800273673652,1
valothar76,5190780972356930109,1
valseriananews,-1006217868156622274,1
valy_s,8972795618847047208,1
vandemdna,-8868745192570098937,1
vandrama_,4507288083750397814,1
vane___96,6578396557409816093,1
vanejuice,-4501219995106549403,1
vanessa36958287,5939700134381456023,1
vanganel,5131918161385118266,1
vanni722,3866692016113301317,1
vant4egogh,-8274713520616490192,1
vantodimilano,-8910094437339396359,1
vapormar,7885578872779447557,2
varu_chan,-8423644144651263550,1
vatiicancameos,411716215743565502,1
vavotti,-6609731566166610052,1
vdoodoooooo,-3224284303133237,1
vdprofile,1853888130585976219,1
vecchiecanzoni,-657897134603215926,1
vecchiocuore,-1009012252930316718,1
vediunpoettino,7780113684498317689,2
vedolaluce,-5694454208110126977,1
velvetwlce,176001809721101089,1
velvetxcr0wbar,-472182077194604035,1
venariap,7916643596798083193,1
vendutoschifoso,440682835948575286,1
venerabilej,4441663839516090103,2
veneredirimmel_,-6275586632216279319,1
venky_poojaa,-6827834601136698660,1
ventargenteo,-5694786577942878480,3
verdeocchio,-7834099649809476116,1
verdirameandrea,3192868782261643188,2
veronica_pozze,2824457734724500410,1
veronica_rosset,2306279957447538046,1
veronicamessi15,-3225474417302932258,1
veronikakubo,3623432323388232677,1
veronique__94,-2772468330700314025,1
verooonicasv,2712978990789830299,2
verop223,7976040036470046187,1
verorulez,-5114377321265222561,1
vespaioil,5738019536702448802,1
vessioantonio,-4937116932486098942,2
vetteclerc,-1707609385528569853,2
vg_blackmagic,4071458826189388930,1
vi84961422,-9019883076979972758,1
viaconpeter,748631810288119162,1
viceitaly,-6167948102300520401,1
vickiegogreen,4610803536415556750,3
vickyamanajwa,9017775194650047727,1
vicolociecoo__,-6352444671139864194,1
vicozanetti,8594174146557224391,1
victor60362890,8455688650112047241,1
victorchumps,-7820397601654607327,1
vienampieh,-6507976989483660959,1
viirgiinia__,-8207127129072666377,1
villacalendasco,-960320974802426570,1
villagegreen967,-8920561620017165024,1
villasantacomun,5836507929758385860,1
viloangela,5535670963666957495,1
vin_spinola,-9055407815114370265,1
vincenz02550520,-7897350558489738285,6
vincenz94103912,3253174581935204157,1
vincenzocarbo,7560641649516518358,1
vincereelezioni,7218199814091603609,1
vincycernic95,-3176223479836556427,1
vindemon_,4022946720553207816,6
violaa4h,2256851348914522362,1
violamartina99,3172136607724669155,1
violeth04221402,7561938605182447233,1
viperaevanesca3,-2804455202768798842,1
viperlando,-8002821635915881642,2
viperstephany,8714012261909761161,1
virgiliozanni,-1251502402958736014,1
virginia_dizi,4248148400188774053,1
virtual_14,-8188263846341531181,1
virus1979c,-4191275399390514654,2
vishalsp10,1758273204733848274,1
vitaaeris,6802983212523652885,1
vitadileog,7950588582973626032,2
vito82165510,4480006869264798535,1
vitofoschi,-1721897076464180627,1
vitoofwall82,5824150885145207303,1
vitosemeraro7,7539418333451135311,4
vittigiaiotti,-605659341341325768,2
vittoriarusso11,5309507067129585853,1
vittoriatom,-5663412348353524430,1
vittorio141164,-8767658265140784305,1
vittoriochimico,-8331002175953154844,1
vittoriococive1,2502290234325481020,5
viverefano,5632892024049131391,1
viviana0444,4797389993492349987,1
vivodinotte9,-6748408466615502195,1
vladimurtas,2781394050555627232,2
vm1382,3547827094215768750,1
vmangiapia,8813746294218150325,1
vmbzzz,-5068658167642008758,1
vmniee,3096956638249016368,2
vocedelpatriota,8407205557239049900,1
voceiddio,-917435208621958288,2
vocelaziale,689446701619735630,3
vodkabecca,-29706944900266498,1
vodkastrvight,-5562852391731747453,6
vogliodelsushi,-8200972616564512813,1
voidcriis,-4679891877697582920,1
voidxgiulia,2951943879204982548,1
voidxkiara,6273321681680140195,1
vojcehar,-2063813136691209903,2
voladiis,-7908208372850427949,1
volareass,-6509971719903111506,1
voltoincognito,-7831124195134484793,2
voninwonderland,-3557668728154990810,1
voragano,7172053881446714264,5
voroklimef,4468838638339484861,1
vorreifederico,6302833780451533453,1
vprivaci,-3262177435247003928,2
vrmy_nevermjnd,-7786083276438342144,1
vsenefrega,257434789646702246,1
vspritzina,-3256385548238936386,1
vuaelle,8240114676028359336,2
vuitxommo,5130383664817053992,1
vukce2304,4788639297710922603,1
vulgombb,-2525847300179249738,1
vuoicustodire,5784167511516865515,1
vvadoacaso,-2093433692265157551,3
vvmm891,-1532243107139068314,1
vvtsukki,6581391387462980659,1
vxlooou,7347363528980734294,1
vxrtigini,69266440092052908,2
w00una,4304703120720898509,1
waanaaw,-1080632054896544316,1
waitingdecember,7286808576163771375,1
walden58,6497686527804325683,2
walkingintheblu,7492748471983274586,2
wallano,-1227814730097532184,1
wallkarinaas,-3397350775137825077,1
wallsxross,6597079952955228208,1
wally41112038,619464155995697339,1
walmartasirint,-6108325611619308300,1
walterborso,-1634234741762117949,1
walterwhiteita,8470704969267981723,1
wangyuls,649518246965094803,1
waterlawd_,-4752174758960317704,1
watevmelonsuga,2580772704669422213,1
wavesreche,1141531164963091875,2
wctsxn,-6293079287290369890,1
wdymix,-87222241339102699,1
weasleydivino,-6960337248262024350,1
weevil_forbix,-7114381781495641108,1
wehewu_el49,6075708536249737218,1
welfarenetwork,1478151150996187525,2
wengerinmontu,-6005066740548971338,1
wesatimes,7844907541864606363,1
wesofjne,-8640227654066078792,1
westraymond3,5261744050836353880,3
wfestyles,4906660995450011043,1
wh4lien52_,-7225994382938592056,2
whereisceliaa,-598386624178743383,1
wheresmackenzie,629714931260225898,1
whilecromar,4093836245531980143,2
white_artemis0,2947769537772130434,2
whiteamerica0,1577431485730592329,1
whiteshirt29,4534291066427849032,2
whoviansoul,7971914586876058223,2
whyalwaysmajico,1121431691133661993,1
whyrulookinhere,2596811317093614871,1
whyusedtothis_,638403645323421513,1
wildressdreams,8642013656734406201,1
williamhogws,1426841467619740576,3
willxfearless,-4036618315875959576,1
wintaevbear,-5357553593310842998,1
winterbearvt,6243391072203652257,1
wireditalia,-4617006236676857640,2
witchycores,-5615448722179800314,2
withbaconplease,1646323866897122285,1
wizardsloki,83171114425866615,2
wizardsmj,-5197978113095993802,1
wizxlaugh,-1413426403095333615,1
wjntaerbear,-2604305736545857960,1
wmg_online,-4623170611786369084,1
wolfsxtar,2076003787460868851,1
wonderfulrose_,-7522071091084493594,1
wonhopettit,2070526599855159434,1
woongmate,6619862183807233222,1
woopieyoung,14787236962735521,2
woosbammie,-2059506020321980359,1
wordsitalian,-9129603984751713725,1
wowchecauldu,-5535120343976686214,1
wpknradio,213435192579942274,1
wwefanlol1,-3090628187723074679,1
wxlvesxriri,-4826569054871555279,1
xaidan_,5761283835217285204,1
xbox_series,-8821328518699999160,1
xbwleialoony,3573284933169122485,1
xchansb,2844228440913544689,1
xcloserthanyou,-3561526405502213131,1
xcookiesmorleys,4306177943860911227,2
xdiordepp,-3265823533185831234,2
xdjmalikdjmalik,-1349852578443153961,1
xdrvcomalfoy,4302153148216421757,1
xeenos_,-4273317050007390869,1
xerdan_design,7738324703793147463,1
xflashinglight,-7409983091644123595,1
xhelenadelonge,-3444300442323295465,1
xidialednine,-2926761098577149578,1
xiiicausei,4480520434763746997,1
xiiir3d,-1092109522058859528,2
xion14blade,-2192532078625160765,1
xkejs,177927408932455954,1
xkissyharries,-5414174675489708208,3
xklytia,5306409166521358014,3
xlittle_sweet,1908179370041912384,1
xlouisssmile,-4367776701279199600,2
xlunick,2862492668343944944,1
xmadux,6305003261707277033,1
xmewampi,-6939357713553754705,2
xmhlight,4337286227952887216,1
xmilleuniversii,5310071887028768184,1
xmmagic,2832423050711457493,2
xng3lxr,6503984596740237245,1
xonlythebr4vex,-6542606149930460380,3
xsgmd,123390367724112350,1
xsilvijx,396003597941754285,1
xstupiditalian,-658125238852034451,1
xstylesfeels,1821941565249612012,1
xtebox,-6699490003518549008,1
xthatsvalerie,7648747454241934054,1
xulienne,4675309636436481052,1
xvshii,-1632746861274198222,1
xwisegirl,2898575701410895035,1
xx_dlibyh,-4599106674928409020,3
xxanekii,-4822976293660003665,1
xxlitaexx,3136946971979587568,1
xxmaraurdersmap,6627782516791426086,1
xxoales,1403189269267068031,1
xyleonaomi,6626801540955177388,1
xzaynandi,6920689564342553635,1
yachid0,-5990817692738837456,1
yael_elharrar,5078752267430990229,1
yaenneferx,2815854643540383778,2
yagopology,1596455699775784621,1
yanfry,-1529056626646364989,2
yasmine_alyfree,-5588223779882959735,6
yaxara,-1737257234444642018,2
yeah_itsroberta,-7288453761424493039,1
yehetjongin1,1535336703794871724,3
yenisey74,4009111892379387178,1
yermviese,7454081268390134382,2
yesbreds,-422996606201472607,1
yesiknowmyway65,-5874728709135438316,1
yi_benevolence,4859485252185804989,4
yidhra7,-782919538729740156,1
yinjiuge,-4199552693766188481,1
ylemontenegro,-48975364604027310,1
yloverisk,-2327099854727901990,1
yngbllood,-1506066087781654893,1
yolblog,6994284984737340792,1
yonas07636559,-9054045389466114145,1
yongierosee,2320364176457870300,1
yoongiemoboy,-2550963242245341676,1
yoongisracha,-7146645900880097359,1
yoroisecurity,8910616841945721727,1
youkeepmeright_,4922863685454407608,1
youresogoldenn_,-3396465701632677673,1
youstheantidote,561314350956210053,1
yovrfightisover,3768990278726989431,1
yukheiparadise,7829194479945713588,1
yukiskw219,-6012471827775125622,1
yuko_neeeh,-8932721034409755455,1
yuri8674,-4646719438002137567,3
yusufoner26,-1446813622993582760,1
yutomanga,7073835189734493948,2
yuujaen,720068501647731602,1
yvangoslow24,-2110187923226206459,2
yvun0ian,-3132374982994558221,3
ywngles,8537402034259711178,1
yydwn,-8483076052076989409,1
z0dtvpsqwqdaxcr,-8890517566870221633,1
z1di4n,3573936728847524639,1
zaduanshadan,-1969191327675048029,1
zalesthebard,1739000198878505856,1
zaltrrr,-7274976077989150903,1
zampaz,-1309862816226361249,1
zanellarina,-6407166034070359556,2
zanghigiovanni,1058809899797146363,2
zannazyu,-8366193258628970178,15
zapotek66,-7156277460009786573,2
zaprockme,4277025266379728272,2
zaqq__,2361711715304091250,1
zavoli_anna,2792398091041193802,2
zayastabio,-1096081626403748399,3
zaynxallthat,4634781565959273616,1
zaynxwallst,627606913814697946,1
zazoomblog,5187326659990257716,6
zbarskij,5021274631208683674,1
zdpic,5630123572204086016,1
zeemo_n,-8638649044027980916,1
zemmu,744544907841673979,1
zendayawhatever,8998886965019451006,1
zeniitsu_,-8541518339326555438,1
zeropregi,-6405987541489596419,2
zerounotvmusic,-1184529326576968801,1
zerowidee,227649952298369080,1
zetoni2,-7946544231781869106,2
zettaib,-5010779862000558751,1
zettergol,2152254944178015496,1
zgraphix88,8016482313923744200,1
zhdimenja,-6036440193094249821,1
ziaiaia3,4970590544128766843,2
zialo96,5346637886933501881,1
ziapoop,2191455042900519293,2
ziocain,2137818815557151289,1
ziodemi,8412685340147252519,1
ziomartinelli,2994941534134716652,2
zioslash,-2137903017631743586,1
zisbagliato,4792277405323595990,1
zombiturbo,-5698379032596437203,1
zonajuventina,6204638600640903038,1
zooeyseyes,3975495505974867011,1
zorochan_1,2603891340307043669,3
zorzandogfvip,-2338695693017845589,1
zorzelli2020,8064587504398978311,2
zorzi_gaia,1445578695952216894,1
zorzi_stan,919598465860067438,1
zorzi_tz,7742481614813557620,1
zouishabjt,5813363182327255450,3
zouisvgolden,3328533972133621583,1
zrriicky,-306924660726122958,2
zsavedme,7375776723340586491,1
zucamelo,6751774677366665985,1
zuheir_shammasi,8445756433830331139,1
zulenjw,-2441994716599667009,1
zustinexpiicit,2514804537009768301,2
zzav4,-3651095974264045783,3
zziatizia,-4431198429957842680,7
zzzzzaddie,514793230812697094,1
